row_number	crash_date	crash_report_id	crash_time	collision_type	count_pedestrian	count_bicycle	scooter	wheel_chair	number_of_vehicles	street_or_highway	nearest_intersection	report_date	type_of_roadway	road_surface_condition	light_condition	weather_condition	manner_of_impact	hit_and_run	traffic_control	person_count	injury_count	most_serious_injury	number_of_lanes	lat_raw	lon_raw	has_st_number	is_intersection_null	address_sent_to_geocoder	is_address_blank	lon_api_first_try	lat_api_first_try	type	loctype	address_returned_by_geocoder	address_returned_by_autocomplete	place_ids_autocompleted	lat_api_second_try	lon_api_second_try	lat_api_best	lon_api_best	api_coord_conf	distance_btwn_coords_meters
907	2019-09-23	797431	16:43:00	Pedestrian	1	NA	FALSE	FALSE	1	Empire Street	BROADWAY	2019-09-23	Two-Way , Not Divided	Dry	Daylight	Clear	Other	No	Traffic Control Signal	5	1	Complains Of Pain	NA	41.82255	-71.41742	FALSE	FALSE	Empire Street and Broadway, Providence, RI, USA	FALSE	-71.4177642	41.822755	intersection	geometric_center	empire st & broadway, providence, ri 02903, usa	NA	NA	NA	NA	41.822755	-71.4177642	Med High	36.55253669046096
908	2019-09-22	797245	11:21:00	Pedestrian	1	NA	FALSE	FALSE	1	310 Cranston Street	GILMORE ST	2019-09-22	Two-Way , Not Divided	Dry	Daylight	Clear	Sidwswipe, Opposite Direction	Yes, M/V and Driver Left Scene	No Controls	1	1	Complains Of Pain	NA	41.81336	-71.4281	TRUE	FALSE	310 Cranston Street, Providence, RI, USA	FALSE	-71.4291479	41.8126796	premise	rooftop	310 cranston st, providence, ri 02907, usa	NA	NA	NA	NA	41.8126796	-71.4291479	High	115.30813807423243
909	2019-09-22	797265	15:18:00	Bicycle	NA	1	FALSE	FALSE	1	39 SALMON ST	SALMON ST	2019-09-22	Two-Way , Not Divided	Dry	Daylight	Clear	Not a Collision Between Two Motor Vehicles in Transport	Yes, M/V and Driver Left Scene	No Controls	1	1	Non-Incapacitating	NA	41.82376	-71.45643	TRUE	FALSE	39 Salmon Street, Providence, RI, USA	FALSE	-71.4562159	41.8239235	street_address	rooftop	39 salmon st, providence, ri 02909, usa	NA	NA	NA	NA	41.8239235	-71.4562159	High	25.430474208963886
910	2019-09-21	797187	19:11:00	Pedestrian	1	NA	FALSE	FALSE	1	ATWELLS AVE	DEAN ST	2019-09-21	Two-Way , Not Divided	Dry	Dark - Lighted	Clear	Not a Collision Between Two Motor Vehicles in Transport	No	No Controls	3	0	No Injury	NA	41.82339	-71.4242	FALSE	FALSE	Atwells Ave and Dean Street, Providence, RI, USA	FALSE	-71.4242155	41.8234078	intersection	geometric_center	atwells ave & dean st, providence, ri 02903, usa	NA	NA	NA	NA	41.8234078	-71.4242155	Med High	2.3621190603671844
911	2019-09-20	797129	20:18:00	Bicycle	NA	1	FALSE	FALSE	1	BELLEVUE AVE	DEXTER ST	2019-09-20	Two-Way , Not Divided	Dry	Dark - Lighted	Clear	Not a Collision Between Two Motor Vehicles in Transport	Yes, M/V and Driver Left Scene	Stop Signs	2	1	Non-Incapacitating	NA	41.80744	-71.42869	FALSE	FALSE	Bellevue Ave and Dexter Street, Providence, RI, USA	FALSE	-71.42869639999999	41.8074483	intersection	geometric_center	dexter st & bellevue ave, providence, ri 02907, usa	NA	NA	NA	NA	41.8074483	-71.42869639999999	Med High	1.0656921028267463
912	2019-09-20	802995	19:22:00	Bicycle	NA	1	FALSE	FALSE	1	ELMWOOD AVE	ROGER WILLIAMS AVE	2019-09-20	Two-Way, Divided, Positive Median Barrier	Dry	Dark - Lighted	Clear	Not a Collision Between Two Motor Vehicles in Transport	Yes, M/V and Driver Left Scene	Traffic Control Signal	1	1	Complains Of Pain	NA	41.7883	-71.4209	FALSE	FALSE	Elmwood Ave and Roger Williams Ave, Providence, RI, USA	FALSE	-71.4209033	41.7885278	intersection	geometric_center	roger williams ave & elmwood ave, providence, ri 02907, usa	NA	NA	NA	NA	41.7885278	-71.4209033	Med High	25.360059203517146
913	2019-09-19	797015	08:33:00	Pedestrian	1	NA	FALSE	FALSE	1	STATE ST	SMITH ST	2019-09-19	One-Way Trafficway	Dry	Daylight	Clear	Other	No	Stop Signs	3	1	Non-Incapacitating	1	41.83158	-71.41284	FALSE	FALSE	State Street and Smith Street, Providence, RI, USA	FALSE	-71.4128107	41.8315462	intersection	geometric_center	state st & smith st, providence, ri 02908, usa	NA	NA	NA	NA	41.8315462	-71.4128107	Med High	4.479226405995616
914	2019-09-19	797016	08:44:00	Bicycle	NA	1	FALSE	FALSE	1	PUBLIC ST	I 95 N	2019-09-19	Two-Way , Not Divided	Dry	Daylight	Cloudy	Angle (Front - to - Side) Right Angle (Includes Broadside)	No	Traffic Control Signal	2	1	Complains Of Pain	NA	41.80821	-71.40371	FALSE	FALSE	Public Street and I 95 N, Providence, RI, USA	FALSE	-71.4036206	41.8082262	street_address	range_interpolated	95 public st, providence, ri 02903, usa	NA	NA	NA	NA	41.8082262	-71.4036206	Med High	7.634058780476829
915	2019-09-19	797024	13:41:00	Bicycle	NA	1	FALSE	FALSE	1	53 Harold Street	Harold St	2019-09-19	Two-Way , Not Divided	Dry	Daylight	Clear	Not a Collision Between Two Motor Vehicles in Transport	No	No Controls	3	1	Complains Of Pain	1	NA	NA	TRUE	FALSE	53 Harold Street, Providence, RI, USA	FALSE	-71.4380996	41.8285669	premise	rooftop	53 harold st, providence, ri 02908, usa	NA	NA	NA	NA	41.8285669	-71.4380996	High	NA
916	2019-09-17	796787	07:46:00	Pedestrian	1	NA	FALSE	FALSE	1	CRANSTON ST	BRIDGHAM ST	2019-09-17	Two-Way, Divided, Unprotected (painted>4feet) Medium	Dry	Daylight	Clear	Not a Collision Between Two Motor Vehicles in Transport	No	Traffic Control Signal	4	1	Complains Of Pain	NA	41.81396	-71.42694	FALSE	FALSE	Cranston Street and Bridgham Street, Providence, RI, USA	FALSE	-71.426947	41.8139796	intersection	geometric_center	cranston st & bridgham st, providence, ri 02907, usa	NA	NA	NA	NA	41.8139796	-71.426947	Med High	2.2578356769984347
917	2019-09-17	796855	21:56:00	Bicycle	NA	1	FALSE	FALSE	1	SOUTH ST	RICHMOND ST	2019-09-17	Two-Way , Not Divided	Dry	Dark - Lighted	Clear	Not a Collision Between Two Motor Vehicles in Transport	No	Stop Signs	3	1	Complains Of Pain	NA	41.81737	-71.40785	FALSE	FALSE	South Street and Richmond Street, Providence, RI, USA	FALSE	-71.4078372	41.817371	intersection	geometric_center	richmond st & south st, providence, ri 02903, usa	NA	NA	NA	NA	41.817371	-71.4078372	Med High	1.0677516439238655
918	2019-09-16	796739	16:30:00	Bicycle	NA	NA	FALSE	FALSE	2	N MAIN ST	MEETING ST	2019-09-16	Two-Way , Not Divided	Dry	Daylight	Clear	Sideswipe, Same Direction	No	No Controls	3	1	Complains Of Pain	NA	41.82849	-71.40959	FALSE	FALSE	N Main Street and Meeting Street, Providence, RI, USA	FALSE	-71.4038461	41.8289622	route	geometric_center	meeting st, providence, ri, usa	North Main Street & Meeting Street, Providence, RI, USA	EjdOb3J0aCBNYWluIFN0cmVldCAmIE1lZXRpbmcgU3RyZWV0LCBQcm92aWRlbmNlLCBSSSwgVVNBImYiZAoUChIJgTz3exdF5IkRhC1SotOgzicSFAoSCYE893sXReSJEYQtUqLToM4nGhQKEgn5-kE93kTkiRFf162-DVwjPxoUChIJc2M83SJF5IkRnB0VpdvcM7siCg3mhe4YFTbDb9U	41.828503	-71.4095818	41.828503	-71.4095818	Med	1.5990313470228008
919	2019-09-15	796617	13:23:00	Bicycle	NA	1	FALSE	FALSE	1	GREENWICH ST	BUCKLIN ST	2019-09-15	Two-Way , Not Divided	Dry	Daylight	Clear	Angle (Front - to - Side) Right Angle (Includes Broadside)	No	Traffic Control Signal	6	1	Complains Of Pain	NA	41.80237	-71.42609	FALSE	FALSE	Greenwich Street and Bucklin Street, Providence, RI, USA	FALSE	-71.4276553	41.8023399	intersection	geometric_center	bucklin st & greenwich st, providence, ri 02907, usa	NA	NA	NA	NA	41.8023399	-71.4276553	Med High	129.93643588548707
920	2019-09-14	795544	15:16:00	Pedestrian	1	NA	FALSE	FALSE	1	SERVICE ROAD 8	BROAD ST	2019-09-14	One-Way Trafficway	Wet	Daylight	Rain	Not a Collision Between Two Motor Vehicles in Transport	No	Traffic Control Signal	4	1	Non-Incapacitating	NA	41.818	-71.41637	FALSE	FALSE	Service Road 8 and Broad Street, Providence, RI, USA	FALSE	-71.41497679999999	41.819365	street_address	range_interpolated	8 broad st, providence, ri 02903, usa	NA	NA	NA	NA	41.819365	-71.41497679999999	Med High	190.9147143556554
921	2019-09-14	796573	19:31:00	Bicycle	NA	2	FALSE	FALSE	1	FISK ST	BERNARD ST	2019-09-14	Two-Way , Not Divided	Wet	Dark - Unknown Lighting	Rain	Not a Collision Between Two Motor Vehicles in Transport	No	Stop Signs	4	2	Non-Incapacitating	NA	41.79002	-71.40751	FALSE	FALSE	Fisk Street and Bernard Street, Providence, RI, USA	FALSE	-71.4075022	41.79003	intersection	geometric_center	bernard st & fisk st, providence, ri 02905, usa	NA	NA	NA	NA	41.79003	-71.4075022	Med High	1.2877572779321242
922	2019-09-13	795476	07:32:00	Pedestrian	1	NA	FALSE	FALSE	1	NARRAGANSETT BLVD	CALIFORNIA AVE	2019-09-13	Two-Way , Not Divided	Dry	Daylight	Cloudy	Not a Collision Between Two Motor Vehicles in Transport	No	No Controls	2	1	Complains Of Pain	NA	41.7892	-71.39606	FALSE	FALSE	Narragansett Blvd and California Ave, Providence, RI, USA	FALSE	-71.3961032	41.7893524	intersection	geometric_center	california ave & narragansett blvd, providence, ri 02905, usa	NA	NA	NA	NA	41.7893524	-71.3961032	Med High	17.33986121258133
923	2019-09-13	795511	17:53:00	Pedestrian	1	NA	FALSE	FALSE	1	VALLEY ST	DELAINE ST	2019-09-13	Two-Way , Not Divided	Dry	Daylight	Clear	Not a Collision Between Two Motor Vehicles in Transport	No	Stop Signs	3	1	Non-Incapacitating	NA	41.81951	-71.4405	FALSE	FALSE	Valley Street and Delaine Street, Providence, RI, USA	FALSE	-71.44050340000001	41.8195248	intersection	geometric_center	delaine st & valley st, providence, ri 02909, usa	NA	NA	NA	NA	41.8195248	-71.44050340000001	Med High	1.6714997868991566
924	2019-09-12	795441	23:14:00	Pedestrian	1	NA	FALSE	FALSE	1	Oakland Ave.	CHAD BROWN ST	2019-09-13	Two-Way , Not Divided	Dry	Dark - Lighted	Clear	Not a Collision Between Two Motor Vehicles in Transport	Yes, M/V and Driver Left Scene	No Controls	2	1	Non-Incapacitating	NA	41.8389	-71.42936	FALSE	FALSE	Oakland Ave. and Chad Brown Street, Providence, RI, USA	FALSE	-71.4293644	41.8389192	intersection	geometric_center	oakland ave & chad brown st, providence, ri 02908, usa	NA	NA	NA	NA	41.8389192	-71.4293644	Med High	2.168262378304907
925	2019-09-08	795002	00:58:00	Bicycle	NA	1	FALSE	FALSE	1	BRANCH AVE	95 SOUTH ON-RAMP	2019-09-08	One-Way Trafficway	Dry	Dark - Lighted	Clear	Not a Collision Between Two Motor Vehicles in Transport	No	No Controls	2	1	Non-Incapacitating	NA	41.85064	-71.42521	FALSE	FALSE	Branch Ave and 95 South On-Ramp, Providence, RI, USA	FALSE	-71.4228521	41.8515249	route	geometric_center	branch ave, providence, ri 02904, usa	NA	NA	NA	NA	41.8515249	-71.4228521	Med	218.92993216369058
926	2019-09-05	794790	22:59:00	Pedestrian	1	NA	FALSE	FALSE	1	KENNEDY PLAZA	DORRANCE ST	2019-09-06	One-Way Trafficway	Dry	Dark - Lighted	Clear	Not a Collision Between Two Motor Vehicles in Transport	No	No Controls	3	1	Complains Of Pain	NA	41.82415	-71.41232	FALSE	FALSE	Kennedy Plaza and Dorrance Street, Providence, RI, USA	FALSE	-71.4123255	41.8241358	intersection	geometric_center	kennedy plaza & dorrance st, providence, ri 02903, usa	NA	NA	NA	NA	41.8241358	-71.4123255	Med High	1.645264037640666
927	2019-09-03	794517	03:47:00	Pedestrian	1	NA	FALSE	FALSE	1	551 North Main ST	N MAIN ST	2019-09-03	Two-Way, Divided, Positive Median Barrier	Wet	Dark - Lighted	Rain	Not a Collision Between Two Motor Vehicles in Transport	Yes, M/V and Driver Left Scene	No Controls	1	1	Complains Of Pain	NA	41.8371	-71.4095	TRUE	FALSE	551 North Main Street, Providence, RI, USA	FALSE	-71.40916179999999	41.8363221	street_address	rooftop	551 n main st, providence, ri 02904, usa	NA	NA	NA	NA	41.8363221	-71.40916179999999	High	91.02504715922575
928	2019-09-02	794476	00:12:00	Bicycle	NA	1	FALSE	FALSE	1	Elmwood Ave	Roger Williams Ave	2019-09-02	Two-Way, Divided, Unprotected (painted>4feet) Medium	Dry	Dark - Lighted	Clear	Not a Collision Between Two Motor Vehicles in Transport	Yes, M/V and Driver Left Scene	No Controls	2	1	Complains Of Pain	NA	41.78767	-71.42041	FALSE	FALSE	Elmwood Ave and Roger Williams Ave, Providence, RI, USA	FALSE	-71.4209033	41.7885278	intersection	geometric_center	roger williams ave & elmwood ave, providence, ri 02907, usa	NA	NA	NA	NA	41.7885278	-71.4209033	Med High	103.89789926568072
929	2019-09-01	794424	02:08:00	Pedestrian	1	NA	FALSE	FALSE	1	1193 Eddy Street	NA	2019-09-01	Two-Way , Not Divided	Dry	Dark - Lighted	Clear	Not a Collision Between Two Motor Vehicles in Transport	Yes, M/V and Driver Left Scene	No Controls	2	1	Incapacitating	NA	41.79321	-71.40396	TRUE	TRUE	1193 Eddy Street, Providence, RI, USA	FALSE	-71.4042238	41.7931396	premise	rooftop	1193 eddy st, providence, ri 02905, usa	NA	NA	NA	NA	41.7931396	-71.4042238	High	23.254373588546702
930	2019-09-01	794468	19:42:00	Pedestrian	1	NA	FALSE	FALSE	1	HAMMOND ST	DIVISION ST	2019-09-01	Two-Way , Not Divided	Dry	Dark - Lighted	Cloudy	Not a Collision Between Two Motor Vehicles in Transport	No	Stop Signs	4	1	Complains Of Pain	NA	41.81507	-71.42855	FALSE	FALSE	Hammond Street and Division Street, Providence, RI, USA	FALSE	-71.428535	41.8150799	intersection	geometric_center	division st & hammond st, providence, ri 02909, usa	NA	NA	NA	NA	41.8150799	-71.428535	Med High	1.662322528429402
931	2019-08-31	793399	16:13:00	Pedestrian	1	NA	FALSE	FALSE	1	PLAINFIELD STREET	KILLINGLY ST	2019-08-31	Two-Way, Divided, Unprotected (painted>4feet) Medium	Dry	Daylight	Clear	Not a Collision Between Two Motor Vehicles in Transport	No	No Controls	2	1	Non-Incapacitating	NA	41.81265	-71.45897	FALSE	FALSE	Plainfield Street and Killingly Street, Providence, RI, USA	FALSE	-71.4589726	41.8126703	intersection	geometric_center	killingly st & plainfield st, providence, ri 02909, usa	NA	NA	NA	NA	41.8126703	-71.4589726	Med High	2.2700587636793
932	2019-08-30	793244	09:40:00	Pedestrian	1	NA	FALSE	FALSE	1	Allens Avenue	Georgia Avenue	2019-08-30	Two-Way, Divided, Unprotected (painted>4feet) Medium	Dry	Daylight	Clear	Not a Collision Between Two Motor Vehicles in Transport	No	Stop Signs	2	1	Complains Of Pain	2	NA	NA	FALSE	FALSE	Allens Avenue and Georgia Avenue, Providence, RI, USA	FALSE	-71.3970245	41.792156	intersection	geometric_center	georgia ave & allens ave, providence, ri 02905, usa	NA	NA	NA	NA	41.792156	-71.3970245	Med High	NA
933	2019-08-29	793187	14:54:00	Pedestrian	1	NA	FALSE	FALSE	1	863 BROAD STREET	OXFORD ST	2019-08-29	Two-Way, Divided, Unprotected (painted>4feet) Medium	Dry	Daylight	Clear	Not a Collision Between Two Motor Vehicles in Transport	Yes, M/V and Driver Left Scene	No Controls	2	1	Complains Of Pain	NA	41.80061	-71.41763	TRUE	FALSE	863 Broad Street, Providence, RI, USA	FALSE	-71.4176374	41.8002511	premise	rooftop	863 broad st, providence, ri 02907, usa	NA	NA	NA	NA	41.8002511	-71.4176374	High	39.95728443151029
934	2019-08-29	793201	10:00:00	Pedestrian	1	NA	FALSE	FALSE	1	DEAN ST	ATWELLS AVE	2019-08-29	Two-Way, Not Divided With a Continuous Left Turn Lane	Dry	Dark - Lighted	Clear	Not a Collision Between Two Motor Vehicles in Transport	No	Traffic Control Signal	6	1	Complains Of Pain	NA	41.82341	-71.42423	FALSE	FALSE	Dean Street and Atwells Ave, Providence, RI, USA	FALSE	-71.4242155	41.8234078	intersection	geometric_center	atwells ave & dean st, providence, ri 02903, usa	NA	NA	NA	NA	41.8234078	-71.4242155	Med High	1.2275355391811231
935	2019-08-25	792734	00:56:00	Pedestrian	1	NA	FALSE	FALSE	1	ORMS ST	CANDACE ST	2019-08-25	Two-Way , Not Divided	Dry	Dark - Lighted	Clear	Other	Yes, M/V and Driver Left Scene	No Controls	3	1	Complains Of Pain	NA	41.83378	-71.42189	FALSE	FALSE	Orms Street and Candace Street, Providence, RI, USA	FALSE	-71.42186199999999	41.8337901	intersection	geometric_center	candace st & orms st, providence, ri 02908, usa	NA	NA	NA	NA	41.8337901	-71.42186199999999	Med High	2.58022726197021
936	2019-08-25	793135	14:40:00	Pedestrian	1	NA	FALSE	FALSE	1	HAUXHURST AVE	LAUREL HILL AVE	2019-08-29	One-Way Trafficway	Dry	Daylight	Clear	Not a Collision Between Two Motor Vehicles in Transport	No	No Controls	2	1	Non-Incapacitating	NA	41.82179	-71.4554	FALSE	FALSE	Hauxhurst Ave and Laurel Hill Ave, Providence, RI, USA	FALSE	-71.4525408	41.8067975	route	geometric_center	laurel hill ave, providence, ri, usa	NA	NA	NA	NA	41.8067975	-71.4525408	Med	1685.732085638851
937	2019-08-23	792659	20:38:00	Bicycle	NA	1	FALSE	FALSE	1	PONAGANSETT AVE / DRESSER ST	PONAGANSETT AVE	2019-08-23	Two-Way , Not Divided	Dry	Dusk	Clear	Not a Collision Between Two Motor Vehicles in Transport	No	No Controls	2	1	Complains Of Pain	NA	41.81979	-71.4584	FALSE	FALSE	Ponagansett Ave / Dresser Street and Ponagansett Ave, Providence, RI, USA	FALSE	-71.72369197795871	41.84190253851529	establishment	approximate	ponaganset river, rhode island, usa	NA	NA	NA	NA	41.84190253851529	-71.72369197795871	Med	22142.164334876856
938	2019-08-16	791989	14:50:00	Bicycle	NA	1	FALSE	FALSE	1	ELMWOOD AVE	WILSON STREET	2019-08-16	Two-Way , Not Divided	Dry	Daylight	Clear	Not a Collision Between Two Motor Vehicles in Transport	Yes, M/V and Driver Left Scene	No Controls	1	1	Complains Of Pain	NA	41.81119	-71.42317	FALSE	FALSE	Elmwood Ave and Wilson Street, Providence, RI, USA	FALSE	-71.42317059999999	41.8112147	intersection	geometric_center	wilson st & elmwood ave, providence, ri 02907, usa	NA	NA	NA	NA	41.8112147	-71.42317059999999	Med High	2.750042059040375
939	2019-08-16	792001	15:48:00	Bicycle	NA	1	FALSE	FALSE	1	F C GREENE MEMORIAL BLVD	CARR ST	2019-08-16	Two-Way , Not Divided	Dry	Daylight	Clear	Not a Collision Between Two Motor Vehicles in Transport	No	No Controls	3	1	Incapacitating	NA	41.78713	-71.41026	FALSE	FALSE	F C Greene Memorial Blvd and Carr Street, Providence, RI, USA	FALSE	-71.4102624	41.7871584	intersection	geometric_center	carr st & f c greene memorial blvd, providence, ri 02905, usa	NA	NA	NA	NA	41.7871584	-71.4102624	Med High	3.1677433794458367
940	2019-08-16	792184	20:13:00	Pedestrian	1	NA	FALSE	FALSE	1	FRANCIS ST	AMERICAN EXPRESS PLZ	2019-08-19	Two-Way, Divided, Unprotected (painted>4feet) Medium	Dry	Daylight	Clear	Not a Collision Between Two Motor Vehicles in Transport	No	Traffic Control Signal	4	1	Complains Of Pain	NA	41.82741	-71.41541	FALSE	FALSE	Francis Street and American Express Plz, Providence, RI, USA	FALSE	-71.4128343	41.8239891	locality	approximate	providence, ri, usa	NA	NA	NA	NA	41.8239891	-71.4128343	Med	436.6572833140136
941	2019-08-15	791957	18:41:00	Pedestrian	1	NA	FALSE	FALSE	1	REGENT AVE	HURON ST	2019-08-15	Two-Way , Not Divided	Dry	Daylight	Clear	Not a Collision Between Two Motor Vehicles in Transport	Yes, M/V and Driver Left Scene	No Controls	1	0	No Injury	NA	41.8295	-71.44139	FALSE	FALSE	Regent Ave and Huron Street, Providence, RI, USA	FALSE	-71.44118639999999	41.8295286	intersection	geometric_center	huron st & regent ave, providence, ri 02908, usa	NA	NA	NA	NA	41.8295286	-71.44118639999999	Med High	17.185644581133396
942	2019-08-11	791569	16:26:00	Bicycle	NA	1	FALSE	FALSE	1	N MAIN ST	SMITH ST	2019-08-11	One-Way Trafficway	Dry	Daylight	Clear	Not a Collision Between Two Motor Vehicles in Transport	Yes, M/V and Driver Left Scene	No Controls	1	1	Complains Of Pain	NA	41.8315	-71.41063	FALSE	FALSE	N Main Street and Smith Street, Providence, RI, USA	FALSE	-71.4433053	41.8418141	route	geometric_center	smith st, providence, ri, usa	North Main Street & Smith Street, Providence, RI, USA	EjVOb3J0aCBNYWluIFN0cmVldCAmIFNtaXRoIFN0cmVldCwgUHJvdmlkZW5jZSwgUkksIFVTQSJmImQKFAoSCS8d1QoZReSJEdRbsQ43I3PBEhQKEgkvHdUKGUXkiRHUW7EONyNzwRoUChIJ-fpBPd5E5IkRX9etvg1cIz8aFAoSCbWucExLROSJESG1ozC4jKuEIgoN4_zuGBVEmm_V	41.8315491	-71.41063	41.8315491	-71.41063	Med	5.4657869973266475
943	2019-08-11	791597	20:37:00	Bicycle	NA	1	FALSE	FALSE	1	Plainfield Street	Union Street	2019-08-11	Two-Way, Divided, Unprotected (painted>4feet) Medium	Dry	Dark - Lighted	Clear	Angle (Front - to - Side) Same Direction	No	Stop Signs	4	1	Complains Of Pain	NA	41.8088	-71.46314	FALSE	FALSE	Plainfield Street and Union Street, Providence, RI, USA	FALSE	-71.4134849	41.823235	route	geometric_center	union st, providence, ri 02903, usa	NA	NA	NA	NA	41.823235	-71.4134849	Med	4421.947513028662
944	2019-08-10	791488	17:02:00	Pedestrian	1	NA	FALSE	FALSE	1	Pleasant Valley Parkway	Winrooth Ave	2019-08-10	One-Way Trafficway	Dry	Daylight	Clear	Not a Collision Between Two Motor Vehicles in Transport	Yes, M/V and Driver Left Scene	No Controls	1	0	No Injury	1	41.83545	-71.43677	FALSE	FALSE	Pleasant Valley Parkway and Winrooth Ave, Providence, RI, USA	FALSE	-71.436768	41.8354682	intersection	geometric_center	winrooth ave & pleasant valley pkwy, providence, ri 02908, usa	NA	NA	NA	NA	41.8354682	-71.436768	Med High	2.032794115872236
945	2019-08-10	791503	19:20:00	Pedestrian	1	NA	FALSE	FALSE	1	S MAIN ST	TRANSIT ST	2019-08-10	One-Way Trafficway	Dry	Dusk	Clear	Not a Collision Between Two Motor Vehicles in Transport	Yes, M/V and Driver Left Scene	No Controls	2	1	Non-Incapacitating	NA	41.82012	-71.40301	FALSE	FALSE	S Main Street and Transit Street, Providence, RI, USA	FALSE	-71.4030142	41.8201474	intersection	geometric_center	transit st & s main st, providence, ri 02903, usa	NA	NA	NA	NA	41.8201474	-71.4030142	Med High	3.0699909401167416
946	2019-08-09	791459	22:49:00	Bicycle	NA	1	FALSE	FALSE	1	174 Linwood ave	DEXTER ST	2019-08-10	Two-Way , Not Divided	Dry	Dark - Lighted	Clear	Angle (Front - to - Side) Same Direction	No	No Controls	3	1	Complains Of Pain	NA	41.806	-71.43194	TRUE	FALSE	174 Linwood Ave, Providence, RI, USA	FALSE	-71.4328854	41.8064693	street_address	rooftop	174 linwood ave, providence, ri 02907, usa	NA	NA	NA	NA	41.8064693	-71.4328854	High	94.25092223627715
947	2019-08-08	791398	09:48:00	Bicycle	NA	1	FALSE	FALSE	1	ATWELLS AVE	VALLEY ST	2019-08-08	Two-Way, Divided, Positive Median Barrier	Wet	Dark - Lighted	Cloudy	Other	No	No Controls	4	1	Complains Of Pain	NA	41.82456	-71.4395	FALSE	FALSE	Atwells Ave and Valley Street, Providence, RI, USA	FALSE	-71.4394736	41.8245768	intersection	geometric_center	valley st & atwells ave, providence, ri 02908, usa	NA	NA	NA	NA	41.8245768	-71.4394736	Med High	2.8798584323584038
948	2019-08-07	791294	14:50:00	Bicycle	NA	1	FALSE	FALSE	1	Manton Avenue	Westcott Street	2019-08-07	Two-Way , Not Divided	Dry	Daylight	Clear	Angle (Front - to - Side) Right Angle (Includes Broadside)	No	Stop Signs	3	1	Non-Incapacitating	NA	NA	NA	FALSE	FALSE	Manton Avenue and Westcott Street, Providence, RI, USA	FALSE	-71.4685327	41.8337394	intersection	geometric_center	westcott ave & manton ave, providence, ri 02909, usa	NA	NA	NA	NA	41.8337394	-71.4685327	Med High	NA
949	2019-08-03	790916	14:30:00	Bicycle	NA	1	FALSE	FALSE	1	BROAD ST	LOCKWOOD ST	2019-08-03	Two-Way , Not Divided	Dry	Daylight	Clear	Not a Collision Between Two Motor Vehicles in Transport	Yes, M/V and Driver Left Scene	No Controls	1	1	Complains Of Pain	NA	41.81536	-71.42062	FALSE	FALSE	Broad Street and Lockwood Street, Providence, RI, USA	FALSE	-71.4159924	41.8129685	route	geometric_center	lockwood st, providence, ri, usa	NA	NA	NA	NA	41.8129685	-71.4159924	Med	467.2089484107178
950	2019-08-03	790982	22:30:00	Pedestrian	1	NA	FALSE	FALSE	1	BROAD ST	VERNDALE AVE	2019-08-04	Two-Way, Divided, Unprotected (painted>4feet) Medium	Dry	Dark - Lighted	Clear	Other	Yes, M/V and Driver Left Scene	No Controls	2	1	Incapacitating	NA	41.79177	-71.40668	FALSE	FALSE	Broad Street and Verndale Ave, Providence, RI, USA	FALSE	-71.4094732	41.7897944	route	geometric_center	verndale ave, providence, ri 02905, usa	Broad Street & Verndale Ave, Providence, RI, USA	EjBCcm9hZCBTdHJlZXQgJiBWZXJuZGFsZSBBdmUsIFByb3ZpZGVuY2UsIFJJLCBVU0EiZiJkChQKEgnV00MujU_kiREBe9ZiVX1MqRIUChIJ1dNDLo1P5IkRAXvWYlV9TKkaFAoSCYPefdWMT-SJESyiypOYSwijGhQKEglHfWgak0_kiRFBCAvcx_6DwSIKDWnr6BgV3TRw1Q	41.7917801	-71.4066723	41.7917801	-71.4066723	Med	1.2932620811959086
951	2019-08-02	790756	08:44:00	Bicycle	NA	1	FALSE	FALSE	1	CHAD BROWN STREET	RADCLIFFE AVENUE	2019-08-02	Two-Way , Not Divided	Dry	Daylight	Clear	Angle (Front - to - Side) Right Angle (Includes Broadside)	No	Stop Signs	4	1	Non-Incapacitating	2	41.83349	-71.41682	FALSE	FALSE	Chad Brown Street and Radcliffe Avenue, Providence, RI, USA	FALSE	-71.4311219	41.8393259	intersection	geometric_center	chad brown st & radcliffe ave, providence, ri 02908, usa	NA	NA	NA	NA	41.8393259	-71.4311219	Med High	1352.432837225452