row_number	crash_date	crash_report_id	crash_time	collision_type	count_pedestrian	count_bicycle	scooter	wheel_chair	number_of_vehicles	street_or_highway	nearest_intersection	report_date	type_of_roadway	road_surface_condition	light_condition	weather_condition	manner_of_impact	hit_and_run	traffic_control	person_count	injury_count	most_serious_injury	number_of_lanes	lat_raw	lon_raw	has_st_number	is_intersection_null	address_sent_to_geocoder	is_address_blank	lon_api_first_try	lat_api_first_try	type	loctype	address_returned_by_geocoder	address_returned_by_autocomplete	place_ids_autocompleted	lat_api_second_try	lon_api_second_try	lat_api_best	lon_api_best	api_coord_conf	distance_btwn_coords_meters
1038	2019-04-06	776949	15:17:00	Bicycle	NA	1	FALSE	FALSE	1	RANDALL ST	N MAIN ST	2019-04-06	Two-Way , Not Divided	Dry	Daylight	Clear	Not a Collision Between Two Motor Vehicles in Transport	No	No Controls	2	0	No Injury	NA	41.83806	-71.40982	FALSE	FALSE	Randall Street and N Main Street, Providence, RI, USA	FALSE	-71.37025750000001	41.8264716	establishment	rooftop	105 wilmarth ave, east providence, ri 02914, usa	Randall Street & North Main Street, Providence, RI, USA	EjdSYW5kYWxsIFN0cmVldCAmIE5vcnRoIE1haW4gU3RyZWV0LCBQcm92aWRlbmNlLCBSSSwgVVNBImYiZAoUChIJDY71Lh5F5IkRRD0q_3pm2QwSFAoSCQ2O9S4eReSJEUQ9Kv96ZtkMGhQKEgmXgCFvHkXkiREFR8Ne4aJLqhoUChIJ-fpBPd5E5IkRX9etvg1cIz8iCg2M9-8YFVXBb9U	41.837966	-71.4096299	41.837966	-71.4096299	Med	18.92277765804086
1039	2019-04-05	776852	17:19:00	Pedestrian	1	NA	FALSE	FALSE	1	ATWELLS AVE	MANTON AVE	2019-04-05	Two-Way, Divided, Unprotected (painted>4feet) Medium	Dry	Daylight	Clear	Other	No	No Controls	2	0	No Injury	NA	41.82537	-71.4546	FALSE	FALSE	Atwells Ave and Manton Ave, Providence, RI, USA	FALSE	-71.4541435	41.8252114	intersection	geometric_center	atwells ave & manton ave, providence, ri 02909, usa	NA	NA	NA	NA	41.8252114	-71.4541435	Med High	41.78164681120186
1040	2019-04-04	776735	15:30:00	Pedestrian	1	NA	FALSE	FALSE	1	391 Charles St	SILVER SPRING ST	2019-04-04	Two-Way , Not Divided	Dry	Daylight	Clear	Not a Collision Between Two Motor Vehicles in Transport	No	No Controls	3	1	Complains Of Pain	NA	41.84472	-71.41868	TRUE	FALSE	391 Charles Street, Providence, RI, USA	FALSE	-71.418266	41.8447294	premise	rooftop	391 charles st, providence, ri 02904, usa	NA	NA	NA	NA	41.8447294	-71.418266	High	34.34816170053278
1041	2019-04-04	776738	15:05:00	Bicycle	NA	1	FALSE	FALSE	1	LLOYD AVE	BROWN ST	2019-04-04	Two-Way , Not Divided	Dry	Daylight	Clear	Not a Collision Between Two Motor Vehicles in Transport	No	Stop Signs	3	1	Complains Of Pain	NA	41.83139	-71.40382	FALSE	FALSE	Lloyd Ave and Brown Street, Providence, RI, USA	FALSE	-71.4038222	41.8314108	intersection	geometric_center	brown st & lloyd ave, providence, ri 02906, usa	NA	NA	NA	NA	41.8314108	-71.4038222	Med High	2.3226248709474535
1042	2019-03-28	776129	22:02:00	Pedestrian	1	NA	FALSE	FALSE	1	CALDER ST	GREENWICH ST	2019-03-28	Two-Way , Not Divided	Dry	Dark - Lighted	Clear	Not a Collision Between Two Motor Vehicles in Transport	Yes, M/V and Driver Left Scene	Stop Signs	2	1	Complains Of Pain	NA	41.80225	-71.42992	FALSE	FALSE	Calder Street and Greenwich Street, Providence, RI, USA	FALSE	-71.4299231	41.8022651	intersection	geometric_center	calder st & greenwich st, providence, ri 02907, usa	NA	NA	NA	NA	41.8022651	-71.4299231	Med High	1.700494883305467
1043	2019-03-26	775909	20:49:00	Bicycle	NA	1	FALSE	FALSE	1	RESERVOIR AVE	CRESCENT ST	2019-03-26	Two-Way , Not Divided	Dry	Dark - Lighted	Clear	Not a Collision Between Two Motor Vehicles in Transport	Yes, M/V and Driver Left Scene	No Controls	2	0	No Injury	NA	41.79139	-71.42829	FALSE	FALSE	Reservoir Ave and Crescent Street, Providence, RI, USA	FALSE	-71.42829689999999	41.7914049	intersection	geometric_center	reservoir ave & crescent st, providence, ri 02907, usa	NA	NA	NA	NA	41.7914049	-71.42829689999999	Med High	1.7547413246765486
1044	2019-03-20	775292	17:18:00	Bicycle	NA	NA	FALSE	FALSE	2	GEORGE ST	GOVERNOR ST	2019-03-20	Two-Way , Not Divided	Dry	Daylight	Clear	Not a Collision Between Two Motor Vehicles in Transport	No	Stop Signs	2	0	No Injury	NA	41.82586	-71.39386	FALSE	FALSE	George Street and Governor Street, Providence, RI, USA	FALSE	-71.3940564	41.8243217	route	geometric_center	governor st, providence, ri, usa	George Street & Governor Street, Providence, RI, USA	EjRHZW9yZ2UgU3RyZWV0ICYgR292ZXJub3IgU3RyZWV0LCBQcm92aWRlbmNlLCBSSSwgVVNBImYiZAoUChIJD4USBDBF5IkRDsK4Bxda-JoSFAoSCQ-FEgQwReSJEQ7CuAcXWviaGhQKEgnH6iRjO0XkiRGyZ442LkmUZRoUChIJDdfTdjBF5IkRJOofm93bdSIiCg0-Hu4YFWspctU	41.8258494	-71.3938581	41.8258494	-71.3938581	Med	1.1904659697279618
1045	2019-03-15	772880	16:03:00	Pedestrian	1	NA	FALSE	FALSE	1	FEDERAL STREET	WEEDEN ST	2019-03-15	Two-Way , Not Divided	Dry	Daylight	Clear	Not a Collision Between Two Motor Vehicles in Transport	No	No Controls	3	1	Complains Of Pain	NA	41.82238	-71.4245	FALSE	FALSE	Federal Street and Weeden Street, Providence, RI, USA	FALSE	-71.4249152	41.8224064	intersection	geometric_center	weeden st & federal st, providence, ri 02903, usa	NA	NA	NA	NA	41.8224064	-71.4249152	Med High	34.56889504429434
1046	2019-03-15	772907	19:07:00	Pedestrian	1	NA	FALSE	FALSE	1	POTTERS AVE	GORDON AVE	2019-03-15	Two-Way , Not Divided	Wet	Dark - Lighted	Rain	Not a Collision Between Two Motor Vehicles in Transport	Yes, M/V and Driver Left Scene	Pavement Markings	2	1	Complains Of Pain	NA	41.80372	-71.41576	FALSE	FALSE	Potters Ave and Gordon Ave, Providence, RI, USA	FALSE	-71.4157433	41.8037392	intersection	geometric_center	potters ave & gordon ave, providence, ri 02905, usa	NA	NA	NA	NA	41.8037392	-71.4157433	Med High	2.5472729632150926
1047	2019-03-15	772918	19:36:00	Pedestrian	1	NA	FALSE	FALSE	1	Charles St	W River St	2019-03-15	Two-Way, Divided, Unprotected (painted>4feet) Medium	Wet	Dark - Lighted	Clear	Not a Collision Between Two Motor Vehicles in Transport	No	No Controls	3	1	Non-Incapacitating	NA	41.83961	-71.41638	FALSE	FALSE	Charles Street and W River Street, Providence, RI, USA	FALSE	-71.4140946	41.8434958	route	geometric_center	w river st, providence, ri 02904, usa	Charles Street & West River Street, Providence, RI, USA	EjdDaGFybGVzIFN0cmVldCAmIFdlc3QgUml2ZXIgU3RyZWV0LCBQcm92aWRlbmNlLCBSSSwgVVNBImYiZAoUChIJn_PVYR1F5IkRV_lekQ3QEwQSFAoSCZ_z1WEdReSJEVf5XpEN0BMEGhQKEgl1C85s8UTkiRHLZMsuNVX9MhoUChIJgxzLm-NE5IkRpKt9jzlEBwUiCg0jOPAYFZe3btU	41.8396195	-71.4164329	41.8396195	-71.4164329	Med	4.51290362633018
1048	2019-03-14	772696	12:49:00	Pedestrian	1	NA	FALSE	FALSE	1	COLLEGE ST	MEMORIAL BLVD	2019-03-14	Two-Way , Not Divided	Dry	Daylight	Clear	Not a Collision Between Two Motor Vehicles in Transport	No	Traffic Control Signal	3	1	Complains Of Pain	NA	41.8253	-71.40887	FALSE	FALSE	College Street and Memorial Blvd, Providence, RI, USA	FALSE	-71.4134258	41.8263996	route	geometric_center	memorial blvd, providence, ri 02903, usa	College Street & Memorial Blvd, Providence, RI, USA	EjNDb2xsZWdlIFN0cmVldCAmIE1lbW9yaWFsIEJsdmQsIFByb3ZpZGVuY2UsIFJJLCBVU0EiZiJkChQKEglFd5NeFkXkiRE-ZeYWZ8ZcoxIUChIJRXeTXhZF5IkRPmXmFmfGXKMaFAoSCdHlyy0WReSJEfVO_Fs18GQ-GhQKEgn3LDO1FkXkiRGsznR5eOTavSIKDRUJ7hgVb-Fv1Q	41.8253077	-71.4088081	41.8253077	-71.4088081	Med	5.205856939077887
1049	2019-03-14	772784	20:49:00	Bicycle	NA	1	FALSE	FALSE	1	BROAD ST	CAHIR ST	2019-03-14	Two-Way , Not Divided	Wet	Dark - Lighted	Fog, Smog, Smoke	Not a Collision Between Two Motor Vehicles in Transport	No	Traffic Control Signal	4	0	No Injury	NA	41.81692	-71.41795	FALSE	FALSE	Broad Street and Cahir Street, Providence, RI, USA	FALSE	-71.4189877	41.8178471	route	geometric_center	cahir st, providence, ri 02903, usa	Broad Street & Cahir Street, Providence, RI, USA	EjBCcm9hZCBTdHJlZXQgJiBDYWhpciBTdHJlZXQsIFByb3ZpZGVuY2UsIFJJLCBVU0EiZiJkChQKEglxchb1bUXkiRHx6X_pfAz-ChIUChIJcXIW9W1F5IkR8el_6XwM_goaFAoSCYPefdWMT-SJESyiypOYSwijGhQKEgmx_OtuckXkiRFRWF6nVg1mziIKDXPC7BgVlX5u1Q	41.8169459	-71.41789229999999	41.8169459	-71.41789229999999	Med	5.588231094641271
1050	2019-03-13	772629	13:08:00	Pedestrian	1	NA	FALSE	FALSE	1	164 SUUMMIT ST	NA	2019-03-13	Unknown	Dry	Daylight	Clear	Not a Collision Between Two Motor Vehicles in Transport	No	No Controls	2	1	Complains Of Pain	NA	NA	NA	TRUE	TRUE	164 Suummit Street, Providence, RI, USA	FALSE	-71.3782454	41.8234948	street_address	rooftop	164 summit st, providence, ri 02906, usa	NA	NA	NA	NA	41.8234948	-71.3782454	High	NA
1051	2019-03-12	772576	17:17:00	Pedestrian	1	NA	FALSE	FALSE	1	797 WESTMINSTER ST	CRANSTON ST	2019-03-12	Two-Way, Divided, Positive Median Barrier	Dry	Daylight	Clear	Not a Collision Between Two Motor Vehicles in Transport	No	No Controls	3	1	Non-Incapacitating	NA	41.81786	-71.42095	TRUE	FALSE	797 Westminster Street, Providence, RI, USA	FALSE	-71.42137629999999	41.817895300000004	premise	rooftop	797 westminster st, providence, ri 02903, usa	NA	NA	NA	NA	41.817895300000004	-71.42137629999999	High	35.5846992164824
1052	2019-03-12	772585	17:57:00	Pedestrian	1	NA	FALSE	FALSE	1	W RIVER ST	CORLISS ST	2019-03-12	Two-Way, Divided, Unprotected (painted>4feet) Medium	Dry	Daylight	Clear	Not a Collision Between Two Motor Vehicles in Transport	Yes, M/V and Driver Left Scene	No Controls	1	1	Complains Of Pain	NA	41.84404	-71.41346	FALSE	FALSE	W River Street and Corliss Street, Providence, RI, USA	FALSE	-71.4132504	41.84408029999999	intersection	geometric_center	w river st & corliss st, providence, ri 02904, usa	NA	NA	NA	NA	41.84408029999999	-71.4132504	Med High	17.951499109371298
1053	2019-03-11	772464	21:14:00	Pedestrian	1	NA	FALSE	FALSE	1	UPTON AVE	BLACKSTONE BLVD	2019-03-11	Two-Way, Divided, Positive Median Barrier	Dry	Dark - Lighted	Clear	Not a Collision Between Two Motor Vehicles in Transport	No	No Controls	4	0	No Injury	NA	41.83957	-71.38577	FALSE	FALSE	Upton Ave and Blackstone Blvd, Providence, RI, USA	FALSE	-71.385763	41.8395728	intersection	geometric_center	upton ave & blackstone blvd, providence, ri 02906, usa	NA	NA	NA	NA	41.8395728	-71.385763	Med High	0.6589263404008608
1054	2019-03-09	772185	07:09:00	Bicycle	NA	1	FALSE	FALSE	1	Cromwell Street	Elmwood Avenue	2019-03-09	Two-Way, Divided, Unprotected (painted>4feet) Medium	Dry	Daylight	Clear	Not a Collision Between Two Motor Vehicles in Transport	No	Stop Signs	3	1	Complains Of Pain	1	41.80878	-71.42463	FALSE	FALSE	Cromwell Street and Elmwood Avenue, Providence, RI, USA	FALSE	-71.42464679999999	41.8087783	intersection	geometric_center	cromwell st & elmwood ave, providence, ri 02907, usa	NA	NA	NA	NA	41.8087783	-71.42464679999999	Med High	1.4067609181614813
1055	2019-03-08	772058	06:36:00	Pedestrian	1	NA	FALSE	FALSE	1	HARTFORD AVE	BODELL AVE	2019-03-08	Two-Way , Not Divided	Dry	Daylight	Clear	Not a Collision Between Two Motor Vehicles in Transport	No	Traffic Control Signal	2	2	Non-Incapacitating	NA	41.81768	-71.45395	FALSE	FALSE	Hartford Ave and Bodell Ave, Providence, RI, USA	FALSE	-71.4539423	41.81767929999999	intersection	geometric_center	bodell ave & hartford ave, providence, ri 02909, usa	NA	NA	NA	NA	41.81767929999999	-71.4539423	Med High	0.6435510126342939
1056	2019-03-08	772113	14:20:00	Bicycle	NA	1	FALSE	FALSE	1	244 MASSACHUSETTS AVE	VIRGINIA AVE	2019-03-08	Two-Way , Not Divided	Wet	Daylight	Clear	Other	No	No Controls	3	1	Complains Of Pain	NA	41.78689	-71.39909	TRUE	FALSE	244 Massachusetts Ave, Providence, RI, USA	FALSE	-71.3989046	41.7868053	street_address	rooftop	244 massachusetts ave, providence, ri 02905, usa	NA	NA	NA	NA	41.7868053	-71.3989046	High	18.047591815437936
1057	2019-03-03	771688	20:44:00	Pedestrian	1	NA	FALSE	FALSE	1	408 DOUGLAS AVENUE	NA	2019-03-03	Two-Way , Not Divided	Wet	Dark - Lighted	Snow	Not a Collision Between Two Motor Vehicles in Transport	Yes, M/V and Driver Left Scene	No Controls	1	1	Complains Of Pain	NA	41.84092	-71.42726	TRUE	TRUE	408 Douglas Avenue, Providence, RI, USA	FALSE	-71.4277796	41.8413346	premise	rooftop	408 douglas ave, providence, ri 02908, usa	NA	NA	NA	NA	41.8413346	-71.4277796	High	63.14279174770595
1058	2019-03-02	769622	08:10:00	Pedestrian	1	NA	FALSE	FALSE	1	Dean St	Broadway	2019-03-02	Two-Way , Not Divided	Snow	Daylight	Snow	Not a Collision Between Two Motor Vehicles in Transport	No	Traffic Control Signal	2	1	Complains Of Pain	2	NA	NA	FALSE	FALSE	Dean Street and Broadway, Providence, RI, USA	FALSE	-71.42253099999999	41.821414	intersection	geometric_center	dean st & broadway, providence, ri 02903, usa	NA	NA	NA	NA	41.821414	-71.42253099999999	Med High	NA
1059	2019-03-01	769490	08:06:00	Pedestrian	1	NA	FALSE	FALSE	1	Chester St	Broad St	2019-03-01	Two-Way , Not Divided	Dry	Daylight	Clear	Not a Collision Between Two Motor Vehicles in Transport	No	Stop Signs	2	1	Complains Of Pain	2	NA	NA	FALSE	FALSE	Chester Street and Broad Street, Providence, RI, USA	FALSE	-71.4101636	41.7945838	route	geometric_center	broad st, providence, ri, usa	Chester Avenue & Broad Street, Providence, RI, USA	EjJDaGVzdGVyIEF2ZW51ZSAmIEJyb2FkIFN0cmVldCwgUHJvdmlkZW5jZSwgUkksIFVTQSJmImQKFAoSCdMJjZ18ReSJEQDArDPAH5lBEhQKEgnTCY2dfEXkiREAwKwzwB-ZQRoUChIJf3YuumRF5IkR1DWlPKgc2A4aFAoSCYPefdWMT-SJESyiypOYSwijIgoNpyrrGBVmK27V	41.8065063	-71.4200218	41.8065063	-71.4200218	Med	NA
1060	2019-02-26	769215	10:46:00	Pedestrian	1	NA	FALSE	FALSE	1	Meeting St	Thayer St	2019-02-26	Two-Way , Not Divided	Dry	Daylight	Clear	Not a Collision Between Two Motor Vehicles in Transport	No	No Controls	3	1	Complains Of Pain	2	NA	NA	FALSE	FALSE	Meeting Street and Thayer Street, Providence, RI, USA	FALSE	-71.4007664	41.8291611	intersection	geometric_center	thayer st & meeting st, providence, ri 02906, usa	NA	NA	NA	NA	41.8291611	-71.4007664	Med High	NA
1061	2019-02-25	769159	18:24:00	Pedestrian	1	NA	FALSE	FALSE	1	CHARLES ST	195 NORTH ON RAMP	2019-02-25	One-Way Trafficway	Dry	Dark - Not Lighted	Clear	Not a Collision Between Two Motor Vehicles in Transport	No	No Controls	2	1	Complains Of Pain	NA	41.83696	-71.41315	FALSE	FALSE	Charles Street and 195 North On Ramp, Providence, RI, USA	FALSE	-71.4167284	41.817505	route	geometric_center	i-95, providence, ri, usa	NA	NA	NA	NA	41.817505	-71.4167284	Med	2185.9676814327
1062	2019-02-24	768979	02:57:00	Pedestrian	1	NA	FALSE	FALSE	1	WEYBOSSET ST	RICHMOND ST	2019-02-24	One-Way Trafficway	Dry	Dark - Lighted	Cloudy	Not a Collision Between Two Motor Vehicles in Transport	Yes, M/V and Driver Left Scene	Traffic Control Signal	3	1	Complains Of Pain	NA	41.82112	-71.41289	FALSE	FALSE	Weybosset Street and Richmond Street, Providence, RI, USA	FALSE	-71.4128684	41.8211606	intersection	geometric_center	weybosset st & richmond st, providence, ri 02906, usa	NA	NA	NA	NA	41.8211606	-71.4128684	Med High	4.861836408724698
1063	2019-02-24	769007	12:18:00	Pedestrian	1	NA	FALSE	FALSE	1	GREENWICH ST	PUBLIC ST	2019-02-24	Two-Way , Not Divided	Wet	Daylight	Rain	Not a Collision Between Two Motor Vehicles in Transport	No	Traffic Control Signal	2	1	Complains Of Pain	NA	41.80237	-71.42589	FALSE	FALSE	Greenwich Street and Public Street, Providence, RI, USA	FALSE	-71.4250888	41.8023831	intersection	geometric_center	public st & greenwich st, providence, ri 02907, usa	NA	NA	NA	NA	41.8023831	-71.4250888	Med High	66.50191520602252
1064	2019-02-24	769037	17:51:00	Pedestrian	1	NA	FALSE	FALSE	1	STEEPLE ST	MEMORIAL BLVD	2019-02-24	Two-Way, Divided, Positive Median Barrier	Wet	Dark - Lighted	Cloudy	Not a Collision Between Two Motor Vehicles in Transport	No	Traffic Control Signal	2	1	Complains Of Pain	NA	41.82674	-71.41068	FALSE	FALSE	Steeple Street and Memorial Blvd, Providence, RI, USA	FALSE	-71.4134258	41.8263996	route	geometric_center	memorial blvd, providence, ri 02903, usa	NA	NA	NA	NA	41.8263996	-71.4134258	Med	230.89905169050954
1065	2019-02-22	768791	09:17:00	Pedestrian	1	NA	FALSE	FALSE	1	WICKENDEN ST	TRAVERSE ST	2019-02-22	Two-Way , Not Divided	Dry	Daylight	Clear	Not a Collision Between Two Motor Vehicles in Transport	No	Pavement Markings	3	1	Complains Of Pain	NA	41.81931	-71.39968	FALSE	FALSE	Wickenden Street and Traverse Street, Providence, RI, USA	FALSE	-71.39965029999999	41.819304700000004	intersection	geometric_center	wickenden st & traverse st, providence, ri 02906, usa	NA	NA	NA	NA	41.819304700000004	-71.39965029999999	Med High	2.5335944700387714
1066	2019-02-22	768804	13:20:00	Pedestrian	1	NA	FALSE	FALSE	1	WASHINGTON ST	EDDY ST	2019-02-22	Two-Way , Not Divided	Dry	Daylight	Clear	Not a Collision Between Two Motor Vehicles in Transport	No	Pavement Markings	3	1	Complains Of Pain	NA	41.82402	-71.41339	FALSE	FALSE	Washington Street and Eddy Street, Providence, RI, USA	FALSE	-71.4072274	41.8059506	route	geometric_center	eddy st, providence, ri, usa	Washington Street & Eddy Street, Providence, RI, USA	EjRXYXNoaW5ndG9uIFN0cmVldCAmIEVkZHkgU3RyZWV0LCBQcm92aWRlbmNlLCBSSSwgVVNBImYiZAoUChIJYTKH6BNF5IkR5kp7LeyaeroSFAoSCWEyh-gTReSJEeZKey3smnq6GhQKEgmp2s2cEkXkiREaB9CWoxI09hoUChIJO0x4GWdF5IkRbcddUVrUSsgiCg1e1-0YFXYtb9U	41.82403499999999	-71.41341539999999	41.82403499999999	-71.41341539999999	Med	2.688472335302085
1067	2019-02-22	768844	18:11:00	Pedestrian	1	NA	FALSE	FALSE	1	PARK ROW E	CANAL ST	2019-02-22	Two-Way, Divided, Unprotected (painted>4feet) Medium	Dry	Dark - Lighted	Clear	Other	No	Stop Signs	2	0	No Injury	NA	41.82846	-71.41071	FALSE	FALSE	Park Row E and Canal Street, Providence, RI, USA	FALSE	-71.4106907	41.8284695	intersection	geometric_center	park row w & canal st, providence, ri 02903, usa	NA	NA	NA	NA	41.8284695	-71.4106907	Med High	1.918676662829047
1068	2019-02-21	768695	12:00:00	Pedestrian	1	NA	FALSE	FALSE	1	Newark Street	Valley Street	2019-02-21	Two-Way, Divided, Unprotected (painted>4feet) Medium	Dry	Daylight	Clear	Not a Collision Between Two Motor Vehicles in Transport	No	Pavement Markings	2	1	Complains Of Pain	1	41.82521	-71.43931	FALSE	FALSE	Newark Street and Valley Street, Providence, RI, USA	FALSE	-71.4393041	41.8252323	intersection	geometric_center	valley st & newark st, providence, ri 02908, usa	NA	NA	NA	NA	41.8252323	-71.4393041	Med High	2.5302111883028298
1069	2019-02-20	768549	08:57:00	Bicycle	NA	1	FALSE	FALSE	1	Memorial blvd	Collage St	2019-02-20	Two-Way , Not Divided	Dry	Daylight	Clear	Not a Collision Between Two Motor Vehicles in Transport	No	No Controls	4	1	Complains Of Pain	4	NA	NA	FALSE	FALSE	Memorial Blvd and Collage Street, Providence, RI, USA	FALSE	-71.4088081	41.8253077	intersection	geometric_center	memorial blvd & college st, providence, ri 02903, usa	NA	NA	NA	NA	41.8253077	-71.4088081	Med High	NA
1070	2019-02-16	768060	09:44:00	Pedestrian	1	NA	FALSE	FALSE	1	BROAD ST	PORTLAND ST	2019-02-16	Two-Way , Not Divided	Dry	Daylight	Clear	Not a Collision Between Two Motor Vehicles in Transport	No	No Controls	2	1	Complains Of Pain	NA	41.81425	-71.42124	FALSE	FALSE	Broad Street and Portland Street, Providence, RI, USA	FALSE	-71.419117	41.8129799	route	geometric_center	portland st, providence, ri 02907, usa	Broad Street & Portland Street, Providence, RI, USA	EjNCcm9hZCBTdHJlZXQgJiBQb3J0bGFuZCBTdHJlZXQsIFByb3ZpZGVuY2UsIFJJLCBVU0EiZiJkChQKEgmdnxIBcUXkiRGH5-VJjW7uEBIUChIJnZ8SAXFF5IkRh-flSY1u7hAaFAoSCYPefdWMT-SJESyiypOYSwijGhQKEglhSKowcEXkiRH5umXDAdaKhCIKDfdU7BgVvvht1Q	41.8141431	-71.42131859999999	41.8141431	-71.42131859999999	Med	13.569747321993557
1071	2019-02-16	768115	16:35:00	Bicycle	NA	1	FALSE	FALSE	1	105 Harris Ave	ACORN ST	2019-02-16	Two-Way , Not Divided	Dry	Daylight	Clear	Not a Collision Between Two Motor Vehicles in Transport	No	No Controls	3	1	Incapacitating	NA	41.82607	-71.42889	TRUE	FALSE	105 Harris Ave, Providence, RI, USA	FALSE	-71.42330439999999	41.8273632	street_address	range_interpolated	105 harris ave, providence, ri 02903, usa	NA	NA	NA	NA	41.8273632	-71.42330439999999	High	485.1822371739994
1072	2019-02-15	768043	22:35:00	Pedestrian	1	NA	FALSE	FALSE	1	Gentian Ave	TEXAS AVE	2019-02-15	Two-Way , Not Divided	Wet	Dark - Lighted	Clear	Not a Collision Between Two Motor Vehicles in Transport	No	No Controls	4	1	Complains Of Pain	NA	41.85035	-71.44978	FALSE	FALSE	Gentian Ave and Texas Ave, Providence, RI, USA	FALSE	-71.44976	41.85039889999999	intersection	geometric_center	texas ave & gentian ave, providence, ri 02908, usa	NA	NA	NA	NA	41.85039889999999	-71.44976	Med High	5.690543338072992
1073	2019-02-14	767835	07:31:00	Pedestrian	1	NA	FALSE	FALSE	1	Branch Ave	Woodward Ave	2019-02-14	Two-Way , Not Divided	Dry	Daylight	Clear	Not a Collision Between Two Motor Vehicles in Transport	Yes, M/V and Driver Left Scene	No Controls	3	1	Complains Of Pain	2	NA	NA	FALSE	FALSE	Branch Ave and Woodward Ave, Providence, RI, USA	FALSE	-71.3683222	41.8253109	route	geometric_center	woodward ave, east providence, ri 02914, usa	Branch Avenue & Woodward Road, Providence, RI, USA	EjJCcmFuY2ggQXZlbnVlICYgV29vZHdhcmQgUm9hZCwgUHJvdmlkZW5jZSwgUkksIFVTQSJmImQKFAoSCRv-V7P3ROSJEbAywcuk7pNTEhQKEgkb_lez90TkiRGwMsHLpO6TUxoUChIJ6bTzhflE5IkRun0e3lJDtqgaFAoSCcW010JhROSJESl9PReWtkwFIgoN7FXyGBVM8WzV	41.8534892	-71.42806279999999	41.8534892	-71.42806279999999	Med	NA
1074	2019-02-08	767260	15:27:00	Pedestrian	1	NA	FALSE	FALSE	1	POCASSET AVE	WHAT CHEER AVE	2019-02-08	Unknown	Wet	Daylight	Clear	Not a Collision Between Two Motor Vehicles in Transport	No	No Controls	2	0	No Injury	NA	41.80666	-71.45694	FALSE	FALSE	Pocasset Ave and What Cheer Ave, Providence, RI, USA	FALSE	-71.45673219999999	41.80695009999999	intersection	geometric_center	pocasset ave & what cheer ave, providence, ri 02909, usa	NA	NA	NA	NA	41.80695009999999	-71.45673219999999	Med High	36.60871302739153
1075	2019-02-07	767021	01:22:00	Bicycle	NA	1	FALSE	FALSE	1	BOND ST	ATWELLS AVE	2019-02-07	Two-Way , Not Divided	Wet	Dark - Lighted	Rain	Not a Collision Between Two Motor Vehicles in Transport	Yes, M/V and Driver Left Scene	No Controls	2	1	Complains Of Pain	NA	41.82333	-71.42313	FALSE	FALSE	Bond Street and Atwells Ave, Providence, RI, USA	FALSE	-71.4363598	41.8244829	route	geometric_center	atwells ave, providence, ri, usa	Bond Street & Atwells Ave, Providence, RI, USA	Ei5Cb25kIFN0cmVldCAmIEF0d2VsbHMgQXZlLCBQcm92aWRlbmNlLCBSSSwgVVNBImYiZAoUChIJhz7GjwxF5IkRn6nLeZ_KtU0SFAoSCYc-xo8MReSJEZ-py3mfyrVNGhQKEglDJR-PDEXkiRGOixKkHhnewxoUChIJ7W1EBqJF5IkRRornUFgoCTQiCg3-u-0YFT2ybdU	41.8233342	-71.4231235	41.8233342	-71.4231235	Med	0.7136845485120299
1076	2019-02-07	767117	18:30:00	Bicycle	NA	1	FALSE	FALSE	1	1910 WESTMINSTER ST	NA	2019-02-07	Two-Way , Not Divided	Wet	Dark - Not Lighted	Clear	Not a Collision Between Two Motor Vehicles in Transport	Yes, M/V and Driver Left Scene	No Controls	1	1	Complains Of Pain	NA	41.81666	-71.44223	TRUE	TRUE	1910 Westminster Street, Providence, RI, USA	FALSE	-71.4420585	41.8164177	premise	rooftop	1910 westminster st, providence, ri 02909, usa	NA	NA	NA	NA	41.8164177	-71.4420585	High	30.49549726616136
1077	2019-02-07	767123	17:22:00	Pedestrian	1	NA	FALSE	FALSE	1	DYER AVE	PRUDENCE AVE	2019-02-07	Two-Way , Not Divided	Wet	Dark - Lighted	Rain	Not a Collision Between Two Motor Vehicles in Transport	No	No Controls	3	1	Complains Of Pain	NA	41.80548	-71.45777	FALSE	FALSE	Dyer Ave and Prudence Ave, Providence, RI, USA	FALSE	-71.4577264	41.8055311	intersection	geometric_center	dyer ave & prudence ave, providence, ri 02909, usa	NA	NA	NA	NA	41.8055311	-71.4577264	Med High	6.74145676828538
1078	2019-02-06	766933	12:03:00	Bicycle	NA	1	FALSE	FALSE	1	George St	Hope St	2019-02-06	Two-Way , Not Divided	Dry	Daylight	Clear	Not a Collision Between Two Motor Vehicles in Transport	No	Stop Signs	2	1	Complains Of Pain	2	NA	NA	FALSE	FALSE	George Street and Hope Street, Providence, RI, USA	FALSE	-71.3993016	41.8403661	route	geometric_center	hope st, providence, ri, usa	George Street & Hope Street, Providence, RI, USA	EjBHZW9yZ2UgU3RyZWV0ICYgSG9wZSBTdHJlZXQsIFByb3ZpZGVuY2UsIFJJLCBVU0EiZiJkChQKEgmrO17fOkXkiRFKEUPHX6jYWhIUChIJqzte3zpF5IkRShFDx1-o2FoaFAoSCcfqJGM7ReSJEbJnjjYuSZRlGhQKEgmRo8kFxUTkiRFr4T3VeAKWISIKDYkb7hgVJ6Rx1Q	41.8257801	-71.3972697	41.8257801	-71.3972697	Med	NA
1079	2019-02-06	766983	20:00:00	Pedestrian	1	NA	FALSE	FALSE	1	Thayer St	MANNING WALK	2019-02-06	One-Way Trafficway	Wet	Dark - Lighted	Rain	Not a Collision Between Two Motor Vehicles in Transport	No	Other	5	1	Non-Incapacitating	NA	41.82636	-71.40045	FALSE	FALSE	Thayer Street and Manning Walk, Providence, RI, USA	FALSE	-71.4004563	41.8263877	intersection	geometric_center	thayer st & manning walk, providence, ri 02912, usa	NA	NA	NA	NA	41.8263877	-71.4004563	Med High	3.127520933160634