row_number	crash_date	crash_report_id	crash_time	collision_type	count_pedestrian	count_bicycle	scooter	wheel_chair	number_of_vehicles	street_or_highway	nearest_intersection	report_date	type_of_roadway	road_surface_condition	light_condition	weather_condition	manner_of_impact	hit_and_run	traffic_control	person_count	injury_count	most_serious_injury	number_of_lanes	lat_raw	lon_raw	has_st_number	is_intersection_null	address_sent_to_geocoder	is_address_blank	lon_api_first_try	lat_api_first_try	type	loctype	address_returned_by_geocoder	address_returned_by_autocomplete	place_ids_autocompleted	lat_api_second_try	lon_api_second_try	lat_api_best	lon_api_best	api_coord_conf	distance_btwn_coords_meters
1167	2018-10-31	752544	08:51:00	Bicycle	NA	1	FALSE	FALSE	1	EAST RIVER ST	WATERMAN ST	2018-10-31	Two-Way , Not Divided	Dry	Daylight	Clear	Other	No	No Controls	3	1	Complains Of Pain	2	41.82768	-71.3814	FALSE	FALSE	East River Street and Waterman Street, Providence, RI, USA	FALSE	-71.394672	41.8276277	route	geometric_center	waterman st, providence, ri, usa	NA	NA	NA	NA	41.8276277	-71.394672	Med	1100.9302786606972
1168	2018-10-29	752329	15:29:00	Bicycle	NA	1	FALSE	FALSE	1	PARK ST	PROMENADE ST	2018-10-29	Two-Way , Not Divided	Dry	Daylight	Clear	Not a Collision Between Two Motor Vehicles in Transport	No	Traffic Control Signal	3	1	Complains Of Pain	NA	41.82773	-71.41764	FALSE	FALSE	Park Street and Promenade Street, Providence, RI, USA	FALSE	-71.423119	41.8292232	route	geometric_center	promenade st, providence, ri, usa	Park Street & Promenade Street, Providence, RI, USA	EjNQYXJrIFN0cmVldCAmIFByb21lbmFkZSBTdHJlZXQsIFByb3ZpZGVuY2UsIFJJLCBVU0EiZiJkChQKEgnZPYQrEEXkiRF9_M-xeLE6FxIUChIJ2T2EKxBF5IkRffzPsXixOhcaFAoSCVGlciIQReSJETUl7BFB0ixuGhQKEglXQzwqD0XkiRH9-pmeRajOBSIKDYxs7hgVhYdu1Q	41.82785399999999	-71.4176635	41.82785399999999	-71.4176635	Med	13.940577715079087
1169	2018-10-27	752173	21:58:00	Pedestrian	1	NA	FALSE	FALSE	1	BENEFIT ST	COLLEGE ST	2018-10-27	Two-Way , Not Divided	Dry	Dark - Lighted	Clear	Not a Collision Between Two Motor Vehicles in Transport	Yes, M/V and Driver Left Scene	Stop Signs	2	1	Complains Of Pain	NA	41.826	-71.40683	FALSE	FALSE	Benefit Street and College Street, Providence, RI, USA	FALSE	-71.40683539999999	41.8260134	intersection	geometric_center	benefit st & college st, providence, ri 02903, usa	NA	NA	NA	NA	41.8260134	-71.40683539999999	Med High	1.5574868370005728
1170	2018-10-27	752183	17:43:00	Pedestrian	1	NA	FALSE	FALSE	1	ALLENS AVE	TORONTO AVE	2018-10-27	Two-Way, Divided, Unprotected (painted>4feet) Medium	Wet	Dark - Lighted	Rain	Angle (Front - to - Side) Opposite Direction	Yes, M/V and Driver Left Scene	No Controls	1	1	Complains Of Pain	NA	41.79268	-71.39721	FALSE	FALSE	Allens Ave and Toronto Ave, Providence, RI, USA	FALSE	-71.3972047	41.7927052	intersection	geometric_center	toronto ave & allens ave, providence, ri 02905, usa	NA	NA	NA	NA	41.7927052	-71.3972047	Med High	2.839529012110812
1171	2018-10-27	752199	21:17:00	Pedestrian	1	NA	FALSE	FALSE	1	Pearl St	Broad St	2018-10-27	Two-Way , Not Divided	Wet	Dark - Lighted	Rain	Not a Collision Between Two Motor Vehicles in Transport	No	Traffic Control Signal	3	1	Complains Of Pain	NA	41.81528	-71.42039	FALSE	FALSE	Pearl Street and Broad Street, Providence, RI, USA	FALSE	-71.4101636	41.7945838	route	geometric_center	broad st, providence, ri, usa	Pearl Street & Broad Street, Providence, RI, USA	EjBQZWFybCBTdHJlZXQgJiBCcm9hZCBTdHJlZXQsIFByb3ZpZGVuY2UsIFJJLCBVU0EiZiJkChQKEgk1O0-ncUXkiRHr2v1gzR_JJxIUChIJNTtPp3FF5IkR69r9YM0fyScaFAoSCQ2bhTRuReSJEbqh7XXlSlUKGhQKEgmD3n3VjE_kiREsosqTmEsIoyIKDYVt7BgVkQZu1Q	41.8147717	-71.4209647	41.8147717	-71.4209647	Med	73.99446332931679
1172	2018-10-27	752235	06:30:00	Pedestrian	1	NA	FALSE	FALSE	1	141 Weybosset St	EDDY ST	2018-10-28	Two-Way , Not Divided	Wet	Dawn	Rain	Not a Collision Between Two Motor Vehicles in Transport	Yes, M/V and Driver Left Scene	No Controls	1	1	Complains Of Pain	NA	41.82271	-71.41137	TRUE	FALSE	141 Weybosset Street, Providence, RI, USA	FALSE	-71.41155789999999	41.8228207	street_address	rooftop	141 weybosset st, providence, ri 02903, usa	NA	NA	NA	NA	41.8228207	-71.41155789999999	High	19.87030690491759
1173	2018-10-26	752103	13:21:00	Pedestrian	1	NA	FALSE	FALSE	1	VEAZIE ST	DOUGLAS AVE	2018-10-26	Two-Way , Not Divided	Dry	Daylight	Clear	Other	No	No Controls	6	0	No Injury	NA	41.85107	-71.43444	FALSE	FALSE	Veazie Street and Douglas Ave, Providence, RI, USA	FALSE	-71.4341761	41.8505578	intersection	geometric_center	douglas ave & veazie st, providence, ri 02904, usa	NA	NA	NA	NA	41.8505578	-71.4341761	Med High	61.07277696270768
1174	2018-10-26	752139	17:21:00	Bicycle	NA	1	FALSE	FALSE	1	WILLIAMS ST	BROOK ST	2018-10-26	Two-Way, Divided, Unprotected (painted>4feet) Medium	Dry	Daylight	Clear	Angle (Front - to - Side) Opposite Direction	No	Stop Signs	2	1	Complains Of Pain	NA	41.82245	-71.39859	FALSE	FALSE	Williams Street and Brook Street, Providence, RI, USA	FALSE	-71.3989869	41.825126	route	geometric_center	brook st, providence, ri, usa	Williams Street & Brook Street, Providence, RI, USA	EjNXaWxsaWFtcyBTdHJlZXQgJiBCcm9vayBTdHJlZXQsIFByb3ZpZGVuY2UsIFJJLCBVU0EiZiJkChQKEglDtn3eO0XkiRGjnWxp6ydaBhIUChIJQ7Z93jtF5IkRo51saesnWgYaFAoSCc8VZi06ReSJEdbRK1lrMSoLGhQKEgmbZn1yO0XkiRF1hochEHgAaCIKDeWZ7RgVg3Bx1Q	41.8224613	-71.3985917	41.8224613	-71.3985917	Med	1.26579095196663
1175	2018-10-26	752155	19:33:00	Bicycle	NA	1	FALSE	FALSE	1	Smith St	Holden St	2018-10-26	Two-Way , Not Divided	Dry	Dark - Lighted	Clear	Not a Collision Between Two Motor Vehicles in Transport	No	No Controls	3	1	Incapacitating	NA	41.83226	-71.41818	FALSE	FALSE	Smith Street and Holden Street, Providence, RI, USA	FALSE	-71.41800549999999	41.8322069	intersection	geometric_center	holden st & smith st, providence, ri 02908, usa	NA	NA	NA	NA	41.8322069	-71.41800549999999	Med High	15.634281893171758
1176	2018-10-24	751985	17:34:00	Pedestrian	1	NA	FALSE	FALSE	1	731 Eddy Street	NA	2018-10-24	Two-Way , Not Divided	Dry	Daylight	Clear	Not a Collision Between Two Motor Vehicles in Transport	No	No Controls	3	1	Non-Incapacitating	NA	41.8087	-71.40723	TRUE	TRUE	731 Eddy Street, Providence, RI, USA	FALSE	-71.4075635	41.80781959999999	premise	rooftop	731 eddy st, providence, ri 02903, usa	NA	NA	NA	NA	41.80781959999999	-71.4075635	High	101.83745665099683
1177	2018-10-20	751607	14:00:00	Pedestrian	1	NA	FALSE	FALSE	1	Eddy Street	PAVILION AVE	2018-10-20	Two-Way , Not Divided	Dry	Daylight	Clear	Not a Collision Between Two Motor Vehicles in Transport	Yes, M/V and Driver Left Scene	No Controls	1	1	Complains Of Pain	NA	41.79732	-71.40511	FALSE	FALSE	Eddy Street and Pavilion Ave, Providence, RI, USA	FALSE	-71.40521489999999	41.7976798	intersection	geometric_center	pavilion ave & eddy st, providence, ri 02905, usa	NA	NA	NA	NA	41.7976798	-71.40521489999999	Med High	40.98792490996283
1178	2018-10-20	751655	19:42:00	Pedestrian	1	NA	FALSE	FALSE	1	UNION AVE	WHITEHALL ST	2018-10-20	Two-Way , Not Divided	Dry	Dark - Lighted	Clear	Unknown	No	No Controls	3	1	Complains Of Pain	NA	41.80789	-71.44347	FALSE	FALSE	Union Ave and Whitehall Street, Providence, RI, USA	FALSE	-71.445114	41.8103179	route	geometric_center	whitehall st, providence, ri, usa	Union Ave & Whitehall Street, Providence, RI, USA	EjFVbmlvbiBBdmUgJiBXaGl0ZWhhbGwgU3RyZWV0LCBQcm92aWRlbmNlLCBSSSwgVVNBImYiZAoUChIJ-VAjWohF5IkRu98HnY0tfOASFAoSCflQI1qIReSJEbvfB52NLXzgGhQKEgkjges4ikXkiRGe1Z8wsMWILxoUChIJ0XzJ2IhF5IkRe7M5a8Uv5H4iCg1gXesYFW6GatU	41.8078048	-71.4439058	41.8078048	-71.4439058	Med	37.38399396850131
1179	2018-10-20	751673	19:21:00	Pedestrian	1	NA	FALSE	FALSE	1	Elmwood ave/ reservoir ave	NA	2018-10-21	Two-Way , Not Divided	Dry	Daylight	Clear	Not a Collision Between Two Motor Vehicles in Transport	No	Unknown	2	1	Complains Of Pain	NA	41.79782	-71.42611	FALSE	TRUE	Elmwood Ave/ Reservoir Ave, Providence, RI, USA	FALSE	-71.4258248	41.7971616	intersection	geometric_center	reservoir ave & elmwood ave, providence, ri 02907, usa	NA	NA	NA	NA	41.7971616	-71.4258248	Inaccurate	77.01965475487167
1180	2018-10-17	751370	08:33:00	Pedestrian	1	NA	FALSE	FALSE	1	HUXLEY AVE	ADMIRAL ST	2018-10-17	Two-Way , Not Divided	Dry	Daylight	Clear	Other	No	No Controls	4	1	Non-Incapacitating	2	41.84669	-71.43266	FALSE	FALSE	Huxley Ave and Admiral Street, Providence, RI, USA	FALSE	-71.4326586	41.8467787	intersection	geometric_center	admiral st & huxley ave, providence, ri 02908, usa	NA	NA	NA	NA	41.8467787	-71.4326586	Med High	9.874721316887467
1181	2018-10-17	751418	20:58:00	Pedestrian	1	NA	FALSE	FALSE	1	Chalkstone Ave	Grosvenor Ave	2018-10-17	Two-Way , Not Divided	Dry	Dark - Lighted	Clear	Not a Collision Between Two Motor Vehicles in Transport	No	No Controls	3	1	Complains Of Pain	NA	41.83236	-71.43979	FALSE	FALSE	Chalkstone Ave and Grosvenor Ave, Providence, RI, USA	FALSE	-71.439537	41.8323976	intersection	geometric_center	grosvenor ave & chalkstone ave, providence, ri 02908, usa	NA	NA	NA	NA	41.8323976	-71.439537	Med High	21.39820595144548
1182	2018-10-16	751342	14:27:00	Pedestrian	1	NA	FALSE	FALSE	1	BROOK STREET	MANNING WALK	2018-10-16	Two-Way , Not Divided	Dry	Daylight	Clear	Not a Collision Between Two Motor Vehicles in Transport	No	Yield Signs	2	1	Complains Of Pain	2	41.82648	-71.39918	FALSE	FALSE	Brook Street and Manning Walk, Providence, RI, USA	FALSE	-71.39917489999999	41.8265615	intersection	geometric_center	brook st & manning walk, providence, ri 02906, usa	NA	NA	NA	NA	41.8265615	-71.39917489999999	Med High	9.082396657212135
1183	2018-10-13	751114	09:58:00	Pedestrian	1	NA	FALSE	FALSE	1	RESERVOIR AVE	ALGONQUIN ST	2018-10-13	Two-Way , Not Divided	Wet	Daylight	Rain	Other	No	No Controls	2	1	Complains Of Pain	2	41.79342	-71.42708	FALSE	FALSE	Reservoir Ave and Algonquin Street, Providence, RI, USA	FALSE	-71.4269898	41.7936004	intersection	geometric_center	reservoir ave & algonquin st, providence, ri 02907, usa	NA	NA	NA	NA	41.7936004	-71.4269898	Med High	21.431980983098814
1184	2018-10-12	750049	14:11:00	Bicycle	NA	1	FALSE	FALSE	1	MANTON AVE	CHAFFEE ST	2018-10-12	Two-Way, Divided, Unprotected (painted>4feet) Medium	Dry	Daylight	Clear	Not a Collision Between Two Motor Vehicles in Transport	No	No Controls	3	1	Complains Of Pain	NA	41.81879	-71.44572	FALSE	FALSE	Manton Ave and Chaffee Street, Providence, RI, USA	FALSE	-71.4456512	41.8187415	intersection	geometric_center	chaffee st & manton ave, providence, ri 02909, usa	NA	NA	NA	NA	41.8187415	-71.4456512	Med High	7.856699888784422
1185	2018-10-12	751349	22:10:00	Bicycle	NA	1	FALSE	FALSE	1	ATWELLS AVENUE	ACADEMY AVE	2018-10-12	Two-Way , Not Divided	Dry	Dark - Lighted	Clear	Not a Collision Between Two Motor Vehicles in Transport	No	Traffic Control Signal	2	1	Complains Of Pain	NA	41.82478	-71.44338	FALSE	FALSE	Atwells Avenue and Academy Ave, Providence, RI, USA	FALSE	-71.4435191	41.8247997	intersection	geometric_center	atwells ave & academy ave, providence, ri 02909, usa	NA	NA	NA	NA	41.8247997	-71.4435191	Med High	11.745430635044336
1186	2018-10-11	749929	10:30:00	Pedestrian	1	NA	FALSE	FALSE	1	Elmwood Ave	BURNETT ST	2018-10-11	Two-Way , Not Divided	Dry	Daylight	Clear	Not a Collision Between Two Motor Vehicles in Transport	No	Pavement Markings	4	1	Complains Of Pain	2	41.80299	-71.42587	FALSE	FALSE	Elmwood Ave and Burnett Street, Providence, RI, USA	FALSE	-71.4258931	41.8029787	intersection	geometric_center	burnett st & elmwood ave, providence, ri 02907, usa	NA	NA	NA	NA	41.8029787	-71.4258931	Med High	2.2927703681101215
1187	2018-10-11	749983	18:11:00	Bicycle	NA	1	FALSE	FALSE	1	ADMIRAL ST	DOUGLAS AVE	2018-10-11	Two-Way , Not Divided	Wet	Dark - Lighted	Rain	Not a Collision Between Two Motor Vehicles in Transport	No	Traffic Control Signal	3	1	Complains Of Pain	NA	41.84605	-71.429	FALSE	FALSE	Admiral Street and Douglas Ave, Providence, RI, USA	FALSE	-71.4289636	41.8460618	intersection	geometric_center	admiral st & douglas ave, providence, ri 02908, usa	NA	NA	NA	NA	41.8460618	-71.4289636	Med High	3.291947995690432
1188	2018-10-10	749877	17:10:00	Pedestrian	2	NA	FALSE	FALSE	1	MERINO ST	CROWNINSHIELD ST	2018-10-10	Two-Way, Divided, Unprotected (painted>4feet) Medium	Dry	Daylight	Clear	Other	Yes, M/V and Driver Left Scene	No Controls	2	2	Complains Of Pain	NA	41.81852	-71.45909	FALSE	FALSE	Merino Street and Crowninshield Street, Providence, RI, USA	FALSE	-71.458626	41.8172	intersection	geometric_center	merino st & crowninshield st, providence, ri 02909, usa	NA	NA	NA	NA	41.8172	-71.458626	Med High	151.90035892571015
1189	2018-10-10	749882	17:07:00	Pedestrian	1	NA	FALSE	FALSE	1	ALVERSON AVE	NYE ST	2018-10-10	Two-Way, Divided, Unprotected (painted>4feet) Medium	Dry	Daylight	Clear	Not a Collision Between Two Motor Vehicles in Transport	No	No Controls	2	1	Complains Of Pain	NA	41.81874	-71.46007	FALSE	FALSE	Alverson Ave and Nye Street, Providence, RI, USA	FALSE	-71.4594499	41.8169709	intersection	geometric_center	nye st & alverson ave, providence, ri 02909, usa	NA	NA	NA	NA	41.8169709	-71.4594499	Med High	203.54393611125988
1190	2018-10-07	749561	14:42:00	Pedestrian	2	NA	FALSE	FALSE	1	315 broad st	BROAD ST	2018-10-07	Two-Way , Not Divided	Dry	Daylight	Clear	Not a Collision Between Two Motor Vehicles in Transport	Yes, M/V and Driver Left Scene	No Controls	3	2	Non-Incapacitating	NA	41.8144	-71.42116	TRUE	FALSE	315 Broad Street, Providence, RI, USA	FALSE	-71.4217316	41.81451740000001	premise	rooftop	315 broad st, providence, ri 02907, usa	NA	NA	NA	NA	41.81451740000001	-71.4217316	High	49.19188420127385
1191	2018-10-07	749574	19:25:00	Bicycle	NA	2	FALSE	FALSE	1	Hawkins Street	YORKSHIRE ST	2018-10-07	Two-Way , Not Divided	Wet	Dark - Lighted	Rain	Not a Collision Between Two Motor Vehicles in Transport	No	No Controls	4	0	No Injury	NA	41.84871	-71.4257	FALSE	FALSE	Hawkins Street and Yorkshire Street, Providence, RI, USA	FALSE	-71.4255153	41.848903	intersection	geometric_center	yorkshire st & hawkins st, providence, ri 02908, usa	NA	NA	NA	NA	41.848903	-71.4255153	Med High	26.3849489961288
1192	2018-10-07	751407	15:13:00	Pedestrian	1	NA	FALSE	FALSE	1	Douglas Avenue	Fillmore Street	2018-10-17	Two-Way, Divided, Unprotected (painted>4feet) Medium	Dry	Daylight	Clear	Not a Collision Between Two Motor Vehicles in Transport	Yes, M/V and Driver Left Scene	Pavement Markings	3	1	Non-Incapacitating	1	41.83718	-71.42232	FALSE	FALSE	Douglas Avenue and Fillmore Street, Providence, RI, USA	FALSE	-71.42231100000001	41.8371944	intersection	geometric_center	fillmore st & douglas ave, providence, ri 02908, usa	NA	NA	NA	NA	41.8371944	-71.42231100000001	Med High	1.7682716320100214
1193	2018-10-06	749493	16:25:00	Pedestrian	1	NA	FALSE	FALSE	1	Smith St	CHALKSTONE AVE	2018-10-06	Two-Way , Not Divided	Dry	Daylight	Clear	Not a Collision Between Two Motor Vehicles in Transport	No	Traffic Control Signal	5	1	Complains Of Pain	NA	41.83522	-71.42566	FALSE	FALSE	Smith Street and Chalkstone Ave, Providence, RI, USA	FALSE	-71.4256425	41.83522139999999	intersection	geometric_center	chalkstone ave & smith st, providence, ri 02908, usa	NA	NA	NA	NA	41.83522139999999	-71.4256425	Med High	1.4597996081065128
1194	2018-10-05	749512	15:02:00	Bicycle	NA	1	FALSE	FALSE	1	WASHINGTON ST	EXCHANGE ST	2018-10-06	One-Way Trafficway	Dry	Daylight	Clear	Not a Collision Between Two Motor Vehicles in Transport	No	No Controls	3	0	No Injury	NA	41.8246	-71.41254	FALSE	FALSE	Washington Street and Exchange Street, Providence, RI, USA	FALSE	-71.4118704	41.8265115	route	geometric_center	exchange st, providence, ri 02903, usa	Washington Street & Exchange Street, Providence, RI, USA	EjhXYXNoaW5ndG9uIFN0cmVldCAmIEV4Y2hhbmdlIFN0cmVldCwgUHJvdmlkZW5jZSwgUkksIFVTQSJmImQKFAoSCX8SrsYWReSJEW5MQFQ5jjSiEhQKEgl_Eq7GFkXkiRFuTEBUOY40ohoUChIJqdrNnBJF5IkRGgfQlqMSNPYaFAoSCdFSn9cWReSJERdKzs-n0Y0OIgoNZxnuGBVVim_V	41.8257255	-71.4110379	41.8257255	-71.4110379	Med	176.7026982366586
1195	2018-10-05	749771	16:50:00	Pedestrian	1	NA	FALSE	FALSE	1	Messer Street	Cranston Street	2018-10-09	Two-Way , Not Divided	Dry	Daylight	Clear	Not a Collision Between Two Motor Vehicles in Transport	Yes, M/V and Driver Left Scene	No Controls	1	1	Non-Incapacitating	1	41.80964	-71.43347	FALSE	FALSE	Messer Street and Cranston Street, Providence, RI, USA	FALSE	-71.43343449999999	41.809637	intersection	geometric_center	cranston st & messer st, providence, ri 02907, usa	NA	NA	NA	NA	41.809637	-71.43343449999999	Med High	2.964431299055045
1196	2018-10-02	749129	12:45:00	Pedestrian	1	NA	FALSE	FALSE	1	WESTMINSTER ST	DORRANCE ST	2018-10-02	Two-Way , Not Divided	Wet	Daylight	Cloudy	Other	No	Traffic Control Signal	2	1	Complains Of Pain	NA	41.82361	-71.41167	FALSE	FALSE	Westminster Street and Dorrance Street, Providence, RI, USA	FALSE	-71.4116693	41.8236083	intersection	geometric_center	westminster st & dorrance st, providence, ri 02903, usa	NA	NA	NA	NA	41.8236083	-71.4116693	Med High	0.1979518866131529
1197	2018-10-01	749010	13:12:00	Bicycle	NA	1	FALSE	FALSE	1	WILLIAMS ST	S WATER ST	2018-10-01	One-Way Trafficway	Wet	Daylight	Clear	Not a Collision Between Two Motor Vehicles in Transport	No	Stop Signs	3	1	Complains Of Pain	NA	41.82157	-71.40438	FALSE	FALSE	Williams Street and S Water Street, Providence, RI, USA	FALSE	-71.4039536	41.8202174	route	geometric_center	s water st, providence, ri 02903, usa	NA	NA	NA	NA	41.8202174	-71.4039536	Med	154.67012311434195
1198	2018-10-01	749072	18:38:00	Pedestrian	1	NA	FALSE	FALSE	1	160 CHAPIN AVE	ELLERY ST	2018-10-01	Two-Way , Not Divided	Wet	Dark - Lighted	Rain	Other	No	No Controls	2	1	Complains Of Pain	NA	41.81186	-71.43764	TRUE	FALSE	160 Chapin Ave, Providence, RI, USA	FALSE	-71.43767749999999	41.8117257	premise	rooftop	160 chapin ave, providence, ri 02909, usa	NA	NA	NA	NA	41.8117257	-71.43767749999999	High	15.270544641222282
1199	2018-10-01	749095	22:15:00	Pedestrian	1	NA	FALSE	FALSE	1	SMITH ST	DANFORTH ST	2018-10-01	Two-Way, Divided, Unprotected (painted>4feet) Medium	Wet	Dark - Lighted	Sleet, Hail (Freezing Rain or Drizzle)	Not a Collision Between Two Motor Vehicles in Transport	Yes, M/V and Driver Left Scene	No Controls	2	1	Complains Of Pain	NA	41.83557	-71.42652	FALSE	FALSE	Smith Street and Danforth Street, Providence, RI, USA	FALSE	-71.4265132	41.8355761	intersection	geometric_center	danforth st & smith st, providence, ri 02908, usa	NA	NA	NA	NA	41.8355761	-71.4265132	Med High	0.8827195507384056
1200	2018-09-29	748894	23:48:00	Pedestrian	1	NA	FALSE	FALSE	1	BROAD ST	ELMWOOD AVE	2018-09-30	One-Way Trafficway	Dry	Dark - Lighted	Clear	Other	No	Traffic Control Signal	3	0	No Injury	3	41.81286	-71.42197	FALSE	FALSE	Broad Street and Elmwood Ave, Providence, RI, USA	FALSE	-71.4229658	41.7920613	route	geometric_center	elmwood ave, providence, ri, usa	Broad Street & Elmwood Ave, Providence, RI, USA	Ei9Ccm9hZCBTdHJlZXQgJiBFbG13b29kIEF2ZSwgUHJvdmlkZW5jZSwgUkksIFVTQSJmImQKFAoSCakle_JwReSJEUzVUWp9I7srEhQKEgmpJXvycEXkiRFM1VFqfSO7KxoUChIJg9591YxP5IkRLKLKk5hLCKMaFAoSCXfQbe2jT-SJEfE86TMHz6HvIgoNRSrsGBVD3m3V	41.8130501	-71.42199649999999	41.8130501	-71.42199649999999	Med	21.275748704432075
1201	2018-09-29	748948	02:13:00	Bicycle	NA	1	FALSE	FALSE	1	BUCKLIN ST	REDWING ST	2018-10-01	Two-Way , Not Divided	Dry	Dark - Lighted	Clear	Not a Collision Between Two Motor Vehicles in Transport	Yes, M/V and Driver Left Scene	Stop Signs	3	1	Complains Of Pain	NA	41.79923	-71.42774	FALSE	FALSE	Bucklin Street and Redwing Street, Providence, RI, USA	FALSE	-71.4277346	41.79924219999999	intersection	geometric_center	bucklin st & redwing st, providence, ri 02907, usa	NA	NA	NA	NA	41.79924219999999	-71.4277346	Med High	1.4301223391993862
1202	2018-09-29	749444	23:57:00	Pedestrian	1	NA	FALSE	FALSE	1	Manton	HILLARD ST	2018-10-06	Two-Way , Not Divided	Dry	Dark - Lighted	Clear	Other	No	No Controls	3	1	Complains Of Pain	NA	41.8201	-71.44685	FALSE	FALSE	Manton and Hillard Street, Providence, RI, USA	FALSE	-71.4469052	41.8201569	intersection	geometric_center	hillard st & manton ave, providence, ri 02909, usa	NA	NA	NA	NA	41.8201569	-71.4469052	Med High	7.816095986504479
1203	2018-09-27	748620	08:22:00	Bicycle	NA	1	FALSE	FALSE	1	DOYLE AVE	HOPE ST	2018-09-27	Two-Way, Divided, Unprotected (painted>4feet) Medium	Dry	Daylight	Clear	Angle (Front - to - Side) Right Angle (Includes Broadside)	No	Traffic Control Signal	8	1	Complains Of Pain	2	41.83877	-71.4001	FALSE	FALSE	Doyle Ave and Hope Street, Providence, RI, USA	FALSE	-71.40009719999999	41.8387695	intersection	geometric_center	hope st & doyle ave, providence, ri 02906, usa	NA	NA	NA	NA	41.8387695	-71.40009719999999	Med High	0.23879745580099493
1204	2018-09-27	748629	10:30:00	Pedestrian	1	NA	FALSE	FALSE	1	274 Mount Pleasant Ave	MANOMET ST	2018-09-27	Two-Way , Not Divided	Dry	Daylight	Clear	Not a Collision Between Two Motor Vehicles in Transport	No	No Controls	3	1	Complains Of Pain	NA	41.83393	-71.45004	TRUE	FALSE	274 Mount Pleasant Ave, Providence, RI, USA	FALSE	-71.4503497	41.8339372	street_address	rooftop	274 mt pleasant ave, providence, ri 02908, usa	NA	NA	NA	NA	41.8339372	-71.4503497	High	25.699654235446424
1205	2018-09-27	748631	12:17:00	Pedestrian	1	NA	FALSE	FALSE	1	80 Dexter St	DIVISION ST	2018-09-27	Two-Way, Divided, Unprotected (painted>4feet) Medium	Dry	Daylight	Clear	Not a Collision Between Two Motor Vehicles in Transport	Yes, M/V and Driver Left Scene	No Controls	4	1	Complains Of Pain	NA	41.81452	-71.43044	TRUE	FALSE	80 Dexter Street, Providence, RI, USA	FALSE	-71.43014509999999	41.8144042	premise	rooftop	80 dexter st, providence, ri 02909, usa	NA	NA	NA	NA	41.8144042	-71.43014509999999	High	27.655183821192292
1206	2018-09-27	748636	13:06:00	Pedestrian	1	NA	FALSE	FALSE	1	ASHBURTON ST	ASHBURTON ST	2018-09-27	One-Way Trafficway	Dry	Daylight	Clear	Not a Collision Between Two Motor Vehicles in Transport	No	No Controls	4	1	Complains Of Pain	NA	41.83665	-71.41407	FALSE	FALSE	Ashburton Street and Ashburton Street, Providence, RI, USA	FALSE	171.7447855	-43.90538600000001	locality	approximate	ashburton, new zealand	NA	NA	NA	NA	-43.90538600000001	171.7447855	Med	15008478.051988821
1207	2018-09-27	748664	16:17:00	Pedestrian	1	NA	FALSE	FALSE	1	GANO ST	ANGELL ST	2018-09-27	Two-Way , Not Divided	Dry	Daylight	Clear	Other	No	Pavement Markings	3	1	Complains Of Pain	2	41.82955	-71.39097	FALSE	FALSE	Gano Street and Angell Street, Providence, RI, USA	FALSE	-71.3909687	41.8295909	intersection	geometric_center	gano st & angell st, providence, ri 02906, usa	NA	NA	NA	NA	41.8295909	-71.3909687	Med High	4.554243936261282
1208	2018-09-25	748422	05:58:00	Pedestrian	1	NA	FALSE	FALSE	1	201 Messer St	UNION AVE	2018-09-25	Two-Way , Not Divided	Dry	Dark - Lighted	Clear	Not a Collision Between Two Motor Vehicles in Transport	Yes, M/V and Driver Left Scene	No Controls	2	1	Complains Of Pain	NA	41.81007	-71.43481	TRUE	FALSE	201 Messer Street, Providence, RI, USA	FALSE	-71.4350654	41.8099022	premise	rooftop	201 messer st, providence, ri 02909, usa	NA	NA	NA	NA	41.8099022	-71.4350654	High	28.24876225242515
1209	2018-09-25	748439	11:10:00	Bicycle	NA	1	FALSE	FALSE	2	DORRANCE ST	CLIFFORD ST	2018-09-25	Two-Way, Divided, Unprotected (painted>4feet) Medium	Wet	Daylight	Sleet, Hail (Freezing Rain or Drizzle)	Other	No	No Controls	4	1	Complains Of Pain	NA	41.82161	-71.4089	FALSE	FALSE	Dorrance Street and Clifford Street, Providence, RI, USA	FALSE	-71.4088055	41.8216128	intersection	geometric_center	clifford st & dorrance st, providence, ri 02903, usa	NA	NA	NA	NA	41.8216128	-71.4088055	Med High	7.84572645041916
1210	2018-09-25	748510	19:47:00	Pedestrian	1	NA	FALSE	FALSE	1	FRICKER ST	BROAD ST	2018-09-25	Two-Way , Not Divided	Wet	Dark - Lighted	Rain	Angle - Direction Not Specified	Yes, M/V and Driver Left Scene	Pavement Markings	3	1	Incapacitating	2	41.81537	-71.42074	FALSE	FALSE	Fricker Street and Broad Street, Providence, RI, USA	FALSE	-71.42061559999999	41.8153842	intersection	geometric_center	fricker st & broad st, providence, ri 02903, usa	NA	NA	NA	NA	41.8153842	-71.42061559999999	Med High	10.441331135272804