row_number	crash_date	crash_report_id	crash_time	collision_type	count_pedestrian	count_bicycle	scooter	wheel_chair	number_of_vehicles	street_or_highway	nearest_intersection	report_date	type_of_roadway	road_surface_condition	light_condition	weather_condition	manner_of_impact	hit_and_run	traffic_control	person_count	injury_count	most_serious_injury	number_of_lanes	lat_raw	lon_raw	has_st_number	is_intersection_null	address_sent_to_geocoder	is_address_blank	lon_api_first_try	lat_api_first_try	type	loctype	address_returned_by_geocoder	address_returned_by_autocomplete	place_ids_autocompleted	lat_api_second_try	lon_api_second_try	lat_api_best	lon_api_best	api_coord_conf	distance_btwn_coords_meters
1342	2018-05-11	728771	13:45:00	Pedestrian	1	NA	FALSE	FALSE	1	VALLEY ST	RIVER AVE	2018-05-11	Two-Way , Not Divided	Dry	Daylight	Clear	Not a Collision Between Two Motor Vehicles in Transport	No	Traffic Control Signal	4	1	Complains Of Pain	2	41.82796	-71.43516	FALSE	FALSE	Valley Street and River Ave, Providence, RI, USA	FALSE	-71.435152	41.827984	intersection	geometric_center	valley st & river ave, providence, ri 02908, usa	NA	NA	NA	NA	41.827984	-71.435152	Med High	2.75284785123436
1343	2018-05-11	728778	19:28:00	Pedestrian	1	NA	FALSE	FALSE	1	SMITH ST	CHALKSTONE AVE	2018-05-11	Two-Way , Not Divided	Dry	Dark - Lighted	Clear	Not a Collision Between Two Motor Vehicles in Transport	No	No Controls	3	1	Complains Of Pain	NA	41.83542	-71.42616	FALSE	FALSE	Smith Street and Chalkstone Ave, Providence, RI, USA	FALSE	-71.4256425	41.83522139999999	intersection	geometric_center	chalkstone ave & smith st, providence, ri 02908, usa	NA	NA	NA	NA	41.83522139999999	-71.4256425	Med High	48.280720840272956
1344	2018-05-10	728408	12:40:00	Bicycle	NA	1	FALSE	FALSE	1	FEDERAL ST	DEAN ST	2018-05-10	Two-Way , Not Divided	Dry	Daylight	Clear	Not a Collision Between Two Motor Vehicles in Transport	No	No Controls	3	1	Complains Of Pain	NA	41.82228	-71.42327	FALSE	FALSE	Federal Street and Dean Street, Providence, RI, USA	FALSE	-71.42327159999999	41.8222988	intersection	geometric_center	dean st & federal st, providence, ri 02903, usa	NA	NA	NA	NA	41.8222988	-71.42327159999999	Med High	2.0970112943705495
1345	2018-05-09	728178	15:59:00	Other	NA	1	FALSE	FALSE	1	601 N MAIN ST	NA	2018-05-09	Two-Way , Not Divided	Dry	Daylight	Clear	Not a Collision Between Two Motor Vehicles in Transport	No	No Controls	2	0	No Injury	NA	41.83825	-71.40925	TRUE	TRUE	601 N Main Street, Providence, RI, USA	FALSE	-71.40832139999999	41.83723930000001	subpremise	rooftop	601 n main st, providence, ri 02904, usa	NA	NA	NA	NA	41.83723930000001	-71.40832139999999	High	136.34518435619674
1346	2018-05-05	727635	14:15:00	Pedestrian	1	NA	FALSE	FALSE	1	HOSPITAL ST	POINT ST	2018-05-05	Two-Way , Not Divided	Dry	Daylight	Clear	Other	No	No Controls	3	1	Complains Of Pain	NA	41.81583	-71.40961	FALSE	FALSE	Hospital Street and Point Street, Providence, RI, USA	FALSE	-71.40949789999999	41.8156623	intersection	geometric_center	point st & hospital st, providence, ri 02903, usa	NA	NA	NA	NA	41.8156623	-71.40949789999999	Med High	20.85672337795595
1347	2018-05-05	727662	21:55:00	Pedestrian	1	NA	FALSE	FALSE	1	MANTON AVE	LYNCH ST	2018-05-05	Two-Way , Not Divided	Dry	Dark - Lighted	Clear	Not a Collision Between Two Motor Vehicles in Transport	Yes, M/V and Driver Left Scene	No Controls	1	1	Complains Of Pain	NA	41.82415	-71.4522	FALSE	FALSE	Manton Ave and Lynch Street, Providence, RI, USA	FALSE	-71.45234049999999	41.8242696	intersection	geometric_center	lynch st & manton ave, providence, ri 02909, usa	NA	NA	NA	NA	41.8242696	-71.45234049999999	Med High	17.694620109711163
1348	2018-05-04	727129	09:01:00	Pedestrian	1	NA	FALSE	FALSE	1	STEPHEN HOPKINS COURT	WILLIAM ELLERY PL	2018-05-04	Two-Way , Not Divided	Dry	Daylight	Clear	Not a Collision Between Two Motor Vehicles in Transport	Yes, M/V and Driver Left Scene	No Controls	1	1	Complains Of Pain	NA	41.83745	-71.40714	FALSE	FALSE	Stephen Hopkins Court and William Ellery Pl, Providence, RI, USA	FALSE	-71.4072824	41.8379839	intersection	geometric_center	william ellery pl & stephen hopkins ct, providence, ri 02904, usa	NA	NA	NA	NA	41.8379839	-71.4072824	Med High	60.59554509227921
1349	2018-05-04	727577	16:19:00	Pedestrian	1	NA	TRUE	FALSE	1	CHARLES ST	CORLISS ST	2018-05-04	Two-Way, Divided, Unprotected (painted>4feet) Medium	Dry	Daylight	Clear	Not a Collision Between Two Motor Vehicles in Transport	No	Stop Signs	2	1	Complains Of Pain	NA	41.83806	-71.41452	FALSE	FALSE	Charles Street and Corliss Street, Providence, RI, USA	FALSE	-71.4124894	41.8411709	route	geometric_center	corliss st, providence, ri 02904, usa	Charles Street & Corliss Street, Providence, RI, USA	EjRDaGFybGVzIFN0cmVldCAmIENvcmxpc3MgU3RyZWV0LCBQcm92aWRlbmNlLCBSSSwgVVNBImYiZAoUChIJVVJ5mB1F5IkRpcYG1dpqiVsSFAoSCVVSeZgdReSJEaXGBtXaaolbGhQKEgl1C85s8UTkiRHLZMsuNVX9MhoUChIJMSS4NuJE5IkR9A92oVVA2AUiCg0J_O8YFYsDb9U	41.8380809	-71.41448849999999	41.8380809	-71.41448849999999	Med	3.49830648703375
1350	2018-05-03	726983	15:16:00	Pedestrian	1	NA	FALSE	FALSE	1	S MAIN ST	COLLEGE ST	2018-05-03	One-Way Trafficway	Dry	Daylight	Clear	Not a Collision Between Two Motor Vehicles in Transport	No	Traffic Control Signal	4	1	Non-Incapacitating	2	41.82568	-71.40787	FALSE	FALSE	S Main Street and College Street, Providence, RI, USA	FALSE	-71.4078251	41.8256787	intersection	geometric_center	s main st & college st, providence, ri 02903, usa	NA	NA	NA	NA	41.8256787	-71.4078251	Med High	3.7273886125497926
1351	2018-05-01	726741	11:45:00	Pedestrian	1	NA	FALSE	FALSE	1	CHARLES ST	CHARLES ST	2018-05-01	Unknown	Dry	Daylight	Clear	Not a Collision Between Two Motor Vehicles in Transport	Yes, M/V and Driver Left Scene	No Controls	1	1	Complains Of Pain	NA	41.84688	-71.41936	FALSE	FALSE	Charles Street and Charles Street, Providence, RI, USA	FALSE	-71.419539	41.8474982	route	geometric_center	charles st, providence, ri, usa	NA	NA	NA	NA	41.8474982	-71.419539	Med	70.400341845975
1352	2018-04-30	726621	12:42:00	Pedestrian	1	NA	FALSE	FALSE	1	62 DUDLEY ST	NA	2018-04-30	Unknown	Dry	Daylight	Clear	Not a Collision Between Two Motor Vehicles in Transport	No	No Controls	3	1	Complains Of Pain	NA	41.80731	-71.40725	TRUE	TRUE	62 Dudley Street, Providence, RI, USA	FALSE	-71.40962	41.8101086	street_address	rooftop	62 dudley st, providence, ri 02905, usa	NA	NA	NA	NA	41.8101086	-71.40962	High	368.41232795270815
1353	2018-04-28	726550	12:37:00	Pedestrian	1	NA	FALSE	FALSE	1	BROAD ST	OXFORD ST	2018-04-29	Two-Way , Not Divided	Dry	Daylight	Clear	Not a Collision Between Two Motor Vehicles in Transport	No	No Controls	3	1	Complains Of Pain	NA	41.79962	-71.41642	FALSE	FALSE	Broad Street and Oxford Street, Providence, RI, USA	FALSE	-71.4098094	41.8023702	route	geometric_center	oxford st, providence, ri 02905, usa	Broad Street & Oxford Street, Providence, RI, USA	EjFCcm9hZCBTdHJlZXQgJiBPeGZvcmQgU3RyZWV0LCBQcm92aWRlbmNlLCBSSSwgVVNBImYiZAoUChIJh-FuDohP5IkRI2IsCmv-T0ESFAoSCYfhbg6IT-SJESNiLApr_k9BGhQKEgmD3n3VjE_kiREsosqTmEsIoxoUChIJGaMJqWFF5IkRUr1E8WrWZNciCg0WPuoYFfqPbtU	41.8004502	-71.417447	41.8004502	-71.417447	Med	125.71616486477652
1354	2018-04-27	726283	11:00:00	Pedestrian	1	NA	FALSE	FALSE	1	FULTON ST	DORRANCE ST	2018-04-27	Two-Way , Not Divided	Dry	Daylight	Clear	Not a Collision Between Two Motor Vehicles in Transport	No	Traffic Control Signal	5	1	Complains Of Pain	NA	41.82413	-71.41236	FALSE	FALSE	Fulton Street and Dorrance Street, Providence, RI, USA	FALSE	-71.4113407	41.8233534	route	geometric_center	dorrance st, providence, ri 02903, usa	Fulton Street & Dorrance Street, Providence, RI, USA	EjRGdWx0b24gU3RyZWV0ICYgRG9ycmFuY2UgU3RyZWV0LCBQcm92aWRlbmNlLCBSSSwgVVNBImYiZAoUChIJf0Y9-RNF5IkRa402C95i2d0SFAoSCX9GPfkTReSJEWuNNgveYtndGhQKEgmV_SepFkXkiRFnZiyNOi8BiRoUChIJpfpicxRF5IkR4zxQTjprQnQiCg1O2-0YFQlYb9U	41.8241358	-71.4123255	41.8241358	-71.4123255	Med	2.9338646577899943
1355	2018-04-26	725871	11:15:00	Pedestrian	1	NA	FALSE	FALSE	1	PLAINFIELD ST	EDNA ST	2018-04-26	Two-Way, Divided, Positive Median Barrier	Dry	Daylight	Clear	Other	No	Traffic Control Signal	3	1	Complains Of Pain	NA	41.81592	-71.44513	FALSE	FALSE	Plainfield Street and Edna Street, Providence, RI, USA	FALSE	-71.4455457	41.8156785	intersection	geometric_center	plainfield st & edna st, providence, ri 02909, usa	NA	NA	NA	NA	41.8156785	-71.4455457	Med High	43.72878653843408
1356	2018-04-26	725895	16:13:00	Bicycle	NA	1	FALSE	FALSE	1	718 PLAINFIELD ST	NA	2018-04-26	Two-Way , Not Divided	Dry	Daylight	Clear	Not a Collision Between Two Motor Vehicles in Transport	No	No Controls	2	1	Complains Of Pain	2	41.81124	-71.46197	TRUE	TRUE	718 Plainfield Street, Providence, RI, USA	FALSE	-71.46177089999999	41.81104879999999	premise	rooftop	718 plainfield st, providence, ri 02909, usa	NA	NA	NA	NA	41.81104879999999	-71.46177089999999	High	26.94289115060114
1357	2018-04-26	726183	19:34:00	Bicycle	NA	1	FALSE	FALSE	1	EAST DR	GENERAL ST	2018-04-26	Two-Way , Not Divided	Dry	Dark - Lighted	Clear	Not a Collision Between Two Motor Vehicles in Transport	Yes, M/V and Driver Left Scene	No Controls	2	1	Complains Of Pain	NA	41.85324	-71.44271	FALSE	FALSE	East Dr and General Street, Providence, RI, USA	FALSE	-71.442604	41.853462	route	geometric_center	general st, providence, ri, usa	East Dr & General Street, Providence, RI, USA	Ei1FYXN0IERyICYgR2VuZXJhbCBTdHJlZXQsIFByb3ZpZGVuY2UsIFJJLCBVU0EiZiJkChQKEgnnipL3T0TkiRGmaku_BabYSBIUChIJ54qS909E5IkRpmpLvwWm2EgaFAoSCYnHNJVPROSJEWCa9HBzDZ2OGhQKEgntV2L2T0TkiRG5nQC9Pwo3_yIKDdxU8hgVSLlq1Q	41.853462	-71.442604	41.853462	-71.442604	Med	26.22934640491794
1358	2018-04-24	724893	07:23:00	Pedestrian	1	NA	FALSE	FALSE	1	POWER ST	THAYER ST	2018-04-24	Two-Way , Not Divided	Dry	Daylight	Clear	Not a Collision Between Two Motor Vehicles in Transport	No	Pavement Markings	3	1	Complains Of Pain	NA	41.82296	-71.39996	FALSE	FALSE	Power Street and Thayer Street, Providence, RI, USA	FALSE	-71.4000173	41.8229706	intersection	geometric_center	thayer st & power st, providence, ri 02912, usa	NA	NA	NA	NA	41.8229706	-71.4000173	Med High	4.897664862221809
1359	2018-04-23	724379	13:39:00	Pedestrian	1	NA	FALSE	FALSE	1	BROAD ST	ADELAIDE AVE	2018-04-23	Two-Way , Not Divided	Dry	Dark - Lighted	Clear	Not a Collision Between Two Motor Vehicles in Transport	Yes, M/V and Driver Left Scene	No Controls	1	1	Complains Of Pain	NA	41.79874	-71.41534	FALSE	FALSE	Broad Street and Adelaide Ave, Providence, RI, USA	FALSE	-71.4229955	41.7965181	route	geometric_center	adelaide ave, providence, ri 02907, usa	Broad Street & Adelaide Ave, Providence, RI, USA	EjBCcm9hZCBTdHJlZXQgJiBBZGVsYWlkZSBBdmUsIFByb3ZpZGVuY2UsIFJJLCBVU0EiZiJkChQKEgmHmKxWiE_kiRHEyK6zP1G3PRIUChIJh5isVohP5IkRxMiusz9Rtz0aFAoSCYPefdWMT-SJESyiypOYSwijGhQKEgn7ze1zhE_kiRG6QeI0WTshsiIKDUkA6hgV2dxu1Q	41.7988681	-71.4154791	41.7988681	-71.4154791	Med	18.346725980801843
1360	2018-04-23	724398	15:19:00	Pedestrian	1	NA	FALSE	FALSE	1	235 Eaton St	RADCLIFFE AVE	2018-04-23	Two-Way , Not Divided	Dry	Daylight	Clear	Not a Collision Between Two Motor Vehicles in Transport	No	No Controls	3	1	Complains Of Pain	NA	41.84115	-71.43001	TRUE	FALSE	235 Eaton Street, Providence, RI, USA	FALSE	-71.436298	41.8418768	street_address	rooftop	235 eaton st, providence, ri 02908, usa	NA	NA	NA	NA	41.8418768	-71.436298	High	527.716860493369
1361	2018-04-22	724088	13:23:00	Pedestrian	1	NA	FALSE	FALSE	1	DOUGLAS AVE	WAYNE ST	2018-04-22	Two-Way , Not Divided	Dry	Daylight	Clear	Not a Collision Between Two Motor Vehicles in Transport	No	No Controls	3	1	Non-Incapacitating	NA	41.83594	-71.41935	FALSE	FALSE	Douglas Ave and Wayne Street, Providence, RI, USA	FALSE	-71.419648	41.8360754	intersection	geometric_center	wayne st & douglas ave, providence, ri 02908, usa	NA	NA	NA	NA	41.8360754	-71.419648	Med High	28.949304744175986
1362	2018-04-17	722323	14:42:00	Pedestrian	1	NA	FALSE	FALSE	1	291 Thayer st	CUSHING ST	2018-04-17	One-Way Trafficway	Dry	Daylight	Clear	Not a Collision Between Two Motor Vehicles in Transport	No	Stop Signs	2	1	Complains Of Pain	NA	41.83	-71.4009	TRUE	FALSE	291 Thayer Street, Providence, RI, USA	FALSE	-71.40064269999999	41.8299213	premise	rooftop	291 thayer st, providence, ri 02906, usa	NA	NA	NA	NA	41.8299213	-71.40064269999999	High	23.070473732734257
1363	2018-04-14	721313	12:09:00	Pedestrian	1	NA	FALSE	FALSE	1	1010 CHALKSTONE AVENUE	TIFFANY ST	2018-04-14	Two-Way , Not Divided	Dry	Daylight	Clear	Other	No	No Controls	2	1	Complains Of Pain	NA	41.83226	-71.44098	TRUE	FALSE	1010 Chalkstone Avenue, Providence, RI, USA	FALSE	-71.44123259999999	41.8320232	premise	rooftop	1010 chalkstone ave, providence, ri 02908, usa	NA	NA	NA	NA	41.8320232	-71.44123259999999	High	33.67267990669325
1364	2018-04-12	720530	15:29:00	Pedestrian	1	NA	FALSE	FALSE	1	Althea St	Union Ave	2018-04-12	Two-Way, Divided, Unprotected (painted>4feet) Medium	Dry	Daylight	Clear	Not a Collision Between Two Motor Vehicles in Transport	No	No Controls	2	1	Complains Of Pain	NA	41.80934	-71.43873	FALSE	FALSE	Althea Street and Union Ave, Providence, RI, USA	FALSE	-71.4384298	41.8092666	intersection	geometric_center	althea st & union ave, providence, ri 02909, usa	NA	NA	NA	NA	41.8092666	-71.4384298	Med High	26.214695446361297
1365	2018-04-11	720016	21:46:00	Pedestrian	1	NA	FALSE	FALSE	1	HAGAN ST	Charles St	2018-04-11	Two-Way , Not Divided	Dry	Dark - Lighted	Clear	Not a Collision Between Two Motor Vehicles in Transport	No	Stop Signs	3	1	Complains Of Pain	NA	41.85707	-71.42112	FALSE	FALSE	Hagan Street and Charles Street, Providence, RI, USA	FALSE	-71.4211236	41.8570841	intersection	geometric_center	charles st & hagan st, providence, ri 02904, usa	NA	NA	NA	NA	41.8570841	-71.4211236	Med High	1.597733277579716
1366	2018-04-06	717576	14:55:00	Pedestrian	1	NA	FALSE	FALSE	1	BROAD ST	BROAD ST	2018-04-06	Two-Way, Divided, Unprotected (painted>4feet) Medium	Wet	Daylight	Snow	Not a Collision Between Two Motor Vehicles in Transport	Yes, M/V and Driver Left Scene	Pavement Markings	2	1	Complains Of Pain	NA	41.80572	-71.41978	FALSE	FALSE	Broad Street and Broad Street, Providence, RI, USA	FALSE	-71.4101636	41.7945838	route	geometric_center	broad st, providence, ri, usa	NA	NA	NA	NA	41.7945838	-71.4101636	Med	1474.327093882423
1367	2018-04-06	717770	20:09:00	Pedestrian	1	NA	FALSE	FALSE	1	DOUGLAS AVE	DOUGLAS AVE	2018-04-06	Two-Way , Not Divided	Wet	Dark - Lighted	Cloudy	Not a Collision Between Two Motor Vehicles in Transport	No	No Controls	2	1	Complains Of Pain	NA	41.83567	-71.41871	FALSE	FALSE	Douglas Ave and Douglas Ave, Providence, RI, USA	FALSE	-71.4649957	41.8715442	intersection	geometric_center	douglas turnpike & douglas ave, north providence, ri 02904, usa	NA	NA	NA	NA	41.8715442	-71.4649957	Med High	5538.692897804954
1368	2018-04-03	716182	13:01:00	Pedestrian	1	NA	FALSE	FALSE	1	S MAIN ST	COLLEGE ST	2018-04-03	One-Way Trafficway	Dry	Daylight	Cloudy	Not a Collision Between Two Motor Vehicles in Transport	No	Pavement Markings	2	1	Complains Of Pain	NA	41.82528	-71.40756	FALSE	FALSE	S Main Street and College Street, Providence, RI, USA	FALSE	-71.4078251	41.8256787	intersection	geometric_center	s main st & college st, providence, ri 02903, usa	NA	NA	NA	NA	41.8256787	-71.4078251	Med High	49.5323630488524
1369	2018-04-02	715753	12:00:00	Pedestrian	1	NA	FALSE	FALSE	1	ELM ST	EDDY ST	2018-04-02	Two-Way , Not Divided	Wet	Daylight	Sleet, Hail (Freezing Rain or Drizzle)	Other	No	No Controls	4	1	Non-Incapacitating	NA	41.81825	-71.40748	FALSE	FALSE	Elm Street and Eddy Street, Providence, RI, USA	FALSE	-71.4072274	41.8059506	route	geometric_center	eddy st, providence, ri, usa	Elm Street & Eddy Street, Providence, RI, USA	Ei1FbG0gU3RyZWV0ICYgRWRkeSBTdHJlZXQsIFByb3ZpZGVuY2UsIFJJLCBVU0EiZiJkChQKEgk30H23akXkiRHHyJmHGhfFLxIUChIJN9B9t2pF5IkRx8iZhxoXxS8aFAoSCTetlBxrReSJEdFjUH7rFNSdGhQKEgk7THgZZ0XkiRFtx11RWtRKyCIKDfT17BgVSxZw1Q	41.8182644	-71.40745489999999	41.8182644	-71.40745489999999	Med	2.6278916681488056
1370	2018-04-02	715886	15:11:00	Pedestrian	1	NA	FALSE	FALSE	1	BROADWAY	SERVICE ROAD 8	2018-04-02	Two-Way , Not Divided	Dry	Daylight	Clear	Not a Collision Between Two Motor Vehicles in Transport	No	Traffic Control Signal	3	1	Complains Of Pain	NA	41.82212	-71.41976	FALSE	FALSE	Broadway and Service Road 8, Providence, RI, USA	FALSE	-71.391257	41.7939064	street_address	range_interpolated	8 service rd, providence, ri 02905, usa	NA	NA	NA	NA	41.7939064	-71.391257	Med High	3931.6188190658218
1371	2018-03-30	714851	12:53:00	Pedestrian	1	NA	FALSE	FALSE	1	SALMON ST	MANTON AVE	2018-03-30	Two-Way , Not Divided	Dry	Daylight	Clear	Not a Collision Between Two Motor Vehicles in Transport	No	Pavement Markings	3	1	Complains Of Pain	NA	41.82521	-71.45405	FALSE	FALSE	Salmon Street and Manton Ave, Providence, RI, USA	FALSE	-71.4539247	41.82510970000001	intersection	geometric_center	salmon st & manton ave, providence, ri 02909, usa	NA	NA	NA	NA	41.82510970000001	-71.4539247	Med High	15.254556053315385
1372	2018-03-27	713626	17:39:00	Pedestrian	1	NA	FALSE	FALSE	1	Dean Street	BROADWAY	2018-03-27	Two-Way, Divided, Unprotected (painted>4feet) Medium	Dry	Daylight	Clear	Not a Collision Between Two Motor Vehicles in Transport	No	No Controls	2	1	Non-Incapacitating	2	41.82133	-71.42247	FALSE	FALSE	Dean Street and Broadway, Providence, RI, USA	FALSE	-71.42253099999999	41.821414	intersection	geometric_center	dean st & broadway, providence, ri 02903, usa	NA	NA	NA	NA	41.821414	-71.42253099999999	Med High	10.632327634815507
1373	2018-03-26	713019	18:01:00	Bicycle	NA	1	FALSE	FALSE	1	159 WEYBOSSET ST	NA	2018-03-26	Two-Way , Not Divided	Dry	Daylight	Clear	Not a Collision Between Two Motor Vehicles in Transport	No	No Controls	5	1	Complains Of Pain	2	41.82249	-71.41157	TRUE	TRUE	159 Weybosset Street, Providence, RI, USA	FALSE	-71.4118003	41.8225458	premise	rooftop	159 weybosset st, providence, ri 02903, usa	NA	NA	NA	NA	41.8225458	-71.4118003	High	20.089396144627788
1374	2018-03-21	711316	16:26:00	Pedestrian	1	NA	FALSE	FALSE	1	881 WESTMINSTER ST	NA	2018-03-21	Two-Way , Not Divided	Wet	Daylight	Snow	Not a Collision Between Two Motor Vehicles in Transport	No	No Controls	4	1	Complains Of Pain	2	41.81737	-71.42278	TRUE	TRUE	881 Westminster Street, Providence, RI, USA	FALSE	-71.4227003	41.8176757	street_address	rooftop	881 westminster st, providence, ri 02903, usa	NA	NA	NA	NA	41.8176757	-71.4227003	High	34.66679738406783
1375	2018-03-20	711110	18:15:00	Bicycle	NA	1	FALSE	FALSE	1	BERGEN ST	ANDEM ST	2018-03-21	Two-Way , Not Divided	Dry	Dark - Lighted	Clear	Not a Collision Between Two Motor Vehicles in Transport	Yes, M/V and Driver Left Scene	Stop Signs	1	1	Complains Of Pain	NA	41.83078	-71.43984	FALSE	FALSE	Bergen Street and Andem Street, Providence, RI, USA	FALSE	-71.439842	41.83078	intersection	geometric_center	bergen st & andem st, providence, ri 02908, usa	NA	NA	NA	NA	41.83078	-71.439842	Med High	0.16589227279934105
1376	2018-03-17	709180	01:53:00	Pedestrian	1	NA	FALSE	FALSE	1	ACORN ST	ATWELLS AVE	2018-03-17	Two-Way , Not Divided	Dry	Dark - Lighted	Clear	Other	Yes, M/V and Driver Left Scene	No Controls	4	1	Complains Of Pain	2	41.82385	-71.42801	FALSE	FALSE	Acorn Street and Atwells Ave, Providence, RI, USA	FALSE	-71.4280552	41.8236891	intersection	geometric_center	acorn st & atwells ave, providence, ri 02903, usa	NA	NA	NA	NA	41.8236891	-71.4280552	Med High	18.299568432490858
1377	2018-03-14	707593	23:55:00	Pedestrian	1	NA	FALSE	FALSE	1	SOMERSET ST	BROAD ST	2018-03-15	Two-Way , Not Divided	Wet	Dark - Lighted	Cloudy	Other	No	No Controls	4	1	Incapacitating	2	41.81332	-71.42129	FALSE	FALSE	Somerset Street and Broad Street, Providence, RI, USA	FALSE	-71.4128343	41.8239891	locality	approximate	providence, ri, usa	Somerset Street & Broad Street, Providence, RI, USA	EjNTb21lcnNldCBTdHJlZXQgJiBCcm9hZCBTdHJlZXQsIFByb3ZpZGVuY2UsIFJJLCBVU0EiZiJkChQKEgkL8cb6cEXkiRFbmigrIHJHkRIUChIJC_HG-nBF5IkRW5ooKyByR5EaFAoSCevDHxlwReSJEcOvKHyw6CVNGhQKEgmD3n3VjE_kiREsosqTmEsIoyIKDT067BgVsO5t1Q	41.8134589	-71.421576	41.8134589	-71.421576	Med	28.322240378459576
1378	2018-03-12	705961	00:14:00	Other	NA	NA	FALSE	FALSE	1	BROADWAY	DEAN ST	2018-03-12	Two-Way , Not Divided	Dry	Dark - Lighted	Clear	Other	No	Flashing Traffic Control Signal	2	1	Non-Incapacitating	2	41.82139	-71.42258	FALSE	FALSE	Broadway and Dean Street, Providence, RI, USA	FALSE	-71.4242155	41.8234078	route	geometric_center	dean st, providence, ri, usa	Broadway & Dean Street, Providence, RI, USA	EitCcm9hZHdheSAmIERlYW4gU3RyZWV0LCBQcm92aWRlbmNlLCBSSSwgVVNBImYiZAoUChIJCcRZtQxF5IkRWJynngBsfzMSFAoSCQnEWbUMReSJEVicp54AbH8zGhQKEgmlteWGdUXkiREawjOx16RvsxoUChIJWwZsfgxF5IkRyLSf36DnQOQiCg38cO0YFWLJbdU	41.821414	-71.42253099999999	41.821414	-71.42253099999999	Med	4.864326945790161
1379	2018-03-12	706008	07:31:00	Pedestrian	1	NA	FALSE	FALSE	1	CHARLES ST	LEDGE ST	2018-03-12	Two-Way , Not Divided	Dry	Daylight	Clear	Not a Collision Between Two Motor Vehicles in Transport	No	No Controls	5	1	Complains Of Pain	NA	41.85335	-71.42046	FALSE	FALSE	Charles Street and Ledge Street, Providence, RI, USA	FALSE	-71.4164713	41.8538765	route	geometric_center	ledge st, providence, ri 02904, usa	Charles Street & Ledge Street, Providence, RI, USA	EjJDaGFybGVzIFN0cmVldCAmIExlZGdlIFN0cmVldCwgUHJvdmlkZW5jZSwgUkksIFVTQSJmImQKFAoSCb-kYqPxROSJEU77EuvE6CszEhQKEgm_pGKj8UTkiRFO-xLrxOgrMxoUChIJdQvObPFE5IkRy2TLLjVV_TIaFAoSCT_xOnPuROSJEZQVmiAl9zyqIgoNn0jyGBWLHG7V	41.8531487	-71.42040209999999	41.8531487	-71.42040209999999	Med	22.917123581104555
1380	2018-03-12	706159	13:54:00	Pedestrian	1	NA	FALSE	FALSE	1	ATLANTIC AVE	NIAGARA ST	2018-03-12	Two-Way , Not Divided	Dry	Daylight	Clear	Not a Collision Between Two Motor Vehicles in Transport	Yes, M/V and Driver Left Scene	No Controls	2	1	Complains Of Pain	NA	41.79925	-71.41661	FALSE	FALSE	Atlantic Ave and Niagara Street, Providence, RI, USA	FALSE	-71.4186449	41.7986319	intersection	geometric_center	atlantic ave & niagara st, providence, ri 02907, usa	NA	NA	NA	NA	41.7986319	-71.4186449	Med High	182.35066881093564
1381	2018-03-10	705343	20:10:00	Pedestrian	1	NA	FALSE	FALSE	1	atwells ave	STEUBEN ST	2018-03-10	Two-Way, Divided, Unprotected (painted>4feet) Medium	Dry	Dark - Lighted	Clear	Other	Yes, M/V and Driver Left Scene	Person	1	1	Complains Of Pain	NA	41.82508	-71.44905	FALSE	FALSE	Atwells Ave and Steuben Street, Providence, RI, USA	FALSE	-71.4493409	41.8251	intersection	geometric_center	atwells ave & steuben st, providence, ri 02909, usa	NA	NA	NA	NA	41.8251	-71.4493409	Med High	24.233663732733987
1382	2018-03-08	704642	18:04:00	Pedestrian	1	NA	FALSE	FALSE	1	COLLEGE ST	BENEFIT ST	2018-03-08	Two-Way , Not Divided	Dry	Dusk	Cloudy	Other	Yes, M/V and Driver Left Scene	Pavement Markings	4	1	Complains Of Pain	NA	41.826	-71.40683	FALSE	FALSE	College Street and Benefit Street, Providence, RI, USA	FALSE	-71.4068354	41.8260134	route	geometric_center	benefit st, providence, ri, usa	College Street & Benefit Street, Providence, RI, USA	EjRDb2xsZWdlIFN0cmVldCAmIEJlbmVmaXQgU3RyZWV0LCBQcm92aWRlbmNlLCBSSSwgVVNBImYiZAoUChIJT1PH0hdF5IkRsjAAs9BpeJgSFAoSCU9Tx9IXReSJEbIwALPQaXiYGhQKEgnR5cstFkXkiRH1TvxbNfBkPhoUChIJedk4CD1F5IkRxfbmqgrCUioiCg2mJO4YFX4ucNU	41.8260134	-71.40683539999999	41.8260134	-71.40683539999999	Med	1.5574868370005728
1383	2018-03-07	704051	13:21:00	Pedestrian	1	NA	FALSE	FALSE	1	NARRAGANSETT BLVD	WASHINGTON AVE	2018-03-07	Two-Way , Not Divided	Wet	Daylight	Rain	Not a Collision Between Two Motor Vehicles in Transport	No	No Controls	3	1	Complains Of Pain	NA	41.78823	-71.39574	FALSE	FALSE	Narragansett Blvd and Washington Ave, Providence, RI, USA	FALSE	-71.3957084	41.7881718	intersection	geometric_center	washington ave & narragansett blvd, providence, ri 02905, usa	NA	NA	NA	NA	41.7881718	-71.3957084	Med High	6.989568624110121
1384	2018-03-07	704252	19:48:00	Pedestrian	1	NA	FALSE	FALSE	1	THURBERS AVE	BROAD ST	2018-03-07	Two-Way , Not Divided	Snow	Dark - Lighted	Snow	Other	No	No Controls	2	1	Complains Of Pain	NA	41.79822	-71.41453	FALSE	FALSE	Thurbers Ave and Broad Street, Providence, RI, USA	FALSE	-71.4146641	41.7982024	intersection	geometric_center	thurbers ave & broad st, providence, ri 02905, usa	NA	NA	NA	NA	41.7982024	-71.4146641	Med High	11.299879835423972