row_number	crash_date	crash_report_id	crash_time	collision_type	count_pedestrian	count_bicycle	scooter	wheel_chair	number_of_vehicles	street_or_highway	nearest_intersection	report_date	type_of_roadway	road_surface_condition	light_condition	weather_condition	manner_of_impact	hit_and_run	traffic_control	person_count	injury_count	most_serious_injury	number_of_lanes	lat_raw	lon_raw	has_st_number	is_intersection_null	address_sent_to_geocoder	is_address_blank	lon_api_first_try	lat_api_first_try	type	loctype	address_returned_by_geocoder	address_returned_by_autocomplete	place_ids_autocompleted	lat_api_second_try	lon_api_second_try	lat_api_best	lon_api_best	api_coord_conf	distance_btwn_coords_meters
1644	2017-06-05	577944	18:50:00	Bicycle	NA	1	FALSE	FALSE	1	4TH ST	SUMMIT AVE	2017-06-05	Two-Way , Not Divided	Dry	Dark - Lighted	Clear	Other	Yes, M/V and Driver Left Scene	No Controls	2	0	No Injury	NA	41.85052	-71.39825	FALSE	FALSE	4th Street and Summit Ave, Providence, RI, USA	FALSE	-71.398247	41.850533	route	geometric_center	summit ave, providence, ri 02906, usa	4th Street & Summit Ave, Providence, RI, USA	Eiw0dGggU3RyZWV0ICYgU3VtbWl0IEF2ZSwgUHJvdmlkZW5jZSwgUkksIFVTQSJmImQKFAoSCYWlTyTEROSJEbAGfT0wMgxAEhQKEgmFpU8kxETkiRGwBn09MDIMQBoUChIJ7QsqzsVE5IkRdJ5UApq7RJ0aFAoSCWc0otTFROSJEcuWttDdYL4lIgoNcuLxGBX6fXHV	41.850533	-71.398247	41.850533	-71.398247	Med	1.468378443952311
1645	2017-06-02	576913	16:45:00	Bicycle	NA	1	FALSE	FALSE	1	PUMGANSETT ST	ADMIRAL ST	2017-06-02	Two-Way , Not Divided	Wet	Daylight	Cloudy	Not a Collision Between Two Motor Vehicles in Transport	No	Pavement Markings	3	1	Complains Of Pain	NA	41.84268	-71.422	FALSE	FALSE	Pumgansett Street and Admiral Street, Providence, RI, USA	FALSE	-71.42198599999999	41.84269870000001	intersection	geometric_center	admiral st & pumgansett st, providence, ri 02908, usa	NA	NA	NA	NA	41.84269870000001	-71.42198599999999	Med High	2.383560137004931
1646	2017-06-02	576980	20:08:00	Bicycle	NA	1	FALSE	FALSE	1	HAMLIN ST	ELMWOOD AVE	2017-06-02	Two-Way , Not Divided	Dry	Daylight	Clear	Not a Collision Between Two Motor Vehicles in Transport	No	No Controls	2	0	No Injury	NA	41.7809	-71.42112	FALSE	FALSE	Hamlin Street and Elmwood Ave, Providence, RI, USA	FALSE	-71.4200348	41.7806968	intersection	geometric_center	hamlin st & elmwood ave, providence, ri 02907, usa	NA	NA	NA	NA	41.7806968	-71.4200348	Med High	92.87996624517798
1647	2017-06-01	576803	21:40:00	Pedestrian	1	NA	FALSE	FALSE	1	PLAINFIELD ST	DUXBURY ST	2017-06-01	Two-Way , Not Divided	Dry	Dark - Lighted	Clear	Other	No	No Controls	2	1	Complains Of Pain	NA	41.81215	-71.46159	FALSE	FALSE	Plainfield Street and Duxbury Street, Providence, RI, USA	FALSE	-71.461586	41.8121529	intersection	geometric_center	duxbury st & plainfield st, providence, ri 02909, usa	NA	NA	NA	NA	41.8121529	-71.461586	Med High	0.46299245893714946
1648	2017-05-31	576369	12:47:00	Bicycle	NA	1	FALSE	FALSE	1	391 CHARLES ST	SILVER SPRING ST	2017-05-31	Two-Way , Not Divided	Dry	Daylight	Clear	Other	No	No Controls	4	1	Complains Of Pain	NA	41.84455	-71.41863	TRUE	FALSE	391 Charles Street, Providence, RI, USA	FALSE	-71.418266	41.8447294	premise	rooftop	391 charles st, providence, ri 02904, usa	NA	NA	NA	NA	41.8447294	-71.418266	High	36.194135014298034
1649	2017-05-29	575796	21:01:00	Pedestrian	1	NA	FALSE	FALSE	1	Huntington Ave	NA	2017-05-30	One-Way Trafficway	Dry	Dark - Lighted	Clear	Not a Collision Between Two Motor Vehicles in Transport	No	No Controls	5	1	Complains Of Pain	NA	41.80394	-71.43901	FALSE	TRUE	Huntington Ave, Providence, RI, USA	FALSE	-71.4361117	41.8025522	route	geometric_center	huntington ave, providence, ri, usa	NA	NA	NA	NA	41.8025522	-71.4361117	Inaccurate	285.84982946155446
1650	2017-05-25	574021	13:24:00	Pedestrian	1	NA	FALSE	FALSE	1	ATWELLS AVE	VALLEY ST	2017-05-25	Two-Way , Not Divided	Wet	Daylight	Rain	Not a Collision Between Two Motor Vehicles in Transport	No	Traffic Control Signal	4	1	Complains Of Pain	2	41.82456	-71.43949	FALSE	FALSE	Atwells Ave and Valley Street, Providence, RI, USA	FALSE	-71.4394736	41.8245768	intersection	geometric_center	valley st & atwells ave, providence, ri 02908, usa	NA	NA	NA	NA	41.8245768	-71.4394736	Med High	2.3126492950802264
1651	2017-05-22	573119	15:40:00	Pedestrian	1	NA	FALSE	FALSE	1	SMITH ST	CHALKSTONE AVE	2017-05-22	Two-Way , Not Divided	Dry	Daylight	Rain	Not a Collision Between Two Motor Vehicles in Transport	No	No Controls	3	1	Complains Of Pain	NA	41.83521	-71.42565	FALSE	FALSE	Smith Street and Chalkstone Ave, Providence, RI, USA	FALSE	-71.4256425	41.83522139999999	intersection	geometric_center	chalkstone ave & smith st, providence, ri 02908, usa	NA	NA	NA	NA	41.83522139999999	-71.4256425	Med High	1.413300364710605
1652	2017-05-22	573133	15:03:00	Pedestrian	1	NA	FALSE	FALSE	1	UNION AVE	SORRENTO ST	2017-05-22	Two-Way, Divided, Unprotected (painted>4feet) Medium	Wet	Daylight	Cloudy	Not a Collision Between Two Motor Vehicles in Transport	No	No Controls	2	1	Non-Incapacitating	NA	41.81003	-71.4355	FALSE	FALSE	Union Ave and Sorrento Street, Providence, RI, USA	FALSE	-71.4354899	41.8100607	intersection	geometric_center	sorrento st & union ave, providence, ri 02909, usa	NA	NA	NA	NA	41.8100607	-71.4354899	Med High	3.518757334215386
1653	2017-05-21	572355	03:47:00	Pedestrian	1	NA	FALSE	FALSE	1	BROAD ST	SOMERSET ST	2017-05-21	Two-Way , Not Divided	Dry	Dark - Lighted	Clear	Other	Yes, M/V and Driver Left Scene	No Controls	3	1	Incapacitating	2	41.81373	-71.42156	FALSE	FALSE	Broad Street and Somerset Street, Providence, RI, USA	FALSE	-71.4189293	41.8120584	route	geometric_center	somerset st, providence, ri, usa	Broad Street & Somerset Street, Providence, RI, USA	EjNCcm9hZCBTdHJlZXQgJiBTb21lcnNldCBTdHJlZXQsIFByb3ZpZGVuY2UsIFJJLCBVU0EiZiJkChQKEgkL8cb6cEXkiRFbmigrIHJHkRIUChIJC_HG-nBF5IkRW5ooKyByR5EaFAoSCYPefdWMT-SJESyiypOYSwijGhQKEgnrwx8ZcEXkiRHDryh8sOglTSIKDT067BgVsO5t1Q	41.8134589	-71.421576	41.8134589	-71.421576	Med	30.207896605566454
1654	2017-05-19	571646	15:16:00	Bicycle	NA	1	FALSE	FALSE	1	WESTMINSTER ST	DEXTER ST	2017-05-19	Two-Way , Not Divided	Dry	Daylight	Clear	Not a Collision Between Two Motor Vehicles in Transport	Yes, M/V and Driver Left Scene	Pavement Markings	1	0	No Injury	NA	41.81659	-71.43134	FALSE	FALSE	Westminster Street and Dexter Street, Providence, RI, USA	FALSE	-71.4313462	41.8166033	intersection	geometric_center	dexter st & westminster st, providence, ri 02909, usa	NA	NA	NA	NA	41.8166033	-71.4313462	Med High	1.567358534700792
1655	2017-05-19	572160	13:23:00	Bicycle	NA	NA	FALSE	FALSE	2	I 95 N	DOUGLAS AVE	2017-05-19	Two-Way , Not Divided	Dry	Daylight	Clear	Angle (Front - to - Side) Same Direction	Yes, M/V and Driver Left Scene	No Controls	1	0	No Injury	NA	41.8347	-71.41607	FALSE	FALSE	I 95 N and Douglas Ave, Providence, RI, USA	FALSE	-71.4192655	41.8361835	street_address	range_interpolated	95 douglas ave, providence, ri 02908, usa	NA	NA	NA	NA	41.8361835	-71.4192655	Med High	312.2749190223981
1656	2017-05-18	570932	07:57:00	Pedestrian	1	NA	FALSE	FALSE	1	ATWELLS AVE	VALLEY ST	2017-05-18	Two-Way, Divided, Unprotected (painted>4feet) Medium	Dry	Daylight	Clear	Not a Collision Between Two Motor Vehicles in Transport	No	Traffic Control Signal	2	0	No Injury	NA	41.82456	-71.43948	FALSE	FALSE	Atwells Ave and Valley Street, Providence, RI, USA	FALSE	-71.4394736	41.8245768	intersection	geometric_center	valley st & atwells ave, providence, ri 02908, usa	NA	NA	NA	NA	41.8245768	-71.4394736	Med High	1.9440648883575875
1657	2017-05-18	571007	13:00:00	Bicycle	NA	1	FALSE	FALSE	1	DOUGLAS AVE	LUBEC ST	2017-05-18	Two-Way, Divided, Unprotected (painted>4feet) Medium	Dry	Daylight	Clear	Not a Collision Between Two Motor Vehicles in Transport	No	No Controls	2	1	Complains Of Pain	NA	41.84258	-71.44515	FALSE	FALSE	Douglas Ave and Lubec Street, Providence, RI, USA	FALSE	-71.4416833	41.8557294	intersection	geometric_center	lubec st & douglas ave, providence, ri 02904, usa	NA	NA	NA	NA	41.8557294	-71.4416833	Med High	1491.744705898506
1658	2017-05-18	571177	15:38:00	Pedestrian	1	NA	FALSE	FALSE	1	RICHMOND ST	POINT ST	2017-05-18	Two-Way , Not Divided	Dry	Daylight	Clear	Not a Collision Between Two Motor Vehicles in Transport	No	Traffic Control Signal	3	1	Complains Of Pain	NA	41.81657	-71.40728	FALSE	FALSE	Richmond Street and Point Street, Providence, RI, USA	FALSE	-71.407245	41.8165589	intersection	geometric_center	point st & richmond st, providence, ri 02903, usa	NA	NA	NA	NA	41.8165589	-71.407245	Med High	3.155731379910807
1659	2017-05-16	570432	14:23:00	Pedestrian	1	NA	FALSE	FALSE	1	DUTTON ST	ATWELLS AVE	2017-05-16	Two-Way , Not Divided	Dry	Daylight	Clear	Not a Collision Between Two Motor Vehicles in Transport	Yes, M/V and Driver Left Scene	No Controls	1	1	Complains Of Pain	NA	41.82558	-71.45317	FALSE	FALSE	Dutton Street and Atwells Ave, Providence, RI, USA	FALSE	-71.45302280000001	41.82529	intersection	geometric_center	atwells ave & dutton st, providence, ri 02909, usa	NA	NA	NA	NA	41.82529	-71.45302280000001	Med High	34.51478828081588
1660	2017-05-16	570503	17:47:00	Pedestrian	1	NA	FALSE	FALSE	1	BROAD ST	CLAVERICK ST	2017-05-16	Two-Way , Not Divided	Dry	Daylight	Clear	Not a Collision Between Two Motor Vehicles in Transport	No	Traffic Control Signal	7	1	Complains Of Pain	NA	41.81938	-71.41493	FALSE	FALSE	Broad Street and Claverick Street, Providence, RI, USA	FALSE	-71.413061	41.8182487	route	geometric_center	claverick st, providence, ri 02903, usa	Broad Street & Claverick Street, Providence, RI, USA	EjRCcm9hZCBTdHJlZXQgJiBDbGF2ZXJpY2sgU3RyZWV0LCBQcm92aWRlbmNlLCBSSSwgVVNBImYiZAoUChIJN-H52GxF5IkR-aG6rjTYAMMSFAoSCTfh-dhsReSJEfmhuq402ADDGhQKEgmD3n3VjE_kiREsosqTmEsIoxoUChIJCd0jlGxF5IkRCow_XvXZa3YiCg2rIO0YFTrwbtU	41.8193579	-71.41498299999999	41.8193579	-71.41498299999999	Med	5.038390015580217
1661	2017-05-15	569919	10:59:00	Pedestrian	1	NA	FALSE	FALSE	1	635 ELMWOOD AVE	NA	2017-05-15	Two-Way, Divided, Positive Median Barrier	Wet	Daylight	Rain	Not a Collision Between Two Motor Vehicles in Transport	No	No Controls	4	1	Complains Of Pain	4	41.79479	-71.4245	TRUE	TRUE	635 Elmwood Ave, Providence, RI, USA	FALSE	-71.4250531	41.7947298	premise	rooftop	635 elmwood ave, providence, ri 02907, usa	NA	NA	NA	NA	41.7947298	-71.4250531	High	46.38990722015954
1662	2017-05-15	569971	15:30:00	Bicycle	NA	1	FALSE	FALSE	1	GALLUP ST	GORDON AVE	2017-05-15	Two-Way , Not Divided	Dry	Daylight	Cloudy	Not a Collision Between Two Motor Vehicles in Transport	No	Stop Signs	3	1	Complains Of Pain	NA	41.79971	-71.41403	FALSE	FALSE	Gallup Street and Gordon Ave, Providence, RI, USA	FALSE	-71.4140427	41.7997126	intersection	geometric_center	gordon ave & gallup st, providence, ri 02907, usa	NA	NA	NA	NA	41.7997126	-71.4140427	Med High	1.0929466418437286
1663	2017-05-13	570185	13:06:00	Bicycle	NA	1	FALSE	FALSE	1	cranston st	wendell st	2017-05-16	Two-Way , Not Divided	Dry	Daylight	Cloudy	Not a Collision Between Two Motor Vehicles in Transport	No	No Controls	2	0	No Injury	NA	41.80938	-71.42439	FALSE	FALSE	Cranston Street and Wendell Street, Providence, RI, USA	FALSE	-71.4315335	41.8115212	intersection	geometric_center	cranston st & wendell st, providence, ri 02909, usa	NA	NA	NA	NA	41.8115212	-71.4315335	Med High	638.8457767923156
1664	2017-05-12	569842	21:27:00	Pedestrian	1	NA	FALSE	FALSE	1	375 Plainfield St	NA	2017-05-12	Two-Way , Not Divided	Dry	Dark - Lighted	Clear	Not a Collision Between Two Motor Vehicles in Transport	No	No Controls	2	1	Complains Of Pain	NA	41.81377	-71.44875	TRUE	TRUE	375 Plainfield Street, Providence, RI, USA	FALSE	-71.45055959999999	41.813786	street_address	rooftop	375 plainfield st, providence, ri 02909, usa	NA	NA	NA	NA	41.813786	-71.45055959999999	High	150.1497535094232
1665	2017-05-10	567889	08:59:00	Pedestrian	1	NA	FALSE	FALSE	1	PUBLIC ST	PRAIRIE AVE	2017-05-10	Two-Way, Divided, Unprotected (painted>4feet) Medium	Dry	Daylight	Clear	Not a Collision Between Two Motor Vehicles in Transport	Yes, M/V and Driver Left Scene	Traffic Control Signal	5	1	Incapacitating	NA	41.80556	-71.41481	FALSE	FALSE	Public Street and Prairie Ave, Providence, RI, USA	FALSE	-71.41481200000001	41.8055601	intersection	geometric_center	public st & prairie ave, providence, ri 02907, usa	NA	NA	NA	NA	41.8055601	-71.41481200000001	Med High	0.16633054688877882
1666	2017-05-10	567996	14:16:00	Pedestrian	1	NA	FALSE	FALSE	1	DEAN ST	W FOUNTAIN ST	2017-05-10	Two-Way , Not Divided	Dry	Daylight	Cloudy	Not a Collision Between Two Motor Vehicles in Transport	No	Pavement Markings	2	1	Complains Of Pain	NA	41.81955	-71.42104	FALSE	FALSE	Dean Street and W Fountain Street, Providence, RI, USA	FALSE	-71.4237818	41.8186738	route	geometric_center	w fountain st, providence, ri 02903, usa	Dean Street & West Fountain Street, Providence, RI, USA	EjdEZWFuIFN0cmVldCAmIFdlc3QgRm91bnRhaW4gU3RyZWV0LCBQcm92aWRlbmNlLCBSSSwgVVNBImYiZAoUChIJpfXr4nJF5IkRDSAALlSdC2oSFAoSCaX16-JyReSJEQ0gAC5UnQtqGhQKEglbBmx-DEXkiRHItJ_foOdA5BoUChIJU_0fgXNF5IkRIZ432AOnResiCg0kIu0YFVIIbtU	41.8193956	-71.4209198	41.8193956	-71.4209198	Med	19.870998026988477
1667	2017-05-10	568407	23:06:00	Pedestrian	1	NA	FALSE	FALSE	1	VALLEY ST	DEAN ST	2017-05-11	Two-Way, Divided, Unprotected (painted>4feet) Medium	Dry	Dark - Lighted	Clear	Not a Collision Between Two Motor Vehicles in Transport	No	Traffic Control Signal	2	1	Non-Incapacitating	NA	41.83149	-71.42836	FALSE	FALSE	Valley Street and Dean Street, Providence, RI, USA	FALSE	-71.4242155	41.8234078	route	geometric_center	dean st, providence, ri, usa	NA	NA	NA	NA	41.8234078	-71.4242155	Med	963.1520534548036
1668	2017-05-07	567253	18:42:00	Pedestrian	1	NA	FALSE	FALSE	1	15 CLEMATIS ST	CHALKSTONE AVE	2017-05-07	Two-Way , Not Divided	Dry	Daylight	Clear	Not a Collision Between Two Motor Vehicles in Transport	No	No Controls	3	1	Complains Of Pain	NA	41.83303	-71.4459	TRUE	FALSE	15 Clematis Street, Providence, RI, USA	FALSE	-71.4457351	41.8331102	premise	rooftop	15 clematis st, providence, ri 02908, usa	NA	NA	NA	NA	41.8331102	-71.4457351	High	16.33325881357016
1669	2017-05-07	567341	00:01:00	Bicycle	NA	1	FALSE	FALSE	1	BROADWAY	COURTLAND ST	2017-05-07	Two-Way , Not Divided	Wet	Dark - Lighted	Cloudy	Other	Yes, M/V and Driver Left Scene	No Controls	2	1	Complains Of Pain	2	41.81936	-71.43122	FALSE	FALSE	Broadway and Courtland Street, Providence, RI, USA	FALSE	-71.4312276	41.8193752	route	geometric_center	courtland st, providence, ri 02909, usa	Broadway & Courtland Street, Providence, RI, USA	EjBCcm9hZHdheSAmIENvdXJ0bGFuZCBTdHJlZXQsIFByb3ZpZGVuY2UsIFJJLCBVU0EiZiJkChQKEgkfTP4-nkXkiRHaRpD1HdCAZxIUChIJH0z-Pp5F5IkR2kaQ9R3QgGcaFAoSCaW15YZ1ReSJERrCM7HXpG-zGhQKEgmBJD9HnkXkiREEPU6rEi8kayIKDVgh7RgVrHVs1Q	41.8193752	-71.4312276	41.8193752	-71.4312276	Med	1.8057099544562136
1670	2017-05-05	566337	00:08:00	Bicycle	NA	1	FALSE	FALSE	1	CRANSTON ST	POTTERS AVE	2017-05-05	Two-Way, Divided, Unprotected (painted>4feet) Medium	Dry	Dark - Lighted	Clear	Not a Collision Between Two Motor Vehicles in Transport	No	No Controls	3	1	Non-Incapacitating	NA	41.80505	-71.43778	FALSE	FALSE	Cranston Street and Potters Ave, Providence, RI, USA	FALSE	-71.43779049999999	41.8050672	intersection	geometric_center	potters ave & cranston st, providence, ri 02909, usa	NA	NA	NA	NA	41.8050672	-71.43779049999999	Med High	2.1036145564996684
1671	2017-05-05	566566	14:59:00	Pedestrian	1	NA	FALSE	FALSE	1	DOUGLAS AVE	EATON ST	2017-05-05	Two-Way , Not Divided	Wet	Daylight	Rain	Not a Collision Between Two Motor Vehicles in Transport	Yes, M/V and Driver Left Scene	No Controls	1	1	Complains Of Pain	NA	41.84099	-71.4273	FALSE	FALSE	Douglas Ave and Eaton Street, Providence, RI, USA	FALSE	-71.42730879999999	41.8410051	intersection	geometric_center	eaton st & douglas ave, providence, ri 02908, usa	NA	NA	NA	NA	41.8410051	-71.42730879999999	Med High	1.8325196900648466
1672	2017-05-04	566153	17:37:00	Pedestrian	1	NA	FALSE	FALSE	1	MANTON AVE	PALFREY PL	2017-05-04	Two-Way , Not Divided	Dry	Daylight	Clear	Other	Yes, M/V and Driver Left Scene	Traffic Control Signal	2	1	Complains Of Pain	NA	41.83389	-71.4677	FALSE	FALSE	Manton Ave and Palfrey Pl, Providence, RI, USA	FALSE	-71.4678819	41.8338956	intersection	geometric_center	palfrey pl & manton ave, providence, ri 02909, usa	NA	NA	NA	NA	41.8338956	-71.4678819	Med High	15.10004199754664
1673	2017-05-02	565279	16:42:00	Bicycle	NA	1	FALSE	FALSE	1	MANTON AVE	Unit St	2017-05-02	Two-Way, Divided, Unprotected (painted>4feet) Medium	Dry	Daylight	Clear	Angle (Front - to - Side) Right Angle (Includes Broadside)	No	No Controls	2	1	Complains Of Pain	NA	41.82538	-71.45468	FALSE	FALSE	Manton Ave and Unit Street, Providence, RI, USA	FALSE	-71.4546644	41.8253651	intersection	geometric_center	unit st & manton ave, providence, ri 02909, usa	NA	NA	NA	NA	41.8253651	-71.4546644	Med High	2.103751180232995
1674	2017-05-01	564705	12:07:00	Bicycle	NA	1	FALSE	FALSE	1	GROVE ST	VINTON ST	2017-05-01	One-Way Trafficway	Dry	Daylight	Clear	Not a Collision Between Two Motor Vehicles in Transport	Yes, M/V and Driver Left Scene	No Controls	3	1	Complains Of Pain	NA	41.82075	-71.42856	FALSE	FALSE	Grove Street and Vinton Street, Providence, RI, USA	FALSE	-71.42856630000001	41.8207514	intersection	geometric_center	vinton st & grove st, providence, ri 02909, usa	NA	NA	NA	NA	41.8207514	-71.42856630000001	Med High	0.5453838906856425
1675	2017-04-30	564319	11:53:00	Pedestrian	1	NA	FALSE	FALSE	1	CRANSTON ST	HARRISON ST	2017-04-30	Two-Way , Not Divided	Dry	Daylight	Clear	Not a Collision Between Two Motor Vehicles in Transport	No	Stop Signs	3	1	Complains Of Pain	NA	41.81305	-71.42872	FALSE	FALSE	Cranston Street and Harrison Street, Providence, RI, USA	FALSE	-71.4286583	41.8130997	intersection	geometric_center	cranston st & harrison st, providence, ri 02907, usa	NA	NA	NA	NA	41.8130997	-71.4286583	Med High	7.537609217518223
1676	2017-04-29	564089	16:22:00	Pedestrian	1	NA	FALSE	FALSE	1	895 ELMWOOD AVENUE	NA	2017-04-29	Two-Way , Not Divided	Dry	Daylight	Clear	Not a Collision Between Two Motor Vehicles in Transport	No	No Controls	4	1	Non-Incapacitating	NA	41.7882	-71.42084	TRUE	TRUE	895 Elmwood Avenue, Providence, RI, USA	FALSE	-71.4211699	41.78798949999999	premise	rooftop	895 elmwood ave, providence, ri 02907, usa	NA	NA	NA	NA	41.78798949999999	-71.4211699	High	36.039937980495296
1677	2017-04-28	563569	00:51:00	Pedestrian	1	NA	FALSE	FALSE	1	STONELAW AVE	SHARON ST	2017-04-28	Two-Way , Not Divided	Dry	Dark - Lighted	Cloudy	Other	No	No Controls	3	0	No Injury	2	41.84682	-71.44274	FALSE	FALSE	Stonelaw Ave and Sharon Street, Providence, RI, USA	FALSE	-71.4429111	41.8468367	intersection	geometric_center	stonelaw ave & sharon st, providence, ri 02908, usa	NA	NA	NA	NA	41.8468367	-71.4429111	Med High	14.3097961286828
1678	2017-04-28	563645	14:40:00	Pedestrian	1	NA	TRUE	FALSE	1	MANTON AVE	FRUIT HILL AVE	2017-04-28	Two-Way , Not Divided	Dry	Daylight	Clear	Not a Collision Between Two Motor Vehicles in Transport	No	Traffic Control Signal	3	0	No Injury	NA	41.83388	-71.46783	FALSE	FALSE	Manton Ave and Fruit Hill Ave, Providence, RI, USA	FALSE	-71.46779980000001	41.8339162	intersection	geometric_center	manton ave & fruit hill ave, providence, ri 02909, usa	NA	NA	NA	NA	41.8339162	-71.46779980000001	Med High	4.744817231824867
1679	2017-04-25	563003	18:35:00	Pedestrian	1	NA	FALSE	FALSE	1	ACADEMY AVE	CHALKSTONE AVE	2017-04-25	Two-Way , Not Divided	Wet	Daylight	Rain	Not a Collision Between Two Motor Vehicles in Transport	No	Traffic Control Signal	3	1	Complains Of Pain	NA	41.83243	-71.44453	FALSE	FALSE	Academy Ave and Chalkstone Ave, Providence, RI, USA	FALSE	-71.44452489999999	41.8324538	intersection	geometric_center	academy ave & chalkstone ave, providence, ri 02908, usa	NA	NA	NA	NA	41.8324538	-71.44452489999999	Med High	2.6829614304383695
1680	2017-04-23	561942	13:01:00	Pedestrian	1	NA	FALSE	FALSE	1	SMITH ST	HUXLEY AVE	2017-04-23	Two-Way , Not Divided	Dry	Daylight	Clear	Not a Collision Between Two Motor Vehicles in Transport	No	No Controls	3	1	Complains Of Pain	NA	41.83783	-71.43405	FALSE	FALSE	Smith Street and Huxley Ave, Providence, RI, USA	FALSE	-71.434502	41.838032	intersection	geometric_center	huxley ave & smith st, providence, ri 02908, usa	NA	NA	NA	NA	41.838032	-71.434502	Med High	43.7144643944637
1681	2017-04-19	560650	14:13:00	Pedestrian	1	NA	FALSE	FALSE	1	PENNSYLVANIA AVE	PRAIRIE AVE	2017-04-19	Two-Way , Not Divided	Dry	Daylight	Clear	Not a Collision Between Two Motor Vehicles in Transport	Yes, M/V and Driver Left Scene	Stop Signs	2	1	Non-Incapacitating	NA	41.79785	-71.41152	FALSE	FALSE	Pennsylvania Ave and Prairie Ave, Providence, RI, USA	FALSE	-71.41427	41.8042755	route	geometric_center	prairie ave, providence, ri, usa	Pennsylvania Ave & Prairie Ave, Providence, RI, USA	EjNQZW5uc3lsdmFuaWEgQXZlICYgUHJhaXJpZSBBdmUsIFByb3ZpZGVuY2UsIFJJLCBVU0EiZiJkChQKEgnfA9vSi0_kiRHBHGTLcxHawRIUChIJ3wPb0otP5IkRwRxky3MR2sEaFAoSCUuoqHuJT-SJEQDIPL1jp1qKGhQKEglPad_uY0XkiREcSUTGtdsaNCIKDfjY6RgVB3dv1Q	41.7978616	-71.4115321	41.7978616	-71.4115321	Med	1.6357925823016735
1682	2017-04-18	560537	19:57:00	Bicycle	NA	1	FALSE	FALSE	1	COLLEGE ST	COLLEGE ST	2017-04-18	Two-Way , Not Divided	Dry	Dark - Lighted	Clear	Not a Collision Between Two Motor Vehicles in Transport	No	Traffic Control Signal	2	1	Complains Of Pain	NA	41.82564	-71.40785	FALSE	FALSE	College Street and College Street, Providence, RI, USA	FALSE	-71.4066485	41.8260241	route	geometric_center	college st, providence, ri 02903, usa	NA	NA	NA	NA	41.8260241	-71.4066485	Med	108.45201081837325
1683	2017-04-17	560145	18:47:00	Pedestrian	1	NA	TRUE	FALSE	1	Branch Avenue	RT 146 South Exit Ramp	2017-04-17	Two-Way, Divided, Unprotected (painted>4feet) Medium	Dry	Dusk	Clear	Not a Collision Between Two Motor Vehicles in Transport	No	Traffic Control Signal	3	0	No Injury	NA	41.85338	-71.42771	FALSE	FALSE	Branch Avenue and Rt 146 South Exit Ramp, Providence, RI, USA	FALSE	-71.4105378	41.8453481	street_address	range_interpolated	146 branch ave, providence, ri 02904, usa	NA	NA	NA	NA	41.8453481	-71.4105378	Med High	1681.3900447706687
1684	2017-04-16	559728	12:55:00	Bicycle	NA	1	FALSE	FALSE	1	HILLCREST AVE	CHALKSTONE AVE	2017-04-16	Two-Way, Divided, Unprotected (painted>4feet) Medium	Dry	Daylight	Clear	Not a Collision Between Two Motor Vehicles in Transport	No	Stop Signs	2	1	Complains Of Pain	NA	41.83289	-71.45858	FALSE	FALSE	Hillcrest Ave and Chalkstone Ave, Providence, RI, USA	FALSE	-71.4417437	41.8322912	route	geometric_center	chalkstone ave, providence, ri, usa	Hillcrest Ave & Chalkstone Ave, Providence, RI, USA	EjNIaWxsY3Jlc3QgQXZlICYgQ2hhbGtzdG9uZSBBdmUsIFByb3ZpZGVuY2UsIFJJLCBVU0EiZiJkChQKEgnxRDm6xkXkiREKcecd0oK0zxIUChIJ8UQ5usZF5IkRCnHnHdKCtM8aFAoSCd1I737nReSJEbpcDJdneh_IGhQKEgl3MzGbr0XkiREUzkiEAbjOqyIKDXkx7xgVdElo1Q	41.8328953	-71.458574	41.8328953	-71.458574	Med	0.7718535887233201
1685	2017-04-16	559787	17:07:00	Bicycle	NA	1	FALSE	FALSE	1	EARLY ST	BROAD ST	2017-04-16	Two-Way , Not Divided	Dry	Daylight	Clear	Not a Collision Between Two Motor Vehicles in Transport	Yes, M/V and Driver Left Scene	No Controls	1	1	Complains Of Pain	NA	41.79547	-71.41127	FALSE	FALSE	Early Street and Broad Street, Providence, RI, USA	FALSE	-71.41128619999999	41.7954915	intersection	geometric_center	early st & broad st, providence, ri 02905, usa	NA	NA	NA	NA	41.7954915	-71.41128619999999	Med High	2.7451429850805558
1686	2017-04-15	559294	12:47:00	Pedestrian	1	NA	FALSE	FALSE	1	E GEORGE ST	IVES ST	2017-04-15	Two-Way , Not Divided	Dry	Daylight	Clear	Other	No	Stop Signs	3	1	Complains Of Pain	NA	41.82567	-71.39262	FALSE	FALSE	E George Street and Ives Street, Providence, RI, USA	FALSE	-71.3925936	41.8256756	intersection	geometric_center	e george st & ives st, providence, ri 02906, usa	NA	NA	NA	NA	41.8256756	-71.3925936	Med High	2.276951226426138
1687	2017-04-15	559491	15:15:00	Bicycle	NA	1	FALSE	FALSE	1	Valley St	BARSTOW ST	2017-04-15	Two-Way, Divided, Unprotected (painted>4feet) Medium	Dry	Daylight	Clear	Not a Collision Between Two Motor Vehicles in Transport	No	No Controls	2	0	No Injury	NA	41.82406	-71.43959	FALSE	FALSE	Valley Street and Barstow Street, Providence, RI, USA	FALSE	-71.4395871	41.8241707	intersection	geometric_center	valley st & barstow st, providence, ri 02909, usa	NA	NA	NA	NA	41.8241707	-71.4395871	Med High	12.325415579180117