row_number	crash_date	crash_report_id	crash_time	collision_type	count_pedestrian	count_bicycle	scooter	wheel_chair	number_of_vehicles	street_or_highway	nearest_intersection	report_date	type_of_roadway	road_surface_condition	light_condition	weather_condition	manner_of_impact	hit_and_run	traffic_control	person_count	injury_count	most_serious_injury	number_of_lanes	lat_raw	lon_raw	has_st_number	is_intersection_null	address_sent_to_geocoder	is_address_blank	lon_api_first_try	lat_api_first_try	type	loctype	address_returned_by_geocoder	address_returned_by_autocomplete	place_ids_autocompleted	lat_api_second_try	lon_api_second_try	lat_api_best	lon_api_best	api_coord_conf	distance_btwn_coords_meters
1688	2017-04-14	558762	00:09:00	Pedestrian	1	NA	FALSE	FALSE	1	MEMORIAL BLVD	WASHINGTON ST	2017-04-14	Two-Way, Divided, Positive Median Barrier	Dry	Dark - Lighted	Clear	Other	No	Traffic Control Signal	2	1	Non-Incapacitating	4	41.8263	-71.41009	FALSE	FALSE	Memorial Blvd and Washington Street, Providence, RI, USA	FALSE	-71.41016259999999	41.8263513	intersection	geometric_center	memorial blvd & washington st, providence, ri 02903, usa	NA	NA	NA	NA	41.8263513	-71.41016259999999	Med High	8.299408349625052
1689	2017-04-12	558143	11:17:00	Pedestrian	1	NA	FALSE	FALSE	1	THOMAS ST	ANGELL ST	2017-04-12	One-Way Trafficway	Dry	Daylight	Clear	Not a Collision Between Two Motor Vehicles in Transport	No	Traffic Control Signal	2	1	Complains Of Pain	NA	41.82751	-71.40765	FALSE	FALSE	Thomas Street and Angell Street, Providence, RI, USA	FALSE	-71.393109	41.8291785	route	geometric_center	angell st, providence, ri, usa	Thomas Street & Angell Street, Providence, RI, USA	EjJUaG9tYXMgU3RyZWV0ICYgQW5nZWxsIFN0cmVldCwgUHJvdmlkZW5jZSwgUkksIFVTQSJmImQKFAoSCQv4fpQXReSJEVIbwf-WRvtqEhQKEgkL-H6UF0XkiRFSG8H_lkb7ahoUChIJC_h-lBdF5IkRWqPjIvgbnyoaFAoSCSmyDGEvReSJEahqkC3Cw04kIgoNbF_uGBVbDnDV	41.827518	-71.40765809999999	41.827518	-71.40765809999999	Med	1.1155880780994005
1690	2017-04-12	558315	14:58:00	Pedestrian	1	NA	FALSE	FALSE	1	FELIX ST	CHALKSTONE AVE	2017-04-12	Two-Way , Not Divided	Dry	Daylight	Clear	Not a Collision Between Two Motor Vehicles in Transport	No	Stop Signs	3	1	Complains Of Pain	NA	41.83457	-71.42839	FALSE	FALSE	Felix Street and Chalkstone Ave, Providence, RI, USA	FALSE	-71.4283949	41.8345788	intersection	geometric_center	felix st & chalkstone ave, providence, ri 02908, usa	NA	NA	NA	NA	41.8345788	-71.4283949	Med High	1.0605703301687308
1691	2017-04-12	558422	20:30:00	Pedestrian	1	NA	FALSE	FALSE	1	ELMWOOD AVE	PARKIS AVE	2017-04-12	Two-Way , Not Divided	Dry	Dark - Lighted	Clear	Other	Yes, M/V and Driver Left Scene	Unknown	2	1	Complains Of Pain	4	41.80913	-71.42451	FALSE	FALSE	Elmwood Ave and Parkis Ave, Providence, RI, USA	FALSE	-71.4245337	41.809159	intersection	geometric_center	elmwood ave & parkis ave, providence, ri 02907, usa	NA	NA	NA	NA	41.809159	-71.4245337	Med High	3.7800489912631634
1692	2017-04-11	557829	14:31:00	Pedestrian	1	NA	FALSE	FALSE	1	Pitman St	E GEORGE ST	2017-04-11	One-Way Trafficway	Dry	Daylight	Clear	Not a Collision Between Two Motor Vehicles in Transport	No	No Controls	5	1	Complains Of Pain	NA	41.8268	-71.38731	FALSE	FALSE	Pitman Street and E George Street, Providence, RI, USA	FALSE	-71.3916012	41.8257612	route	geometric_center	e george st, providence, ri 02906, usa	NA	NA	NA	NA	41.8257612	-71.3916012	Med	374.2757061831541
1693	2017-04-09	557105	15:23:00	Bicycle	NA	1	FALSE	FALSE	1	BATTEY ST	WASHINGTON ST	2017-04-09	Two-Way , Not Divided	Dry	Daylight	Clear	Not a Collision Between Two Motor Vehicles in Transport	No	Stop Signs	3	1	Complains Of Pain	NA	41.81794	-71.42472	FALSE	FALSE	Battey Street and Washington Street, Providence, RI, USA	FALSE	-71.42472169999999	41.8179448	intersection	geometric_center	battey st & washington st, providence, ri 02903, usa	NA	NA	NA	NA	41.8179448	-71.42472169999999	Med High	0.5526334242864838
1694	2017-04-08	556707	02:09:00	Pedestrian	1	NA	FALSE	FALSE	1	CRANSTON ST	PARADE ST	2017-04-08	Two-Way , Not Divided	Dry	Dark - Lighted	Clear	Not a Collision Between Two Motor Vehicles in Transport	Yes, M/V and Driver Left Scene	Unknown	1	1	Complains Of Pain	NA	41.8118	-71.43114	FALSE	FALSE	Cranston Street and Parade Street, Providence, RI, USA	FALSE	-71.4310747	41.8118451	intersection	geometric_center	cranston st & parade st, providence, ri 02907, usa	NA	NA	NA	NA	41.8118451	-71.4310747	Med High	7.3864801249000696
1695	2017-04-08	556790	17:50:00	Pedestrian	1	NA	FALSE	FALSE	1	SABIN ST	W EXCHANGE ST	2017-04-08	One-Way Trafficway	Dry	Daylight	Clear	Not a Collision Between Two Motor Vehicles in Transport	No	No Controls	3	1	Complains Of Pain	3	41.82462	-71.41556	FALSE	FALSE	Sabin Street and W Exchange Street, Providence, RI, USA	FALSE	-71.4152876	41.8248645	intersection	geometric_center	sabin st & w exchange st, providence, ri 02903, usa	NA	NA	NA	NA	41.8248645	-71.4152876	Med High	35.375239569321295
1696	2017-04-07	556651	20:09:00	Pedestrian	1	NA	FALSE	FALSE	1	100 LAURA ST	HAMILTON ST	2017-04-07	Two-Way , Not Divided	Dry	Dark - Lighted	Clear	Not a Collision Between Two Motor Vehicles in Transport	No	No Controls	2	1	Complains Of Pain	NA	41.80116	-71.42243	TRUE	FALSE	100 Laura Street, Providence, RI, USA	FALSE	-71.4225526	41.8009685	street_address	rooftop	100 laura st, providence, ri 02907, usa	NA	NA	NA	NA	41.8009685	-71.4225526	High	23.62101071462006
1697	2017-04-03	554764	15:54:00	Pedestrian	2	NA	FALSE	FALSE	1	BRIDGHAM ST	ELMWOOD AVE	2017-04-03	Two-Way , Not Divided	Dry	Daylight	Clear	Not a Collision Between Two Motor Vehicles in Transport	Yes, M/V and Driver Left Scene	Traffic Control Signal	2	2	Complains Of Pain	NA	41.81277	-71.42218	FALSE	FALSE	Bridgham Street and Elmwood Ave, Providence, RI, USA	FALSE	-71.4221436	41.8127945	intersection	geometric_center	bridgham st & elmwood ave, providence, ri 02907, usa	NA	NA	NA	NA	41.8127945	-71.4221436	Med High	4.06930554617504
1698	2017-04-03	554767	16:11:00	Pedestrian	1	NA	FALSE	FALSE	1	PRAIRIE AVE	POTTERS AVE	2017-04-03	Two-Way , Not Divided	Dry	Daylight	Clear	Not a Collision Between Two Motor Vehicles in Transport	No	No Controls	3	1	Complains Of Pain	NA	41.80375	-71.41406	FALSE	FALSE	Prairie Ave and Potters Ave, Providence, RI, USA	FALSE	-71.41419739999999	41.804104	intersection	geometric_center	potters ave & prairie ave, providence, ri 02905, usa	NA	NA	NA	NA	41.804104	-71.41419739999999	Med High	41.02335322251792
1699	2017-04-01	553984	12:25:00	Pedestrian	1	NA	FALSE	FALSE	1	CHALKSTONE AVE	ACADEMY AVE	2017-04-01	Two-Way, Divided, Unprotected (painted>4feet) Medium	Wet	Daylight	Sleet, Hail (Freezing Rain or Drizzle)	Not a Collision Between Two Motor Vehicles in Transport	Yes, M/V and Driver Left Scene	Traffic Control Signal	4	1	Complains Of Pain	2	41.83245	-71.44453	FALSE	FALSE	Chalkstone Ave and Academy Ave, Providence, RI, USA	FALSE	-71.44452489999999	41.8324538	intersection	geometric_center	academy ave & chalkstone ave, providence, ri 02908, usa	NA	NA	NA	NA	41.8324538	-71.44452489999999	Med High	0.5982323586659378
1700	2017-04-01	554144	20:55:00	Pedestrian	1	NA	FALSE	FALSE	1	MEMORIAL BLVD	EXCHANGE ST	2017-04-01	Two-Way , Not Divided	Dry	Dark - Lighted	Cloudy	Not a Collision Between Two Motor Vehicles in Transport	No	Traffic Control Signal	4	1	Incapacitating	NA	41.8268	-71.41207	FALSE	FALSE	Memorial Blvd and Exchange Street, Providence, RI, USA	FALSE	-71.4121426	41.8269244	intersection	geometric_center	memorial blvd & exchange st, providence, ri 02903, usa	NA	NA	NA	NA	41.8269244	-71.4121426	Med High	15.100950386480047
1701	2017-03-31	553543	15:10:00	Pedestrian	1	NA	FALSE	FALSE	1	PUBLIC ST	OCEAN ST	2017-03-31	Two-Way, Divided, Unprotected (painted>4feet) Medium	Wet	Daylight	Rain	Not a Collision Between Two Motor Vehicles in Transport	No	No Controls	4	1	Complains Of Pain	NA	41.80623	-71.41188	FALSE	FALSE	Public Street and Ocean Street, Providence, RI, USA	FALSE	-71.4119347	41.806231	intersection	geometric_center	public st & ocean st, providence, ri 02905, usa	NA	NA	NA	NA	41.806231	-71.4119347	Med High	4.540258190282095
1702	2017-03-31	553643	22:34:00	Pedestrian	1	NA	FALSE	FALSE	1	Elmwood Ave	Princeton Ave	2017-04-01	Two-Way , Not Divided	Wet	Dark - Lighted	Rain	Not a Collision Between Two Motor Vehicles in Transport	Yes, M/V and Driver Left Scene	Pavement Markings	1	1	Complains Of Pain	NA	41.80542	-71.42521	FALSE	FALSE	Elmwood Ave and Princeton Ave, Providence, RI, USA	FALSE	-71.4252446	41.8053667	intersection	geometric_center	princeton ave & elmwood ave, providence, ri 02907, usa	NA	NA	NA	NA	41.8053667	-71.4252446	Med High	6.591468619714891
1703	2017-03-30	552934	08:03:00	Bicycle	NA	1	FALSE	FALSE	1	ACADEMY AVE	WHITFORD AVE	2017-03-30	Two-Way , Not Divided	Dry	Daylight	Clear	Not a Collision Between Two Motor Vehicles in Transport	No	Stop Signs	3	1	Complains Of Pain	NA	41.83897	-71.44487	FALSE	FALSE	Academy Ave and Whitford Ave, Providence, RI, USA	FALSE	-71.4448616	41.83897169999999	intersection	geometric_center	whitford ave & academy ave, providence, ri 02908, usa	NA	NA	NA	NA	41.83897169999999	-71.4448616	Med High	0.7219043362153887
1704	2017-03-26	551314	21:02:00	Pedestrian	1	NA	FALSE	FALSE	1	ADMIRAL ST	GRAPE ST	2017-03-26	Two-Way , Not Divided	Wet	Dark - Lighted	Cloudy	Not a Collision Between Two Motor Vehicles in Transport	No	No Controls	3	1	Complains Of Pain	NA	41.84625	-71.43011	FALSE	FALSE	Admiral Street and Grape Street, Providence, RI, USA	FALSE	-71.4301684	41.8462823	intersection	geometric_center	admiral st & grape st, providence, ri 02908, usa	NA	NA	NA	NA	41.8462823	-71.4301684	Med High	6.031748423083102
1705	2017-03-24	550717	13:35:00	Pedestrian	1	NA	FALSE	FALSE	1	FLOWER ST	WHELAN ST	2017-03-24	Two-Way , Not Divided	Wet	Daylight	Sleet, Hail (Freezing Rain or Drizzle)	Not a Collision Between Two Motor Vehicles in Transport	No	No Controls	2	1	Complains Of Pain	NA	41.83921	-71.43712	FALSE	FALSE	Flower Street and Whelan Street, Providence, RI, USA	FALSE	-71.456749	41.8189349	intersection	geometric_center	flower st & whelan rd, providence, ri 02909, usa	NA	NA	NA	NA	41.8189349	-71.456749	Med High	2783.006313859507
1706	2017-03-23	550352	12:05:00	Pedestrian	1	NA	FALSE	FALSE	1	BROAD ST	HARVARD AVE	2017-03-23	Two-Way , Not Divided	Dry	Daylight	Clear	Not a Collision Between Two Motor Vehicles in Transport	No	No Controls	3	1	Complains Of Pain	NA	41.80867	-71.4207	FALSE	FALSE	Broad Street and Harvard Ave, Providence, RI, USA	FALSE	-71.4195976	41.8086139	route	geometric_center	harvard ave, providence, ri 02907, usa	Broad Street & Harvard Ave, Providence, RI, USA	Ei9Ccm9hZCBTdHJlZXQgJiBIYXJ2YXJkIEF2ZSwgUHJvdmlkZW5jZSwgUkksIFVTQSJmImQKFAoSCX17gAZ7ReSJEfAd7KV6lYkhEhQKEgl9e4AGe0XkiRHwHeylepWJIRoUChIJg9591YxP5IkRLKLKk5hLCKMaFAoSCRc_ESF7ReSJEZYBayjYu4EeIgoNcHzrGBUWEm7V	41.8086	-71.4206698	41.8086	-71.4206698	Med	8.185363461040918
1707	2017-03-22	549708	08:57:00	Pedestrian	1	NA	FALSE	FALSE	1	PLAIN ST	PUBLIC ST	2017-03-22	Two-Way , Not Divided	Dry	Daylight	Clear	Not a Collision Between Two Motor Vehicles in Transport	Yes, M/V and Driver Left Scene	Stop Signs	3	1	Complains Of Pain	NA	41.80665	-71.40997	FALSE	FALSE	Plain Street and Public Street, Providence, RI, USA	FALSE	-71.40997999999999	41.8066822	intersection	geometric_center	public st & plain st, providence, ri 02905, usa	NA	NA	NA	NA	41.8066822	-71.40997999999999	Med High	3.6792765408841723
1708	2017-03-18	547480	01:06:00	Pedestrian	1	NA	FALSE	FALSE	1	ELMWOOD AVE	HEMPSTEAD ST	2017-03-18	Two-Way, Divided, Unprotected (painted>4feet) Medium	Dry	Dark - Lighted	Clear	Angle (Front - to - Side) Opposite Direction	Yes, M/V and Driver Left Scene	No Controls	1	1	Complains Of Pain	NA	41.78987	-71.42175	FALSE	FALSE	Elmwood Ave and Hempstead Street, Providence, RI, USA	FALSE	-71.4215974	41.7897857	intersection	geometric_center	hempstead st & elmwood ave, providence, ri 02907, usa	NA	NA	NA	NA	41.7897857	-71.4215974	Med High	15.763348359189536
1709	2017-03-18	548223	20:20:00	Pedestrian	1	NA	FALSE	FALSE	1	Charles St.	Randall St.	2017-03-19	One-Way Trafficway	Dry	Dark - Lighted	Clear	Not a Collision Between Two Motor Vehicles in Transport	Yes, M/V and Driver Left Scene	No Controls	1	1	Complains Of Pain	NA	41.83665	-71.41272	FALSE	FALSE	Charles St. and Randall St., Providence, RI, USA	FALSE	-71.4107138	41.837311	route	geometric_center	randall st, providence, ri, usa	Charles St & Randall St, Providence, RI, USA	EixDaGFybGVzIFN0ICYgUmFuZGFsbCBTdCwgUHJvdmlkZW5jZSwgUkksIFVTQSJmImQKFAoSCSuf-ykcReSJEQuABsXtdm3UEhQKEgkrn_spHEXkiRELgAbF7XZt1BoUChIJdQvObPFE5IkRy2TLLjVV_TIaFAoSCZeAIW8eReSJEQVHw17hokuqIgoNErHvGBXDX2_V	41.8361618	-71.4121277	41.8361618	-71.4121277	Med	73.25804279191563
1710	2017-03-17	547416	20:33:00	Pedestrian	1	NA	FALSE	FALSE	1	Francis St	NA	2017-03-17	Two-Way , Not Divided	Dry	Dark - Lighted	Clear	Not a Collision Between Two Motor Vehicles in Transport	Yes, M/V and Driver Left Scene	No Controls	2	1	Complains Of Pain	NA	41.8309	-71.41638	FALSE	TRUE	Francis Street, Providence, RI, USA	FALSE	-71.4233339	41.8348041	route	geometric_center	francis smith way, providence, ri 02904, usa	NA	NA	NA	NA	41.8348041	-71.4233339	Inaccurate	722.1876313767823
1711	2017-03-13	545647	14:56:00	Pedestrian	1	NA	FALSE	FALSE	1	BROAD ST	SUMTER ST	2017-03-13	Two-Way , Not Divided	Dry	Daylight	Clear	Not a Collision Between Two Motor Vehicles in Transport	No	No Controls	2	1	Complains Of Pain	2	41.79775	-71.41413	FALSE	FALSE	Broad Street and Sumter Street, Providence, RI, USA	FALSE	-71.4175735	41.7967042	route	geometric_center	sumter st, providence, ri 02907, usa	Broad Street & Sumter Street, Providence, RI, USA	EjFCcm9hZCBTdHJlZXQgJiBTdW10ZXIgU3RyZWV0LCBQcm92aWRlbmNlLCBSSSwgVVNBImYiZAoUChIJgcInDolP5IkROAY9LY3iGUISFAoSCYHCJw6JT-SJETgGPS2N4hlCGhQKEgmD3n3VjE_kiREsosqTmEsIoxoUChIJGcGW_oVP5IkRgKEM4Er3cL4iCg171ekYFUgSb9U	41.79777230000001	-71.4141112	41.79777230000001	-71.4141112	Med	2.9320009459055645
1712	2017-03-09	543757	07:24:00	Pedestrian	1	NA	FALSE	FALSE	1	MEETING ST	HOPE ST	2017-03-09	Two-Way , Not Divided	Dry	Daylight	Clear	Not a Collision Between Two Motor Vehicles in Transport	Yes, M/V and Driver Left Scene	Person	2	0	No Injury	NA	41.82936	-71.39816	FALSE	FALSE	Meeting Street and Hope Street, Providence, RI, USA	FALSE	-71.3981831	41.82940749999999	intersection	geometric_center	hope st & meeting st, providence, ri 02906, usa	NA	NA	NA	NA	41.82940749999999	-71.3981831	Med High	5.624139516646694
1713	2017-03-09	544271	19:45:00	Pedestrian	1	NA	FALSE	FALSE	1	HAWKINS ST	ADMIRAL ST	2017-03-09	Two-Way , Not Divided	Dry	Dark - Lighted	Clear	Not a Collision Between Two Motor Vehicles in Transport	No	Stop Signs	2	1	Complains Of Pain	2	41.84594	-71.42837	FALSE	FALSE	Hawkins Street and Admiral Street, Providence, RI, USA	FALSE	-71.4283351	41.8459297	intersection	geometric_center	admiral st & hawkins st, providence, ri 02908, usa	NA	NA	NA	NA	41.8459297	-71.4283351	Med High	3.112986694112314
1714	2017-03-04	541776	19:53:00	Pedestrian	1	NA	FALSE	FALSE	1	847 BROAD ST	NA	2017-03-04	Two-Way , Not Divided	Dry	Dark - Lighted	Clear	Not a Collision Between Two Motor Vehicles in Transport	Yes, M/V and Driver Left Scene	No Controls	1	1	Complains Of Pain	NA	41.80094	-71.41796	TRUE	TRUE	847 Broad Street, Providence, RI, USA	FALSE	-71.4182922	41.8007324	premise	rooftop	847 broad st, providence, ri 02907, usa	NA	NA	NA	NA	41.8007324	-71.4182922	High	35.972779166656395
1715	2017-03-03	541589	21:25:00	Pedestrian	1	NA	FALSE	FALSE	1	2 SACKETT ST	NA	2017-03-03	Two-Way , Not Divided	Dry	Dark - Lighted	Clear	Not a Collision Between Two Motor Vehicles in Transport	No	No Controls	2	1	Complains Of Pain	2	41.79611	-71.41228	TRUE	TRUE	2 Sackett Street, Providence, RI, USA	FALSE	-71.4122828	41.7959685	premise	rooftop	2 sackett st, providence, ri 02907, usa	NA	NA	NA	NA	41.7959685	-71.4122828	High	15.753421897522472
1716	2017-02-28	540168	08:00:00	Pedestrian	1	NA	FALSE	FALSE	1	SMITHFIELD AVE	NELLIE ST	2017-02-28	Two-Way , Not Divided	Dry	Daylight	Clear	Not a Collision Between Two Motor Vehicles in Transport	No	No Controls	2	1	Complains Of Pain	NA	41.85759	-71.41084	FALSE	FALSE	Smithfield Ave and Nellie Street, Providence, RI, USA	FALSE	-71.4107648	41.8574011	intersection	geometric_center	nellie st & smithfield ave, providence, ri 02904, usa	NA	NA	NA	NA	41.8574011	-71.4107648	Med High	21.93312381823529
1717	2017-02-28	540331	18:04:00	Pedestrian	1	NA	FALSE	FALSE	1	ADMIRAL ST	DURHAM ST	2017-02-28	Two-Way , Not Divided	Dry	Dark - Lighted	Cloudy	Not a Collision Between Two Motor Vehicles in Transport	No	No Controls	2	1	Complains Of Pain	NA	41.84788	-71.43576	FALSE	FALSE	Admiral Street and Durham Street, Providence, RI, USA	FALSE	-71.435772	41.8479089	intersection	geometric_center	admiral st & durham st, providence, ri 02908, usa	NA	NA	NA	NA	41.8479089	-71.435772	Med High	3.3675132737336417
1718	2017-02-27	539713	08:08:00	Pedestrian	1	NA	FALSE	FALSE	1	BROADWAY	KNIGHT ST	2017-02-27	Two-Way , Not Divided	Dry	Daylight	Clear	Not a Collision Between Two Motor Vehicles in Transport	No	Traffic Control Signal	7	1	Complains Of Pain	NA	41.8198	-71.42936	FALSE	FALSE	Broadway and Knight Street, Providence, RI, USA	FALSE	-71.4298401	41.8202496	route	geometric_center	knight st, providence, ri, usa	Broadway & Knight Street, Providence, RI, USA	Ei1Ccm9hZHdheSAmIEtuaWdodCBTdHJlZXQsIFByb3ZpZGVuY2UsIFJJLCBVU0EiZiJkChQKEgmvZYGEdUXkiRHAVmwJ-u4XKRIUChIJr2WBhHVF5IkRwFZsCfruFykaFAoSCaW15YZ1ReSJERrCM7HXpG-zGhQKEgkPqvF6dUXkiRGsZxyELkktfCIKDcQy7RgVV79s1Q	41.8198212	-71.4293417	41.8198212	-71.4293417	Med	2.8061231257427877
1719	2017-02-24	538783	14:48:00	Pedestrian	1	NA	FALSE	FALSE	1	ELMWOOD AVE	BROAD ST	2017-02-24	Two-Way , Not Divided	Dry	Daylight	Clear	Not a Collision Between Two Motor Vehicles in Transport	No	Traffic Control Signal	3	1	Complains Of Pain	NA	41.813	-71.42203	FALSE	FALSE	Elmwood Ave and Broad Street, Providence, RI, USA	FALSE	-71.42199649999999	41.8130501	intersection	geometric_center	elmwood ave & broad st, providence, ri 02907, usa	NA	NA	NA	NA	41.8130501	-71.42199649999999	Med High	6.231336045976127
1720	2017-02-23	538398	09:23:00	Bicycle	NA	1	FALSE	FALSE	1	BRANCH AVE	N MAIN ST	2017-02-23	Two-Way , Not Divided	Dry	Daylight	Clear	Not a Collision Between Two Motor Vehicles in Transport	No	Traffic Control Signal	2	0	No Injury	NA	41.84199	-71.40798	FALSE	FALSE	Branch Ave and N Main Street, Providence, RI, USA	FALSE	-71.37025750000001	41.8264716	establishment	rooftop	105 wilmarth ave, east providence, ri 02914, usa	Branch Ave & North Main Street, Providence, RI, USA	EjNCcmFuY2ggQXZlICYgTm9ydGggTWFpbiBTdHJlZXQsIFByb3ZpZGVuY2UsIFJJLCBVU0EiZiJkChQKEglv1IfG4ETkiREr3MZ4wvyGhxIUChIJb9SHxuBE5IkRK9zGeML8hocaFAoSCem084X5ROSJEbp9Ht5SQ7aoGhQKEgn5-kE93kTkiRFf162-DVwjPyIKDfWW8BgVfwRw1Q	41.8420469	-71.4079105	41.8420469	-71.4079105	Med	8.563953835183533
1721	2017-02-23	538515	15:05:00	Bicycle	NA	1	FALSE	FALSE	1	859 North Main St.	NA	2017-02-23	Two-Way, Divided, Positive Median Barrier	Dry	Daylight	Clear	Not a Collision Between Two Motor Vehicles in Transport	Yes, M/V and Driver Left Scene	No Controls	3	1	Complains Of Pain	NA	41.84376	-71.40679	TRUE	TRUE	859 North Main St., Providence, RI, USA	FALSE	-71.4064776	41.8438635	premise	rooftop	859 n main st, providence, ri 02904, usa	NA	NA	NA	NA	41.8438635	-71.4064776	High	28.35355700788689
1722	2017-02-22	538024	15:13:00	Pedestrian	1	NA	FALSE	FALSE	1	BROADWAY	DE PASQUALE AVE	2017-02-22	Two-Way, Divided, Unprotected (painted>4feet) Medium	Dry	Daylight	Clear	Not a Collision Between Two Motor Vehicles in Transport	No	No Controls	2	1	Complains Of Pain	NA	41.82077	-71.42526	FALSE	FALSE	Broadway and De Pasquale Ave, Providence, RI, USA	FALSE	-71.4262101	41.8224893	route	geometric_center	de pasquale ave, providence, ri 02903, usa	Broadway & De Pasquale Ave, Providence, RI, USA	Ei9Ccm9hZHdheSAmIERlIFBhc3F1YWxlIEF2ZSwgUHJvdmlkZW5jZSwgUkksIFVTQSJmImQKFAoSCTd39r50ReSJEQRLbIypVmNIEhQKEgk3d_a-dEXkiREES2yMqVZjSBoUChIJpbXlhnVF5IkRGsIzsdekb7MaFAoSCeVqSDILReSJEem1Phldyo7CIgoNM1jtGBX2X23V	41.8207795	-71.4252298	41.8207795	-71.4252298	Med	2.7194178584725206
1723	2017-02-22	538035	16:09:00	Pedestrian	1	NA	FALSE	FALSE	1	BROAD ST	ROGER WILLIAMS PARK	2017-02-22	Two-Way, Divided, Unprotected (painted>4feet) Medium	Dry	Daylight	Clear	Not a Collision Between Two Motor Vehicles in Transport	Yes, M/V and Driver Left Scene	Traffic Control Signal	3	1	Complains Of Pain	NA	41.8133	-71.42185	FALSE	FALSE	Broad Street and Roger Williams Park, Providence, RI, USA	FALSE	-71.4117265	41.7829832	establishment	geometric_center	roger williams park, pine hill ave, providence, ri 02907, usa	NA	NA	NA	NA	41.7829832	-71.4117265	Med	3477.850094657658
1724	2017-02-20	537110	07:48:00	Pedestrian	1	NA	FALSE	FALSE	1	48 OLIVE ST	NA	2017-02-20	Unknown	Dry	Daylight	Clear	Not a Collision Between Two Motor Vehicles in Transport	No	No Controls	3	1	Complains Of Pain	NA	41.82841	-71.40207	TRUE	TRUE	48 Olive Street, Providence, RI, USA	FALSE	-71.4025546	41.8286931	street_address	range_interpolated	48 olive st, providence, ri 02906, usa	NA	NA	NA	NA	41.8286931	-71.4025546	High	51.07811018444498
1725	2017-02-20	537384	22:11:00	Pedestrian	1	NA	FALSE	FALSE	1	CANAL ST	SMITH ST	2017-02-21	One-Way Trafficway	Dry	Dark - Lighted	Clear	Not a Collision Between Two Motor Vehicles in Transport	Yes, M/V and Driver Left Scene	Traffic Control Signal	3	1	Complains Of Pain	NA	41.8314	-71.41134	FALSE	FALSE	Canal Street and Smith Street, Providence, RI, USA	FALSE	-71.4433053	41.8418141	route	geometric_center	smith st, providence, ri, usa	Canal Street & Smith Street, Providence, RI, USA	EjBDYW5hbCBTdHJlZXQgJiBTbWl0aCBTdHJlZXQsIFByb3ZpZGVuY2UsIFJJLCBVU0EiZiJkChQKEgmNIDqdGUXkiRF9HyMoQizAgRIUChIJjSA6nRlF5IkRfR8jKEIswIEaFAoSCcvUmNAZReSJEftrQiUQSQCyGhQKEgm1rnBMS0TkiREhtaMwuIyrhCIKDcn37hgV7n5v1Q	41.8314185	-71.41132979999999	41.8314185	-71.41132979999999	Med	2.2264230207758735
1726	2017-02-17	535255	07:58:00	Pedestrian	1	NA	FALSE	FALSE	1	BARTON ST	WESTMINSTER ST	2017-02-17	Two-Way , Not Divided	Dry	Daylight	Clear	Not a Collision Between Two Motor Vehicles in Transport	No	No Controls	4	1	Complains Of Pain	2	41.81677	-71.43675	FALSE	FALSE	Barton Street and Westminster Street, Providence, RI, USA	FALSE	-71.4365339	41.8159344	intersection	geometric_center	barton st & westminster st, providence, ri 02909, usa	NA	NA	NA	NA	41.8159344	-71.4365339	Med High	94.73062854215969
1727	2017-02-15	534617	17:43:00	Pedestrian	1	NA	FALSE	FALSE	1	SILVER SPRING ST	BISMARK ST	2017-02-15	Two-Way , Not Divided	Wet	Dark - Lighted	Cloudy	Not a Collision Between Two Motor Vehicles in Transport	No	No Controls	5	1	Incapacitating	NA	41.85441	-71.41203	FALSE	FALSE	Silver Spring Street and Bismark Street, Providence, RI, USA	FALSE	-71.4120217	41.85443679999999	intersection	geometric_center	silver spring st & bismark st, providence, ri 02904, usa	NA	NA	NA	NA	41.85443679999999	-71.4120217	Med High	3.061710016550731
1728	2017-02-14	533947	16:25:00	Pedestrian	1	NA	FALSE	FALSE	1	Dean st	ATWELLS AVE	2017-02-14	Two-Way , Not Divided	Dry	Daylight	Clear	Other	No	No Controls	3	1	Non-Incapacitating	NA	41.82332	-71.42413	FALSE	FALSE	Dean Street and Atwells Ave, Providence, RI, USA	FALSE	-71.4242155	41.8234078	intersection	geometric_center	atwells ave & dean st, providence, ri 02903, usa	NA	NA	NA	NA	41.8234078	-71.4242155	Med High	12.076207714014418
1729	2017-02-14	533969	16:28:00	Pedestrian	1	NA	FALSE	FALSE	1	WESTMINSTER ST	TOBEY ST	2017-02-14	Two-Way , Not Divided	Dry	Daylight	Clear	Not a Collision Between Two Motor Vehicles in Transport	No	No Controls	3	1	Non-Incapacitating	NA	41.81617	-71.43472	FALSE	FALSE	Westminster Street and Tobey Street, Providence, RI, USA	FALSE	-71.4346637	41.8162029	intersection	geometric_center	tobey st & westminster st, providence, ri 02909, usa	NA	NA	NA	NA	41.8162029	-71.4346637	Med High	5.935559083286052
1730	2017-02-14	533979	18:28:00	Pedestrian	1	NA	FALSE	FALSE	1	SUPERIOR ST	CRANSTON ST	2017-02-14	Two-Way , Not Divided	Slush	Dark - Lighted	Clear	Not a Collision Between Two Motor Vehicles in Transport	Yes, M/V and Driver Left Scene	No Controls	2	1	Complains Of Pain	NA	41.81042	-71.43262	FALSE	FALSE	Superior Street and Cranston Street, Providence, RI, USA	FALSE	-71.4326468	41.8104443	intersection	geometric_center	cranston st & superior st, providence, ri 02907, usa	NA	NA	NA	NA	41.8104443	-71.4326468	Med High	3.5017204457815754