row_number	crash_date	crash_report_id	crash_time	collision_type	count_pedestrian	count_bicycle	scooter	wheel_chair	number_of_vehicles	street_or_highway	nearest_intersection	report_date	type_of_roadway	road_surface_condition	light_condition	weather_condition	manner_of_impact	hit_and_run	traffic_control	person_count	injury_count	most_serious_injury	number_of_lanes	lat_raw	lon_raw	has_st_number	is_intersection_null	address_sent_to_geocoder	is_address_blank	lon_api_first_try	lat_api_first_try	type	loctype	address_returned_by_geocoder	address_returned_by_autocomplete	place_ids_autocompleted	lat_api_second_try	lon_api_second_try	lat_api_best	lon_api_best	api_coord_conf	distance_btwn_coords_meters
1818	2016-10-12	470241	16:34:00	Bicycle	NA	1	FALSE	FALSE	1	GREENWICH ST	BUCKLIN ST	2016-10-12	Two-Way, Divided, Unprotected (painted>4feet) Medium	Dry	Daylight	Clear	Not a Collision Between Two Motor Vehicles in Transport	Yes, M/V and Driver Left Scene	Stop Signs	1	1	Non-Incapacitating	NA	41.80232	-71.42768	FALSE	FALSE	Greenwich Street and Bucklin Street, Providence, RI, USA	FALSE	-71.4276553	41.8023399	intersection	geometric_center	bucklin st & greenwich st, providence, ri 02907, usa	NA	NA	NA	NA	41.8023399	-71.4276553	Med High	3.0180382786095072
1819	2016-10-12	470408	22:15:00	Pedestrian	1	NA	FALSE	FALSE	1	70 Kennedy Plz	NA	2016-10-13	Two-Way , Not Divided	Dry	Dark - Lighted	Clear	Not a Collision Between Two Motor Vehicles in Transport	Yes, M/V and Driver Left Scene	No Controls	1	1	Complains Of Pain	NA	41.82506	-71.41108	TRUE	TRUE	70 Kennedy Plz, Providence, RI, USA	FALSE	-71.41163499999999	41.8243973	street_address	rooftop	70 kennedy plaza, providence, ri 02903, usa	NA	NA	NA	NA	41.8243973	-71.41163499999999	High	86.95892717257004
1820	2016-10-12	474241	16:40:00	Pedestrian	2	NA	FALSE	FALSE	1	HARTFORD AVE	HEATH ST	2016-10-18	Two-Way , Not Divided	Dry	Daylight	Clear	Not a Collision Between Two Motor Vehicles in Transport	Yes, M/V and Driver Left Scene	Pavement Markings	4	2	Complains Of Pain	NA	41.81726	-71.4499	FALSE	FALSE	Hartford Ave and Heath Street, Providence, RI, USA	FALSE	-71.44988699999999	41.8172779	intersection	geometric_center	heath st & hartford ave, providence, ri 02909, usa	NA	NA	NA	NA	41.8172779	-71.44988699999999	Med High	2.2657782876056034
1821	2016-10-11	469430	13:47:00	Pedestrian	1	NA	FALSE	FALSE	1	250 Benefit St	HOPKINS ST	2016-10-11	Two-Way , Not Divided	Dry	Daylight	Clear	Not a Collision Between Two Motor Vehicles in Transport	No	No Controls	3	1	Complains Of Pain	2	41.82566	-71.4066	TRUE	FALSE	250 Benefit Street, Providence, RI, USA	FALSE	-71.4072983	41.8256994	premise	rooftop	providence county courthouse, 250 benefit st, providence, ri 02903, usa	NA	NA	NA	NA	41.8256994	-71.4072983	High	58.091712005420014
1822	2016-10-09	468214	02:13:00	Pedestrian	1	NA	FALSE	FALSE	1	DEXTER ST	POTTERS AVE	2016-10-09	Two-Way , Not Divided	Wet	Dark - Lighted	Rain	Not a Collision Between Two Motor Vehicles in Transport	No	No Controls	3	1	Complains Of Pain	2	41.80249	-71.43059	FALSE	FALSE	Dexter Street and Potters Ave, Providence, RI, USA	FALSE	-71.4305866	41.8024973	intersection	geometric_center	potters ave & dexter st, providence, ri 02907, usa	NA	NA	NA	NA	41.8024973	-71.4305866	Med High	0.8602180102863454
1823	2016-10-08	467881	12:50:00	Bicycle	NA	1	FALSE	FALSE	1	POTTERS AVE	BAXTER ST	2016-10-08	Two-Way , Not Divided	Dry	Daylight	Clear	Not a Collision Between Two Motor Vehicles in Transport	No	No Controls	4	1	Complains Of Pain	NA	41.80343	-71.41698	FALSE	FALSE	Potters Ave and Baxter Street, Providence, RI, USA	FALSE	-71.416608	41.803539	intersection	geometric_center	potters ave & baxter st, providence, ri 02905, usa	NA	NA	NA	NA	41.803539	-71.416608	Med High	33.16823862518772
1824	2016-10-08	468132	21:59:00	Pedestrian	2	NA	FALSE	FALSE	1	Empire St	Washington St	2016-10-09	Two-Way , Not Divided	Wet	Dark - Lighted	Rain	Not a Collision Between Two Motor Vehicles in Transport	Yes, M/V and Driver Left Scene	Traffic Control Signal	5	2	Complains Of Pain	NA	41.8218	-71.41643	FALSE	FALSE	Empire Street and Washington Street, Providence, RI, USA	FALSE	-71.4164189	41.82186009999999	intersection	geometric_center	empire st & washington st, providence, ri 02903, usa	NA	NA	NA	NA	41.82186009999999	-71.4164189	Med High	6.753374132516597
1825	2016-10-05	466867	11:05:00	Bicycle	NA	1	FALSE	FALSE	1	Knight St	GRANT ST	2016-10-05	Two-Way , Not Divided	Dry	Daylight	Clear	Other	No	No Controls	3	0	No Injury	NA	41.81855	-71.42784	FALSE	FALSE	Knight Street and Grant Street, Providence, RI, USA	FALSE	-71.4281681	41.8188527	intersection	geometric_center	knight st & grant st, providence, ri 02909, usa	NA	NA	NA	NA	41.8188527	-71.4281681	Med High	43.31701144248975
1826	2016-10-01	465041	13:25:00	Pedestrian	1	NA	FALSE	FALSE	1	29 FORD ST	DEXTER ST	2016-10-01	Two-Way , Not Divided	Wet	Daylight	Sleet, Hail (Freezing Rain or Drizzle)	Not a Collision Between Two Motor Vehicles in Transport	Yes, M/V and Driver Left Scene	No Controls	2	1	Complains Of Pain	NA	41.80895	-71.42928	TRUE	FALSE	29 Ford Street, Providence, RI, USA	FALSE	-71.4291952	41.8090977	street_address	rooftop	29 ford st, providence, ri 02907, usa	NA	NA	NA	NA	41.8090977	-71.4291952	High	17.884186698935814
1827	2016-09-29	464027	07:52:00	Pedestrian	2	NA	FALSE	FALSE	1	DEXTER ST	POTTERS AVE	2016-09-29	Two-Way , Not Divided	Dry	Daylight	Cloudy	Not a Collision Between Two Motor Vehicles in Transport	No	No Controls	7	2	Incapacitating	2	41.80249	-71.43059	FALSE	FALSE	Dexter Street and Potters Ave, Providence, RI, USA	FALSE	-71.4305866	41.8024973	intersection	geometric_center	potters ave & dexter st, providence, ri 02907, usa	NA	NA	NA	NA	41.8024973	-71.4305866	Med High	0.8602180102863454
1828	2016-09-29	464122	11:07:00	Pedestrian	1	NA	FALSE	FALSE	1	HAYES ST	PARK ST	2016-09-29	Two-Way , Not Divided	Dry	Daylight	Cloudy	Other	No	No Controls	4	1	Non-Incapacitating	NA	41.82928	-71.41675	FALSE	FALSE	Hayes Street and Park Street, Providence, RI, USA	FALSE	-71.41745329999999	41.8293258	intersection	geometric_center	hayes st & park st, providence, ri 02903, usa	NA	NA	NA	NA	41.8293258	-71.41745329999999	Med High	58.55973061671031
1829	2016-09-28	463806	15:23:00	Bicycle	NA	1	FALSE	FALSE	1	HOPE ST	ANGELL ST	2016-09-28	Two-Way , Not Divided	Dry	Daylight	Cloudy	Head-On (Front - to - Front)	No	No Controls	2	1	Complains Of Pain	NA	41.82847	-71.39756	FALSE	FALSE	Hope Street and Angell Street, Providence, RI, USA	FALSE	-71.3974982	41.8284083	intersection	geometric_center	hope st & angell st, providence, ri 02906, usa	NA	NA	NA	NA	41.8284083	-71.3974982	Med High	8.570508710750346
1830	2016-09-28	463872	19:14:00	Pedestrian	1	NA	FALSE	FALSE	1	HAWKINS ST	BRANCH AVE	2016-09-28	Two-Way , Not Divided	Wet	Dark - Lighted	Rain	Not a Collision Between Two Motor Vehicles in Transport	No	Traffic Control Signal	5	1	Complains Of Pain	2	41.8509	-71.42142	FALSE	FALSE	Hawkins Street and Branch Ave, Providence, RI, USA	FALSE	-71.4214171	41.8509231	intersection	geometric_center	hawkins st & branch ave, providence, ri 02904, usa	NA	NA	NA	NA	41.8509231	-71.4214171	Med High	2.582699272713118
1831	2016-09-25	461798	07:00:00	Pedestrian	1	NA	FALSE	FALSE	1	SERVICE ROAD 7	PINE ST	2016-09-25	Two-Way , Not Divided	Dry	Daylight	Clear	Not a Collision Between Two Motor Vehicles in Transport	Yes, M/V and Driver Left Scene	Traffic Control Signal	1	1	Complains Of Pain	NA	41.81735	-71.41694	FALSE	FALSE	Service Road 7 and Pine Street, Providence, RI, USA	FALSE	-71.40887980000001	41.8237262	street_address	range_interpolated	7 pine st, providence, ri 02903, usa	NA	NA	NA	NA	41.8237262	-71.40887980000001	Med High	975.1554729492811
1832	2016-09-21	460164	12:43:00	Pedestrian	1	NA	FALSE	FALSE	1	930 Broad St	BROAD ST	2016-09-21	Two-Way , Not Divided	Dry	Daylight	Clear	Not a Collision Between Two Motor Vehicles in Transport	Yes, M/V and Driver Left Scene	No Controls	1	1	Complains Of Pain	3	41.79888	-71.4155	TRUE	FALSE	930 Broad Street, Providence, RI, USA	FALSE	-71.4148211	41.7984918	premise	rooftop	930 broad st, providence, ri 02907, usa	NA	NA	NA	NA	41.7984918	-71.4148211	High	71.00496559508481
1833	2016-09-21	460379	19:37:00	Bicycle	NA	1	FALSE	FALSE	1	WHITMARSH ST	ELMWOOD AVE	2016-09-21	Two-Way, Not Divided With a Continuous Left Turn Lane	Dry	Dark - Lighted	Clear	Not a Collision Between Two Motor Vehicles in Transport	No	Stop Signs	2	1	Complains Of Pain	NA	41.80596	-71.42507	FALSE	FALSE	Whitmarsh Street and Elmwood Ave, Providence, RI, USA	FALSE	-71.42507549999999	41.8059678	intersection	geometric_center	elmwood ave & whitmarsh st, providence, ri 02907, usa	NA	NA	NA	NA	41.8059678	-71.42507549999999	Med High	0.9809252096030447
1834	2016-09-19	459736	15:38:00	Pedestrian	1	NA	FALSE	FALSE	1	smith st	DANFORTH ST	2016-09-19	Two-Way , Not Divided	Wet	Daylight	Rain	Not a Collision Between Two Motor Vehicles in Transport	No	No Controls	3	1	Non-Incapacitating	NA	41.83557	-71.42652	FALSE	FALSE	Smith Street and Danforth Street, Providence, RI, USA	FALSE	-71.4265132	41.8355761	intersection	geometric_center	danforth st & smith st, providence, ri 02908, usa	NA	NA	NA	NA	41.8355761	-71.4265132	Med High	0.8827195507384056
1835	2016-09-18	458757	14:03:00	Pedestrian	1	NA	FALSE	FALSE	1	ALLENS AVE	ALLENS AVE	2016-09-18	Two-Way , Not Divided	Wet	Daylight	Cloudy	Not a Collision Between Two Motor Vehicles in Transport	No	No Controls	4	2	Fatal	NA	41.80652	-71.40295	FALSE	FALSE	Allens Ave and Allens Ave, Providence, RI, USA	FALSE	-71.4014192	41.8030664	route	geometric_center	allens ave, providence, ri, usa	NA	NA	NA	NA	41.8030664	-71.4014192	Med	404.8945252856393
1836	2016-09-17	458434	16:41:00	Bicycle	NA	1	FALSE	FALSE	1	53-55 CONGRESS AVE	CONGRESS AVE	2016-09-17	Two-Way , Not Divided	Dry	Daylight	Clear	Other	No	No Controls	5	1	Non-Incapacitating	NA	41.80035	-71.42024	FALSE	FALSE	53-55 Congress Ave and Congress Ave, Providence, RI, USA	FALSE	-71.4222346	41.7997464	route	geometric_center	congress ave, providence, ri 02907, usa	NA	NA	NA	NA	41.7997464	-71.4222346	Med	178.64193943888202
1837	2016-09-16	457812	17:07:00	Pedestrian	1	NA	FALSE	FALSE	1	RIVER AVE	ADMIRAL ST	2016-09-16	Two-Way , Not Divided	Dry	Daylight	Clear	Not a Collision Between Two Motor Vehicles in Transport	Yes, M/V and Driver Left Scene	No Controls	1	1	Complains Of Pain	NA	41.8491	-71.43891	FALSE	FALSE	River Ave and Admiral Street, Providence, RI, USA	FALSE	-71.4460552	41.853176	intersection	geometric_center	admiral st & river ave, providence, ri 02904, usa	NA	NA	NA	NA	41.853176	-71.4460552	Med High	746.2632408957624
1838	2016-09-16	457940	21:14:00	Bicycle	NA	1	FALSE	FALSE	1	Douglas Ave	Clym St	2016-09-16	Two-Way , Not Divided	Dry	Dark - Lighted	Clear	Not a Collision Between Two Motor Vehicles in Transport	Yes, M/V and Driver Left Scene	No Controls	1	1	Complains Of Pain	NA	41.84317	-71.42774	FALSE	FALSE	Douglas Ave and Clym Street, Providence, RI, USA	FALSE	-71.4277211	41.8431942	intersection	geometric_center	clym st & douglas ave, providence, ri 02908, usa	NA	NA	NA	NA	41.8431942	-71.4277211	Med High	3.116719805750577
1839	2016-09-15	457187	18:42:00	Pedestrian	1	NA	FALSE	FALSE	1	STEUBEN ST	ANDERSON ST	2016-09-15	Two-Way, Divided, Unprotected (painted>4feet) Medium	Dry	Daylight	Clear	Sidwswipe, Opposite Direction	Yes, M/V and Driver Left Scene	No Controls	1	1	Non-Incapacitating	NA	41.82273	-71.45014	FALSE	FALSE	Steuben Street and Anderson Street, Providence, RI, USA	FALSE	-71.45015579999999	41.8226772	intersection	geometric_center	anderson st & steuben st, providence, ri 02909, usa	NA	NA	NA	NA	41.8226772	-71.45015579999999	Med High	6.022040034108796
1840	2016-09-15	457394	18:25:00	Pedestrian	1	NA	FALSE	FALSE	1	ORMS ST	STATE ST	2016-09-15	Two-Way, Divided, Positive Median Barrier	Dry	Daylight	Clear	Not a Collision Between Two Motor Vehicles in Transport	No	No Controls	4	1	Fatal	4	41.83482	-71.4136	FALSE	FALSE	Orms Street and State Street, Providence, RI, USA	FALSE	-71.4143691	41.83476659999999	intersection	geometric_center	state st & orms st, providence, ri 02908, usa	NA	NA	NA	NA	41.83476659999999	-71.4143691	Med High	64.06625186780128
1841	2016-09-14	456353	08:54:00	Pedestrian	1	NA	FALSE	FALSE	1	BROAD ST	JOHN PARTINGTON WAY	2016-09-14	Two-Way , Not Divided	Dry	Daylight	Clear	Not a Collision Between Two Motor Vehicles in Transport	No	Traffic Control Signal	2	0	No Injury	NA	41.81736	-71.41696	FALSE	FALSE	Broad Street and John Partington Way, Providence, RI, USA	FALSE	-71.4199238	41.8198109	route	geometric_center	john j partington way, providence, ri 02903, usa	NA	NA	NA	NA	41.8198109	-71.4199238	Med	367.2819889192427
1842	2016-09-14	456508	14:59:00	Pedestrian	1	NA	FALSE	FALSE	1	FRANCIS STREET	AMERICAN EXPRESS PLZ	2016-09-14	Two-Way, Divided, Unprotected (painted>4feet) Medium	Dry	Daylight	Clear	Angle (Front - to - Side) Right Angle (Includes Broadside)	Yes, M/V and Driver Left Scene	Traffic Control Signal	3	1	Complains Of Pain	NA	41.82741	-71.41541	FALSE	FALSE	Francis Street and American Express Plz, Providence, RI, USA	FALSE	-71.4128343	41.8239891	locality	approximate	providence, ri, usa	NA	NA	NA	NA	41.8239891	-71.4128343	Med	436.6572833140136
1843	2016-09-14	456617	18:19:00	Pedestrian	1	NA	FALSE	FALSE	1	N MAIN ST	N MAIN ST	2016-09-14	Two-Way , Not Divided	Dry	Dusk	Clear	Angle - Direction Not Specified	No	No Controls	3	1	Complains Of Pain	NA	41.85331	-71.40104	FALSE	FALSE	N Main Street and N Main Street, Providence, RI, USA	FALSE	-71.2873641	41.7371398	route	geometric_center	n main st, rhode island, usa	North Main Street & South Main Street, Providence, RI, USA	EjpOb3J0aCBNYWluIFN0cmVldCAmIFNvdXRoIE1haW4gU3RyZWV0LCBQcm92aWRlbmNlLCBSSSwgVVNBImYiZAoUChIJD1urSRZF5IkRzGbOghZosXsSFAoSCQ9bq0kWReSJEcxmzoIWaLF7GhQKEgn5-kE93kTkiRFf162-DVwjPxoUChIJxfz7Uz5F5IkRx3FZv-YChPQiCg2TF-4YFdUHcNU	41.8256787	-71.4078251	41.8256787	-71.4078251	Med	3126.952152513414
1844	2016-09-14	456887	21:05:00	Pedestrian	1	NA	FALSE	FALSE	1	MEMORIAL BLVD	COLLEGE ST	2016-09-14	Two-Way, Divided, Unprotected (painted>4feet) Medium	Dry	Dark - Lighted	Clear	Other	No	Pavement Markings	4	1	Incapacitating	4	41.82538	-71.40886	FALSE	FALSE	Memorial Blvd and College Street, Providence, RI, USA	FALSE	-71.4088081	41.8253077	intersection	geometric_center	memorial blvd & college st, providence, ri 02903, usa	NA	NA	NA	NA	41.8253077	-71.4088081	Med High	9.127545107332212
1845	2016-09-13	455890	08:53:00	Bicycle	NA	1	FALSE	FALSE	1	FOUNTAIN ST	FRANCIS ST	2016-09-13	One-Way Trafficway	Dry	Daylight	Clear	Not a Collision Between Two Motor Vehicles in Transport	No	Traffic Control Signal	5	1	Complains Of Pain	NA	41.82481	-71.41469	FALSE	FALSE	Fountain Street and Francis Street, Providence, RI, USA	FALSE	-71.4233339	41.8348041	route	geometric_center	francis smith way, providence, ri 02904, usa	Fountain Street & Francis Street, Scranton, SC, USA	EjNGb3VudGFpbiBTdHJlZXQgJiBGcmFuY2lzIFN0cmVldCwgU2NyYW50b24sIFNDLCBVU0EiZiJkChQKEgmPjDUaT43_iBHX2ZixABOeIhIUChIJj4w1Gk-N_4gR19mYsQATniIaFAoSCXUg5eZOjf-IEcLTpL6nTuFpGhQKEglbDwsET43_iBExUcS3zACrhyIKDftsNxQV_UZ30A	33.9176699	-79.7489411	33.9176699	-79.7489411	Med	1143851.2821410215
1846	2016-09-13	456214	16:54:00	Pedestrian	1	NA	FALSE	FALSE	1	ANGELL ST	WAYLAND AVE	2016-09-13	Two-Way, Divided, Unprotected (painted>4feet) Medium	Dry	Daylight	Clear	Not a Collision Between Two Motor Vehicles in Transport	No	Traffic Control Signal	3	1	Incapacitating	NA	41.83015	-71.38792	FALSE	FALSE	Angell Street and Wayland Ave, Providence, RI, USA	FALSE	-71.38795379999999	41.8300494	intersection	geometric_center	wayland ave & angell st, providence, ri 02906, usa	NA	NA	NA	NA	41.8300494	-71.38795379999999	Med High	11.54435011314683
1847	2016-09-13	456274	23:00:00	Pedestrian	1	NA	FALSE	FALSE	1	webster ave	STERLING AVE	2016-09-14	Two-Way , Not Divided	Dry	Dark - Lighted	Clear	Not a Collision Between Two Motor Vehicles in Transport	Yes, M/V and Driver Left Scene	Stop Signs	1	1	Complains Of Pain	NA	41.81036	-71.44923	FALSE	FALSE	Webster Ave and Sterling Ave, Providence, RI, USA	FALSE	-71.4493356	41.8106345	intersection	geometric_center	webster ave & sterling ave, providence, ri 02909, usa	NA	NA	NA	NA	41.8106345	-71.4493356	Med High	31.788569432279907
1848	2016-09-12	455626	07:37:00	Pedestrian	1	NA	FALSE	FALSE	1	Hartford Ave	Bowlet Street	2016-09-12	Two-Way, Divided, Unprotected (painted>4feet) Medium	Dry	Daylight	Clear	Other	No	No Controls	4	1	Complains Of Pain	NA	41.81907	-71.46227	FALSE	FALSE	Hartford Ave and Bowlet Street, Providence, RI, USA	FALSE	-71.4622443	41.8191049	intersection	geometric_center	bowlett st & hartford ave, providence, ri 02909, usa	NA	NA	NA	NA	41.8191049	-71.4622443	Med High	4.431646105329283
1849	2016-09-12	455693	16:06:00	Bicycle	NA	1	FALSE	FALSE	1	POTTERS AVE	NINIGRET AVE	2016-09-12	Two-Way , Not Divided	Dry	Daylight	Clear	Not a Collision Between Two Motor Vehicles in Transport	No	No Controls	3	1	Complains Of Pain	NA	41.80466	-71.43675	FALSE	FALSE	Potters Ave and Ninigret Ave, Providence, RI, USA	FALSE	-71.4364621	41.80456909999999	intersection	geometric_center	potters ave & ninigret ave, providence, ri 02907, usa	NA	NA	NA	NA	41.80456909999999	-71.4364621	Med High	25.94460942561983
1850	2016-09-12	455701	17:30:00	Pedestrian	1	NA	FALSE	FALSE	1	Hartford Ave	HARTFORD AVE	2016-09-12	Two-Way , Not Divided	Dry	Daylight	Clear	Other	No	No Controls	4	1	Complains Of Pain	NA	41.81727	-71.44995	FALSE	FALSE	Hartford Ave and Hartford Ave, Providence, RI, USA	FALSE	-71.4587339	41.8185901	route	geometric_center	hartford ave, providence, ri, usa	Hartford Ave Service Rd & Hartford Ave, Johnston, Providence, RI, USA	EkVIYXJ0Zm9yZCBBdmUgU2VydmljZSBSZCAmIEhhcnRmb3JkIEF2ZSwgSm9obnN0b24sIFByb3ZpZGVuY2UsIFJJLCBVU0EiZiJkChQKEgmP4Jty0EfkiRFZT82Cwq1hZxIUChIJj-CbctBH5IkRWU_NgsKtYWcaFAoSCUk2WRTQR-SJEffJJKBODzFaGhQKEgkvAx61JEbkiRGCwC0vu7gN1iIKDdap7hgVnoNc1Q	41.829423	-71.5357282	41.829423	-71.5357282	Med	7243.258953664835
1851	2016-09-08	454138	16:16:00	Pedestrian	1	NA	FALSE	FALSE	1	Hope St.	Cypress St.	2016-09-08	Two-Way , Not Divided	Dry	Daylight	Clear	Not a Collision Between Two Motor Vehicles in Transport	Yes, M/V and Driver Left Scene	Traffic Control Signal	3	1	Non-Incapacitating	NA	41.84102	-71.39899	FALSE	FALSE	Hope St. and Cypress St., Providence, RI, USA	FALSE	-71.39896139999999	41.8410395	intersection	geometric_center	hope st & cypress st, providence, ri 02906, usa	NA	NA	NA	NA	41.8410395	-71.39896139999999	Med High	3.215257684466036
1852	2016-09-06	453227	19:03:00	Bicycle	NA	1	FALSE	FALSE	1	Dorrance st	PINE ST	2016-09-06	Two-Way , Not Divided	Wet	Daylight	Cloudy	Not a Collision Between Two Motor Vehicles in Transport	No	No Controls	3	1	Complains Of Pain	NA	41.82239	-71.4101	FALSE	FALSE	Dorrance Street and Pine Street, Providence, RI, USA	FALSE	-71.4100874	41.822464	intersection	geometric_center	pine st & dorrance st, providence, ri 02903, usa	NA	NA	NA	NA	41.822464	-71.4100874	Med High	8.303692829485456
1853	2016-09-04	452267	16:02:00	Other	NA	NA	FALSE	TRUE	1	HARTFORD AV	IDA ST	2016-09-04	Two-Way , Not Divided	Dry	Daylight	Clear	Other	Yes, M/V and Driver Left Scene	No Controls	3	1	Complains Of Pain	2	41.81835	-71.4574	FALSE	FALSE	Hartford Av and Ida Street, Providence, RI, USA	FALSE	-71.45739700000001	41.8183776	intersection	geometric_center	ida st & hartford ave, providence, ri 02909, usa	NA	NA	NA	NA	41.8183776	-71.45739700000001	Med High	3.082482215208227
1854	2016-09-04	452357	22:23:00	Pedestrian	1	NA	FALSE	FALSE	1	MEMORIAL BLVD	FRANCIS ST	2016-09-05	Two-Way, Divided, Positive Median Barrier	Dry	Dark - Lighted	Clear	Other	Yes, M/V and Driver Left Scene	Pavement Markings	5	1	Incapacitating	6	41.82582	-71.4151	FALSE	FALSE	Memorial Blvd and Francis Street, Providence, RI, USA	FALSE	-71.4153098	41.8257791	intersection	geometric_center	memorial blvd & francis st, providence, ri 02903, usa	NA	NA	NA	NA	41.8257791	-71.4153098	Med High	17.989155027110627
1855	2016-09-03	451810	16:06:00	Pedestrian	1	NA	FALSE	FALSE	1	ELMWOOD AVE	EXIT 17	2016-09-03	One-Way Trafficway	Dry	Daylight	Clear	Not a Collision Between Two Motor Vehicles in Transport	Yes, M/V and Driver Left Scene	Traffic Control Signal	2	1	Complains Of Pain	NA	41.78853	-71.42091	FALSE	FALSE	Elmwood Ave and Exit 17, Providence, RI, USA	FALSE	-71.4128343	41.8239891	locality	approximate	providence, ri, usa	NA	NA	NA	NA	41.8239891	-71.4128343	Med	4003.764514374791
1856	2016-09-01	450852	20:28:00	Bicycle	NA	1	FALSE	FALSE	1	CHALKSTONE AVE	CANTON ST	2016-09-01	Two-Way , Not Divided	Dry	Dark - Lighted	Clear	Not a Collision Between Two Motor Vehicles in Transport	No	Stop Signs	3	1	Complains Of Pain	NA	41.8323	-71.4425	FALSE	FALSE	Chalkstone Ave and Canton Street, Providence, RI, USA	FALSE	-71.44251179999999	41.83230959999999	intersection	geometric_center	canton st & chalkstone ave, providence, ri 02908, usa	NA	NA	NA	NA	41.83230959999999	-71.44251179999999	Med High	1.4491319913938623
1857	2016-09-01	450909	08:33:00	Bicycle	NA	1	FALSE	FALSE	1	ALEPPO ST	MANTON AVE	2016-09-02	Two-Way, Divided, Unprotected (painted>4feet) Medium	Wet	Daylight	Rain	Angle (Front - to - Side) Right Angle (Includes Broadside)	No	No Controls	3	1	Non-Incapacitating	NA	41.81968	-71.44739	FALSE	FALSE	Aleppo Street and Manton Ave, Providence, RI, USA	FALSE	-71.4462075	41.8193627	intersection	geometric_center	aleppo st & manton ave, providence, ri 02909, usa	NA	NA	NA	NA	41.8193627	-71.4462075	Med High	104.26618738245658
1858	2016-08-31	450264	10:43:00	Pedestrian	1	NA	FALSE	FALSE	1	WASHINGTON ST	EMPIRE ST	2016-08-31	Two-Way, Divided, Unprotected (painted>4feet) Medium	Dry	Daylight	Clear	Not a Collision Between Two Motor Vehicles in Transport	No	No Controls	3	1	Complains Of Pain	NA	41.82182	-71.41645	FALSE	FALSE	Washington Street and Empire Street, Providence, RI, USA	FALSE	-71.4157797	41.821349	route	geometric_center	empire st, providence, ri 02903, usa	Washington Street & Empire Street, Providence, RI, USA	EjZXYXNoaW5ndG9uIFN0cmVldCAmIEVtcGlyZSBTdHJlZXQsIFByb3ZpZGVuY2UsIFJJLCBVU0EiZiJkChQKEgmNpp3sEkXkiRHnvAEsqcaDvRIUChIJjaad7BJF5IkR57wBLKnGg70aFAoSCanazZwSReSJERoH0JajEjT2GhQKEgnHPO_pEkXkiRGhxI4iuiomFSIKDWmC7RgVI7hu1Q	41.82186009999999	-71.4164189	41.82186009999999	-71.4164189	Med	5.155853917904554
1859	2016-08-31	450273	13:00:00	Bicycle	NA	1	FALSE	FALSE	1	ABRAM ST	BRANCH AVE	2016-08-31	Two-Way , Not Divided	Dry	Daylight	Clear	Not a Collision Between Two Motor Vehicles in Transport	No	Other	2	1	Complains Of Pain	NA	41.85412	-71.4307	FALSE	FALSE	Abram Street and Branch Ave, Providence, RI, USA	FALSE	-71.43068459999999	41.8541658	intersection	geometric_center	branch ave & abram st, providence, ri 02904, usa	NA	NA	NA	NA	41.8541658	-71.43068459999999	Med High	5.2559014532403
1860	2016-08-31	450504	15:33:00	Bicycle	NA	1	FALSE	FALSE	1	broad st	FOSTER ST	2016-08-31	Two-Way , Not Divided	Dry	Daylight	Clear	Not a Collision Between Two Motor Vehicles in Transport	No	No Controls	3	1	Complains Of Pain	NA	41.81878	-71.41549	FALSE	FALSE	Broad Street and Foster Street, Providence, RI, USA	FALSE	-71.4148277	41.8185257	route	geometric_center	foster st, providence, ri 02903, usa	Broad Street & Foster Street, Providence, RI, USA	EjFCcm9hZCBTdHJlZXQgJiBGb3N0ZXIgU3RyZWV0LCBQcm92aWRlbmNlLCBSSSwgVVNBImYiZAoUChIJQ-UuH21F5IkRLc7Y-EsQ4bkSFAoSCUPlLh9tReSJES3O2PhLEOG5GhQKEgmD3n3VjE_kiREsosqTmEsIoxoUChIJN7Lu42xF5IkRev8oYABsF7QiCg3oDO0YFRXfbtU	41.818852	-71.4154219	41.818852	-71.4154219	Med	9.80608216829241
1861	2016-08-31	450509	16:07:00	Bicycle	NA	1	FALSE	FALSE	1	157 WATERMAN STREET	NA	2016-08-31	One-Way Trafficway	Dry	Daylight	Clear	Not a Collision Between Two Motor Vehicles in Transport	No	No Controls	2	1	Complains Of Pain	NA	41.82762	-71.39503	TRUE	TRUE	157 Waterman Street, Providence, RI, USA	FALSE	-71.3951013	41.8274105	premise	rooftop	157 waterman st, providence, ri 02906, usa	NA	NA	NA	NA	41.8274105	-71.3951013	High	24.059694928460274
1862	2016-08-31	450523	16:49:00	Bicycle	NA	1	FALSE	FALSE	1	S WATER ST	POWER STREET	2016-08-31	One-Way Trafficway	Dry	Daylight	Clear	Not a Collision Between Two Motor Vehicles in Transport	No	Other	5	1	Non-Incapacitating	NA	41.82239	-71.40603	FALSE	FALSE	S Water Street and Power Street, Providence, RI, USA	FALSE	-71.4059968	41.82238	intersection	geometric_center	s water st & power st, providence, ri 02903, usa	NA	NA	NA	NA	41.82238	-71.4059968	Med High	2.970634785362976