row_number	crash_date	crash_report_id	crash_time	collision_type	count_pedestrian	count_bicycle	scooter	wheel_chair	number_of_vehicles	street_or_highway	nearest_intersection	report_date	type_of_roadway	road_surface_condition	light_condition	weather_condition	manner_of_impact	hit_and_run	traffic_control	person_count	injury_count	most_serious_injury	number_of_lanes	lat_raw	lon_raw	has_st_number	is_intersection_null	address_sent_to_geocoder	is_address_blank	lon_api_first_try	lat_api_first_try	type	loctype	address_returned_by_geocoder	address_returned_by_autocomplete	place_ids_autocompleted	lat_api_second_try	lon_api_second_try	lat_api_best	lon_api_best	api_coord_conf	distance_btwn_coords_meters
1953	2016-05-23	403612	15:16:00	Bicycle	1	NA	FALSE	FALSE	1	OAKLAND AVE	SMITH ST	2016-05-23	Two-Way, Divided, Unprotected (painted>4feet) Medium	Dry	Daylight	Clear	Not a Collision Between Two Motor Vehicles in Transport	Yes, M/V and Driver Left Scene	Traffic Control Signal	1	0	No Injury	NA	41.83623	-71.43046	FALSE	FALSE	Oakland Ave and Smith Street, Providence, RI, USA	FALSE	-71.43045500000001	41.8362474	intersection	geometric_center	oakland ave & smith st, providence, ri 02908, usa	NA	NA	NA	NA	41.8362474	-71.43045500000001	Med High	1.9808540859837125
1954	2016-05-22	404304	11:04:00	Bicycle	NA	1	FALSE	FALSE	1	BRANCH AVE	HAWKINS ST	2016-05-25	Two-Way, Divided, Unprotected (painted>4feet) Medium	Dry	Daylight	Clear	Other	No	Traffic Control Signal	3	1	Complains Of Pain	NA	41.85103	-71.42174	FALSE	FALSE	Branch Ave and Hawkins Street, Providence, RI, USA	FALSE	-71.4214171	41.8509231	intersection	geometric_center	hawkins st & branch ave, providence, ri 02904, usa	NA	NA	NA	NA	41.8509231	-71.4214171	Med High	29.300241642234795
1955	2016-05-18	401720	07:47:00	Bicycle	NA	1	FALSE	FALSE	1	UNION AVE	ALTHEA ST	2016-05-18	Two-Way, Divided, Unprotected (painted>4feet) Medium	Dry	Daylight	Clear	Sideswipe, Same Direction	Yes, M/V and Driver Left Scene	No Controls	1	0	No Injury	NA	41.8093	-71.43837	FALSE	FALSE	Union Ave and Althea Street, Providence, RI, USA	FALSE	-71.4350772	41.807752	route	geometric_center	althea st, providence, ri, usa	Union Ave & Althea Street, Providence, RI, USA	Ei5VbmlvbiBBdmUgJiBBbHRoZWEgU3RyZWV0LCBQcm92aWRlbmNlLCBSSSwgVVNBImYiZAoUChIJG0Z3g4ZF5IkRRkh_ckDFXY0SFAoSCRtGd4OGReSJEUZIf3JAxV2NGhQKEgkjges4ikXkiRGe1Z8wsMWILxoUChIJp4GeQIFF5IkR1Ebe3VPYn2YiCg1lmOsYFaFja9U	41.8093157	-71.4382431	41.8093157	-71.4382431	Med	10.67345609915439
1956	2016-05-17	401711	10:10:00	Bicycle	NA	1	FALSE	FALSE	1	WASHINGTON ST	UNION ST	2016-05-18	Two-Way, Divided, Unprotected (painted>4feet) Medium	Dry	Daylight	Clear	Sideswipe, Same Direction	No	No Controls	6	1	Complains Of Pain	NA	41.8236	-71.414	FALSE	FALSE	Washington Street and Union Street, Providence, RI, USA	FALSE	-71.4128343	41.8239891	locality	approximate	providence, ri, usa	Washington Street & Union Street, Providence, RI, USA	EjVXYXNoaW5ndG9uIFN0cmVldCAmIFVuaW9uIFN0cmVldCwgUHJvdmlkZW5jZSwgUkksIFVTQSJmImQKFAoSCXvJS8cTReSJEcVp0B49EFpXEhQKEgl7yUvHE0XkiRHFadAePRBaVxoUChIJqdrNnBJF5IkRGgfQlqMSNPYaFAoSCXNAs5UTReSJEZJE18owa50QIgoN_cbtGBWuFm_V	41.8236157	-71.4139986	41.8236157	-71.4139986	Med	1.7515704890054968
1957	2016-05-14	399180	22:11:00	Pedestrian	1	NA	FALSE	FALSE	1	BROAD ST	Summer ST	2016-05-15	Two-Way, Divided, Unprotected (painted>4feet) Medium	Dry	Dark - Lighted	Clear	Not a Collision Between Two Motor Vehicles in Transport	No	Traffic Control Signal	3	1	Complains Of Pain	NA	41.81638	-71.41914	FALSE	FALSE	Broad Street and Summer Street, Providence, RI, USA	FALSE	-71.3863288	41.8796634	intersection	geometric_center	broad st & summer st, pawtucket, ri 02860, usa	NA	NA	NA	NA	41.8796634	-71.3863288	Med High	7551.845230805061
1958	2016-05-12	397364	07:32:00	Bicycle	NA	1	FALSE	FALSE	1	WASHINGTON ST	WINTER ST	2016-05-12	Two-Way , Not Divided	Dry	Daylight	Clear	Angle (Front - to - Side) Right Angle (Includes Broadside)	No	Stop Signs	3	1	Complains Of Pain	NA	41.81809	-71.4225	FALSE	FALSE	Washington Street and Winter Street, Providence, RI, USA	FALSE	-71.4128343	41.8239891	locality	approximate	providence, ri, usa	Washington Street & Winter Street, Providence, RI, USA	EjZXYXNoaW5ndG9uIFN0cmVldCAmIFdpbnRlciBTdHJlZXQsIFByb3ZpZGVuY2UsIFJJLCBVU0EiZiJkChQKEgkB0v69c0XkiRF5jnKXAv-L1xIUChIJAdL-vXNF5IkReY5ylwL_i9caFAoSCanazZwSReSJERoH0JajEjT2GhQKEgmdUqK-c0XkiRGpZYLJlCtMySIKDX7u7BgVP8lt1Q	41.8180734	-71.4225345	41.8180734	-71.4225345	Med	3.4069032358976896
1959	2016-05-12	397661	16:18:00	Other	NA	NA	TRUE	FALSE	2	WESTMINSTER ST	BOUGH ST	2016-05-12	Two-Way , Not Divided	Dry	Daylight	Clear	Rear End(Front-to-Rear)	Yes, M/V and Driver Left Scene	No Controls	5	0	No Injury	3	41.8166	-71.44189	FALSE	FALSE	Westminster Street and Bough Street, Providence, RI, USA	FALSE	-71.4418328	41.816627	intersection	geometric_center	bough st & westminster st, providence, ri 02909, usa	NA	NA	NA	NA	41.816627	-71.4418328	Med High	5.6173136859756
1960	2016-05-12	397707	15:45:00	Pedestrian	2	NA	FALSE	FALSE	1	WEST EXCHANGE STREET	W EXCHANGE ST EXIT 22A	2016-05-12	Two-Way , Not Divided	Dry	Daylight	Clear	Other	No	No Controls	4	2	Complains Of Pain	2	41.82484	-71.41645	FALSE	FALSE	West Exchange Street and W Exchange Street Exit 22a, Providence, RI, USA	FALSE	-71.4202531	41.825222	route	geometric_center	w exchange st, providence, ri 02903, usa	NA	NA	NA	NA	41.825222	-71.4202531	Med	318.33381517433133
1961	2016-05-11	396766	16:00:00	Bicycle	NA	1	FALSE	FALSE	1	CALLA ST	BROAD ST	2016-05-11	Two-Way , Not Divided	Dry	Daylight	Clear	Angle (Front - to - Side) Right Angle (Includes Broadside)	No	No Controls	2	1	Non-Incapacitating	NA	41.78984	-71.40486	FALSE	FALSE	Calla Street and Broad Street, Providence, RI, USA	FALSE	-71.4048545	41.7898178	intersection	geometric_center	calla st & broad st, providence, ri 02905, usa	NA	NA	NA	NA	41.7898178	-71.4048545	Med High	2.5131008167594855
1962	2016-05-11	396852	14:54:00	Pedestrian	1	NA	FALSE	FALSE	1	LESTER ST	HARRISON ST	2016-05-11	Two-Way , Not Divided	Dry	Daylight	Clear	Not a Collision Between Two Motor Vehicles in Transport	Yes, M/V and Driver Left Scene	No Controls	1	1	Complains Of Pain	NA	41.81253	-71.4284	FALSE	FALSE	Lester Street and Harrison Street, Providence, RI, USA	FALSE	-71.428398	41.81252689999999	intersection	geometric_center	lester st & harrison st, providence, ri 02907, usa	NA	NA	NA	NA	41.81252689999999	-71.428398	Med High	0.3829142713709897
1963	2016-05-10	396202	13:20:00	Pedestrian	1	NA	FALSE	FALSE	1	1270 BROAD ST	BROAD ST	2016-05-10	Two-Way, Divided, Unprotected (painted>4feet) Medium	Dry	Daylight	Clear	Not a Collision Between Two Motor Vehicles in Transport	Yes, M/V and Driver Left Scene	No Controls	2	1	Incapacitating	NA	41.792	-71.40696	TRUE	FALSE	1270 Broad Street, Providence, RI, USA	FALSE	-71.4062745	41.7921309	street_address	range_interpolated	1270 broad st, providence, ri 02905, usa	NA	NA	NA	NA	41.7921309	-71.4062745	High	58.73037414351029
1964	2016-05-09	395848	17:57:00	Pedestrian	2	NA	FALSE	FALSE	1	WATERMAN ST	N MAIN ST	2016-05-09	Two-Way, Divided, Positive Median Barrier	Dry	Daylight	Clear	Not a Collision Between Two Motor Vehicles in Transport	No	No Controls	22	16	Complains Of Pain	NA	41.82694	-71.4087	FALSE	FALSE	Waterman Street and N Main Street, Providence, RI, USA	FALSE	-71.37025750000001	41.8264716	establishment	rooftop	105 wilmarth ave, east providence, ri 02914, usa	Waterman Street & North Main Street, Providence, RI, USA	EjhXYXRlcm1hbiBTdHJlZXQgJiBOb3J0aCBNYWluIFN0cmVldCwgUHJvdmlkZW5jZSwgUkksIFVTQSJmImQKFAoSCQt9wqUXReSJEQkJ8DGRoJD4EhQKEgkLfcKlF0XkiREJCfAxkaCQ-BoUChIJ-ff-ZiVF5IkRYg4Ghho0ll0aFAoSCfn6QT3eROSJEV_Xrb4NXCM_IgoNMknuGBWr5G_V	41.826949	-71.4087253	41.826949	-71.4087253	Med	2.325540948388802
1965	2016-05-07	394356	09:00:00	Pedestrian	1	NA	FALSE	FALSE	1	WESTMINSTER ST	MESSER ST	2016-05-07	Two-Way , Not Divided	Wet	Daylight	Cloudy	Other	Yes, M/V and Driver Left Scene	Pavement Markings	2	1	Complains Of Pain	3	41.81586	-71.43704	FALSE	FALSE	Westminster Street and Messer Street, Providence, RI, USA	FALSE	-71.437044	41.8158698	intersection	geometric_center	messer st & westminster st, providence, ri 02909, usa	NA	NA	NA	NA	41.8158698	-71.437044	Med High	1.1402906428341775
1966	2016-05-04	393180	16:36:00	Pedestrian	1	NA	FALSE	FALSE	1	GLENBRIDGE AVE	HARTFORD AVE	2016-05-04	Two-Way , Not Divided	Wet	Daylight	Rain	Not a Collision Between Two Motor Vehicles in Transport	Yes, M/V and Driver Left Scene	No Controls	1	1	Complains Of Pain	NA	41.81928	-71.4614	FALSE	FALSE	Glenbridge Ave and Hartford Ave, Providence, RI, USA	FALSE	-71.46158179999999	41.8190078	intersection	geometric_center	glenbridge ave & hartford ave, providence, ri 02909, usa	NA	NA	NA	NA	41.8190078	-71.46158179999999	Med High	33.84727255634545
1967	2016-05-03	392336	13:00:00	Pedestrian	1	NA	FALSE	FALSE	1	CANAL ST	MILL ST	2016-05-03	Two-Way, Divided, Positive Median Barrier	Wet	Daylight	Rain	Not a Collision Between Two Motor Vehicles in Transport	No	Stop Signs	5	1	Complains Of Pain	NA	41.8323	-71.41095	FALSE	FALSE	Canal Street and Mill Street, Providence, RI, USA	FALSE	-71.5342119	42.0140642	intersection	geometric_center	mill st & canal st, north smithfield, ri 02896, usa	NA	NA	NA	NA	42.0140642	-71.5342119	Med High	22663.642015127993
1968	2016-05-02	391673	17:30:00	Bicycle	NA	1	FALSE	FALSE	1	SMITH ST	CHALKSTONE AVE	2016-05-02	Two-Way , Not Divided	Dry	Daylight	Cloudy	Not a Collision Between Two Motor Vehicles in Transport	No	No Controls	2	1	Complains Of Pain	2	41.83556	-71.42649	FALSE	FALSE	Smith Street and Chalkstone Ave, Providence, RI, USA	FALSE	-71.4256425	41.83522139999999	intersection	geometric_center	chalkstone ave & smith st, providence, ri 02908, usa	NA	NA	NA	NA	41.83522139999999	-71.4256425	Med High	79.76014656630768
1969	2016-05-02	391894	14:21:00	Bicycle	NA	1	FALSE	FALSE	1	610 MANTON AVE	RIDGEWAY AVE	2016-05-03	Two-Way , Not Divided	Wet	Daylight	Cloudy	Not a Collision Between Two Motor Vehicles in Transport	No	No Controls	3	1	Complains Of Pain	2	41.82722	-71.46094	TRUE	FALSE	610 Manton Ave, Providence, RI, USA	FALSE	-71.46158	41.826471	premise	rooftop	610 manton ave, providence, ri 02909, usa	NA	NA	NA	NA	41.826471	-71.46158	High	98.84513301083878
1970	2016-04-29	390145	17:05:00	Bicycle	NA	1	FALSE	FALSE	1	Olney St	HOPE ST	2016-04-29	Two-Way , Not Divided	Dry	Daylight	Cloudy	Not a Collision Between Two Motor Vehicles in Transport	No	No Controls	2	1	Complains Of Pain	2	41.83569	-71.40214	FALSE	FALSE	Olney Street and Hope Street, Providence, RI, USA	FALSE	-71.4015677	41.8357179	intersection	geometric_center	hope st & olney st, providence, ri 02906, usa	NA	NA	NA	NA	41.8357179	-71.4015677	Med High	47.56792330895726
1971	2016-04-27	388812	13:05:00	Bicycle	NA	1	FALSE	FALSE	1	Elmwood Avenue	Westfield Street	2016-04-27	Two-Way , Not Divided	Dry	Daylight	Clear	Not a Collision Between Two Motor Vehicles in Transport	No	Traffic Control Signal	2	1	Complains Of Pain	NA	41.81001	-71.42398	FALSE	FALSE	Elmwood Avenue and Westfield Street, Providence, RI, USA	FALSE	-71.42397919999999	41.8100222	intersection	geometric_center	elmwood ave & westfield st, providence, ri 02907, usa	NA	NA	NA	NA	41.8100222	-71.42397919999999	Med High	1.3597189777167384
1972	2016-04-26	388357	15:10:00	Pedestrian	1	NA	FALSE	FALSE	1	OXFORD ST	PRAIRIE AVE	2016-04-26	Two-Way , Not Divided	Wet	Daylight	Cloudy	Not a Collision Between Two Motor Vehicles in Transport	No	Stop Signs	3	1	Complains Of Pain	2	41.80158	-71.41313	FALSE	FALSE	Oxford Street and Prairie Ave, Providence, RI, USA	FALSE	-71.413116	41.8015958	intersection	geometric_center	oxford st & prairie ave, providence, ri 02905, usa	NA	NA	NA	NA	41.8015958	-71.413116	Med High	2.1079060813524553
1973	2016-04-24	387209	09:40:00	Bicycle	NA	1	FALSE	FALSE	1	Broadway	Dean Street	2016-04-24	Two-Way , Not Divided	Dry	Daylight	Clear	Other	No	Traffic Control Signal	3	1	Incapacitating	2	41.82139	-71.42257	FALSE	FALSE	Broadway and Dean Street, Providence, RI, USA	FALSE	-71.4242155	41.8234078	route	geometric_center	dean st, providence, ri, usa	Broadway & Dean Street, Providence, RI, USA	EitCcm9hZHdheSAmIERlYW4gU3RyZWV0LCBQcm92aWRlbmNlLCBSSSwgVVNBImYiZAoUChIJCcRZtQxF5IkRWJynngBsfzMSFAoSCQnEWbUMReSJEVicp54AbH8zGhQKEgmlteWGdUXkiREawjOx16RvsxoUChIJWwZsfgxF5IkRyLSf36DnQOQiCg38cO0YFWLJbdU	41.821414	-71.42253099999999	41.821414	-71.42253099999999	Med	4.195884709443098
1974	2016-04-23	387460	20:08:00	Pedestrian	1	NA	FALSE	FALSE	1	Adelaide Ave	Broad St	2016-04-24	Two-Way , Not Divided	Dry	Dark - Lighted	Clear	Not a Collision Between Two Motor Vehicles in Transport	No	Pavement Markings	3	1	Complains Of Pain	NA	41.79885	-71.41548	FALSE	FALSE	Adelaide Ave and Broad Street, Providence, RI, USA	FALSE	-71.4154791	41.7988681	intersection	geometric_center	adelaide ave & broad st, providence, ri 02905, usa	NA	NA	NA	NA	41.7988681	-71.4154791	Med High	2.016266608820449
1975	2016-04-22	386732	12:33:00	Bicycle	NA	1	FALSE	FALSE	1	CALLA ST	F C GREENE PARKWAY	2016-04-23	Two-Way , Not Divided	Dry	Daylight	Clear	Not a Collision Between Two Motor Vehicles in Transport	No	No Controls	2	1	Complains Of Pain	NA	41.78722	-71.41179	FALSE	FALSE	Calla Street and F C Greene Parkway, Providence, RI, USA	FALSE	-71.4078389	41.7886829	route	geometric_center	calla st, providence, ri 02905, usa	NA	NA	NA	NA	41.7886829	-71.4078389	Med	366.1550993523421
1976	2016-04-20	385226	08:08:00	Pedestrian	1	NA	FALSE	FALSE	1	Dudley st	PLAIN ST	2016-04-20	Two-Way , Not Divided	Dry	Daylight	Clear	Not a Collision Between Two Motor Vehicles in Transport	No	No Controls	3	1	Complains Of Pain	NA	41.81028	-71.41081	FALSE	FALSE	Dudley Street and Plain Street, Providence, RI, USA	FALSE	-71.4112111	41.8102339	intersection	geometric_center	plain st & dudley st, providence, ri 02903, usa	NA	NA	NA	NA	41.8102339	-71.4112111	Med High	33.67369915710758
1977	2016-04-19	385069	08:11:00	Bicycle	NA	1	FALSE	FALSE	1	Cypress St	KNOWLES ST	2016-04-19	Two-Way, Divided, Unprotected (painted>4feet) Medium	Dry	Daylight	Clear	Angle (Front - to - Side) Right Angle (Includes Broadside)	No	No Controls	2	1	Non-Incapacitating	NA	41.8422	-71.40482	FALSE	FALSE	Cypress Street and Knowles Street, Providence, RI, USA	FALSE	-71.404787	41.8422139	intersection	geometric_center	knowles st & cypress st, providence, ri 02906, usa	NA	NA	NA	NA	41.8422139	-71.404787	Med High	3.1438791297093878
1978	2016-04-18	384387	10:00:00	Pedestrian	1	NA	FALSE	FALSE	1	EMPIRE ST	WASHINGTON ST	2016-04-18	Two-Way , Not Divided	Dry	Daylight	Clear	Not a Collision Between Two Motor Vehicles in Transport	No	Traffic Control Signal	3	1	Complains Of Pain	NA	41.82184	-71.41647	FALSE	FALSE	Empire Street and Washington Street, Providence, RI, USA	FALSE	-71.4164189	41.82186009999999	intersection	geometric_center	empire st & washington st, providence, ri 02903, usa	NA	NA	NA	NA	41.82186009999999	-71.4164189	Med High	4.793412309725217
1979	2016-04-18	384714	16:39:00	Bicycle	NA	1	FALSE	FALSE	1	ELMWOOD AVE	DABOLL ST	2016-04-18	Two-Way, Divided, Unprotected (painted>4feet) Medium	Dry	Daylight	Clear	Not a Collision Between Two Motor Vehicles in Transport	No	No Controls	2	1	Complains Of Pain	NA	41.80414	-71.42557	FALSE	FALSE	Elmwood Ave and Daboll Street, Providence, RI, USA	FALSE	-71.4255688	41.8041436	intersection	geometric_center	daboll st & elmwood ave, providence, ri 02907, usa	NA	NA	NA	NA	41.8041436	-71.4255688	Med High	0.4129361095681511
1980	2016-04-17	384040	14:30:00	Pedestrian	1	NA	FALSE	FALSE	1	OAKLAND AVE	CHALKSTONE AVE	2016-04-17	Two-Way, Divided, Unprotected (painted>4feet) Medium	Dry	Daylight	Clear	Rear End(Front-to-Rear)	No	Traffic Control Signal	4	1	Complains Of Pain	NA	41.83421	-71.43024	FALSE	FALSE	Oakland Ave and Chalkstone Ave, Providence, RI, USA	FALSE	-71.4302486	41.834203	intersection	geometric_center	oakland ave & chalkstone ave, providence, ri 02908, usa	NA	NA	NA	NA	41.834203	-71.4302486	Med High	1.0564110463874716
1981	2016-04-17	384722	19:40:00	Pedestrian	1	NA	FALSE	FALSE	1	WESTMINSTER ST	MESSER ST	2016-04-18	Two-Way, Divided, Unprotected (painted>4feet) Medium	Dry	Dark - Lighted	Clear	Not a Collision Between Two Motor Vehicles in Transport	Yes, M/V and Driver Left Scene	No Controls	1	1	Complains Of Pain	NA	41.81586	-71.43704	FALSE	FALSE	Westminster Street and Messer Street, Providence, RI, USA	FALSE	-71.437044	41.8158698	intersection	geometric_center	messer st & westminster st, providence, ri 02909, usa	NA	NA	NA	NA	41.8158698	-71.437044	Med High	1.1402906428341775
1982	2016-04-16	384175	22:23:00	Pedestrian	1	NA	FALSE	FALSE	1	176 Manton Ave	NA	2016-04-18	Two-Way , Not Divided	Dry	Dark - Lighted	Clear	Not a Collision Between Two Motor Vehicles in Transport	Yes, M/V and Driver Left Scene	No Controls	1	1	Complains Of Pain	NA	41.82017	-71.44693	TRUE	TRUE	176 Manton Ave, Providence, RI, USA	FALSE	-71.4470046	41.8200389	street_address	rooftop	176 manton ave, providence, ri 02909, usa	NA	NA	NA	NA	41.8200389	-71.4470046	High	15.851997334822121
1983	2016-04-15	382676	07:21:00	Pedestrian	1	NA	FALSE	FALSE	1	HARTFORD AVENUE	BOWLETT STREET	2016-04-15	Two-Way , Not Divided	Dry	Daylight	Clear	Angle - Direction Not Specified	Yes, M/V and Driver Left Scene	Flashing Traffic Control Signal	3	1	Complains Of Pain	2	41.81907	-71.46225	FALSE	FALSE	Hartford Avenue and Bowlett Street, Providence, RI, USA	FALSE	-71.4622443	41.8191049	intersection	geometric_center	bowlett st & hartford ave, providence, ri 02909, usa	NA	NA	NA	NA	41.8191049	-71.4622443	Med High	3.913723308407595
1984	2016-04-12	380897	21:44:00	Pedestrian	1	NA	FALSE	FALSE	1	244 UNION AVE	PRISCILLA AVE	2016-04-12	Two-Way, Divided, Unprotected (painted>4feet) Medium	Dry	Dark - Lighted	Clear	Not a Collision Between Two Motor Vehicles in Transport	No	No Controls	2	1	Complains Of Pain	NA	41.80753	-71.44486	TRUE	FALSE	244 Union Ave, Providence, RI, USA	FALSE	-71.4448017	41.80738789999999	premise	rooftop	244 union ave, providence, ri 02909, usa	NA	NA	NA	NA	41.80738789999999	-71.4448017	High	16.541660787351358
1985	2016-04-12	380921	22:06:00	Pedestrian	1	NA	FALSE	FALSE	1	BENEVOLENT ST	BENEFIT ST	2016-04-12	Two-Way , Not Divided	Dry	Dark - Lighted	Cloudy	Other	No	No Controls	2	1	Non-Incapacitating	2	41.82453	-71.40549	FALSE	FALSE	Benevolent Street and Benefit Street, Providence, RI, USA	FALSE	-71.40554809999999	41.8244535	intersection	geometric_center	benevolent st & benefit st, providence, ri 02906, usa	NA	NA	NA	NA	41.8244535	-71.40554809999999	Med High	9.785204105316028
1986	2016-04-11	379614	13:00:00	Pedestrian	1	NA	FALSE	FALSE	1	HOLDEN ST	SMITH ST	2016-04-11	Two-Way , Not Divided	Dry	Daylight	Clear	Not a Collision Between Two Motor Vehicles in Transport	No	No Controls	2	1	Complains Of Pain	NA	41.83221	-71.41802	FALSE	FALSE	Holden Street and Smith Street, Providence, RI, USA	FALSE	-71.41800549999999	41.8322069	intersection	geometric_center	holden st & smith st, providence, ri 02908, usa	NA	NA	NA	NA	41.8322069	-71.41800549999999	Med High	1.25122171804053
1987	2016-04-10	379232	20:50:00	Pedestrian	1	NA	FALSE	FALSE	1	Orms St	Bath St	2016-04-10	Two-Way , Not Divided	Dry	Dark - Lighted	Clear	Not a Collision Between Two Motor Vehicles in Transport	No	No Controls	2	0	No Injury	NA	41.83325	-71.42531	FALSE	FALSE	Orms Street and Bath Street, Providence, RI, USA	FALSE	-71.42545270000001	41.8332163	intersection	geometric_center	bath st & orms st, providence, ri 02908, usa	NA	NA	NA	NA	41.8332163	-71.42545270000001	Med High	12.416257664545752
1988	2016-04-08	378087	07:22:00	Pedestrian	1	NA	FALSE	FALSE	1	ANGELL ST	HOPE ST	2016-04-08	One-Way Trafficway	Dry	Daylight	Clear	Not a Collision Between Two Motor Vehicles in Transport	No	Traffic Control Signal	4	1	Complains Of Pain	NA	41.8284	-71.39754	FALSE	FALSE	Angell Street and Hope Street, Providence, RI, USA	FALSE	-71.3974982	41.8284083	intersection	geometric_center	hope st & angell st, providence, ri 02906, usa	NA	NA	NA	NA	41.8284083	-71.3974982	Med High	3.5882722867708727
1989	2016-04-04	375957	15:10:00	Pedestrian	1	NA	FALSE	FALSE	1	Bucklin St	WHITMARSH ST	2016-04-04	Two-Way , Not Divided	Slush	Daylight	Snow	Not a Collision Between Two Motor Vehicles in Transport	No	No Controls	2	1	Complains Of Pain	NA	41.8059	-71.42781	FALSE	FALSE	Bucklin Street and Whitmarsh Street, Providence, RI, USA	FALSE	-71.4278013	41.8059079	intersection	geometric_center	bucklin st & whitmarsh st, providence, ri 02907, usa	NA	NA	NA	NA	41.8059079	-71.4278013	Med High	1.1377799047484194
1990	2016-03-31	373728	07:46:00	Pedestrian	1	NA	FALSE	FALSE	1	VANDEWATER ST	BRANCH AVE	2016-03-31	Two-Way , Not Divided	Dry	Daylight	Clear	Other	No	Stop Signs	3	1	Complains Of Pain	NA	41.85367	-71.42883	FALSE	FALSE	Vandewater Street and Branch Ave, Providence, RI, USA	FALSE	-71.428823	41.8536926	intersection	geometric_center	vandewater st & branch ave, providence, ri 02904, usa	NA	NA	NA	NA	41.8536926	-71.428823	Med High	2.5819052145350723
1991	2016-03-31	373764	15:06:00	Pedestrian	1	NA	FALSE	FALSE	1	CRANSTON ST	HANOVER ST	2016-03-31	Two-Way , Not Divided	Dry	Daylight	Clear	Not a Collision Between Two Motor Vehicles in Transport	Yes, M/V and Driver Left Scene	No Controls	2	1	Complains Of Pain	2	41.80945	-71.43357	FALSE	FALSE	Cranston Street and Hanover Street, Providence, RI, USA	FALSE	-71.4335598	41.80949100000001	intersection	geometric_center	cranston st & hanover st, providence, ri 02907, usa	NA	NA	NA	NA	41.80949100000001	-71.4335598	Med High	4.6419046707177865
1992	2016-03-29	372804	11:13:00	Pedestrian	1	NA	FALSE	FALSE	1	55 BROADWAY	NA	2016-03-29	Two-Way , Not Divided	Dry	Daylight	Clear	Not a Collision Between Two Motor Vehicles in Transport	No	No Controls	4	1	Fatal	NA	41.82234	-71.4186	TRUE	TRUE	55 Broadway, Providence, RI, USA	FALSE	-71.4183694	41.8228339	street_address	rooftop	55 broadway, providence, ri 02903, usa	NA	NA	NA	NA	41.8228339	-71.4183694	High	58.21363474768456
1993	2016-03-29	372939	15:50:00	Bicycle	NA	2	FALSE	FALSE	1	ROANOKE ST	CARLETON ST	2016-03-29	Two-Way , Not Divided	Dry	Daylight	Clear	Not a Collision Between Two Motor Vehicles in Transport	Yes, M/V and Driver Left Scene	Stop Signs	3	2	Non-Incapacitating	2	41.83139	-71.44787	FALSE	FALSE	Roanoke Street and Carleton Street, Providence, RI, USA	FALSE	-71.4478722	41.8314008	intersection	geometric_center	carleton st & roanoke st, providence, ri 02908, usa	NA	NA	NA	NA	41.8314008	-71.4478722	Med High	1.2160201986586296
1994	2016-03-24	370700	11:24:00	Pedestrian	1	NA	FALSE	FALSE	1	DOYLE AVE	ELMGROVE AVE	2016-03-24	Two-Way , Not Divided	Dry	Daylight	Clear	Not a Collision Between Two Motor Vehicles in Transport	No	Stop Signs	4	1	Incapacitating	NA	41.839	-71.39234	FALSE	FALSE	Doyle Ave and Elmgrove Ave, Providence, RI, USA	FALSE	-71.392329	41.8390276	intersection	geometric_center	elmgrove ave & doyle ave, providence, ri 02906, usa	NA	NA	NA	NA	41.8390276	-71.392329	Med High	3.205000049514155
1995	2016-03-23	370521	15:20:00	Pedestrian	1	NA	FALSE	FALSE	1	Bancroft Street	KELLEY ST	2016-03-23	Two-Way , Not Divided	Dry	Daylight	Clear	Not a Collision Between Two Motor Vehicles in Transport	No	No Controls	3	1	Complains Of Pain	NA	41.81309	-71.4481	FALSE	FALSE	Bancroft Street and Kelley Street, Providence, RI, USA	FALSE	-71.4480739	41.8130759	intersection	geometric_center	bancroft st & kelly st, providence, ri 02909, usa	NA	NA	NA	NA	41.8130759	-71.4480739	Med High	2.674512549074473
1996	2016-03-21	369868	14:56:00	Pedestrian	1	NA	FALSE	FALSE	1	JOSLIN ST	ATWELLS AVE	2016-03-22	Two-Way , Not Divided	Dry	Daylight	Clear	Not a Collision Between Two Motor Vehicles in Transport	No	No Controls	3	1	Complains Of Pain	NA	41.82496	-71.44666	FALSE	FALSE	Joslin Street and Atwells Ave, Providence, RI, USA	FALSE	-71.4466564	41.8249741	intersection	geometric_center	joslin st & atwells ave, providence, ri 02909, usa	NA	NA	NA	NA	41.8249741	-71.4466564	Med High	1.5977612719355299
1997	2016-03-21	370786	19:38:00	Pedestrian	1	NA	FALSE	FALSE	1	12 POCASSET AVE	NA	2016-03-24	Two-Way , Not Divided	Dry	Dark - Lighted	Clear	Not a Collision Between Two Motor Vehicles in Transport	No	No Controls	5	1	Complains Of Pain	NA	41.81165	-71.45095	TRUE	TRUE	12 Pocasset Ave, Providence, RI, USA	FALSE	-71.44796649999999	41.8134363	street_address	rooftop	12 pocasset ave, providence, ri 02909, usa	NA	NA	NA	NA	41.8134363	-71.44796649999999	High	317.51774694153937