row_number	crash_date	crash_report_id	crash_time	collision_type	count_pedestrian	count_bicycle	scooter	wheel_chair	number_of_vehicles	street_or_highway	nearest_intersection	report_date	type_of_roadway	road_surface_condition	light_condition	weather_condition	manner_of_impact	hit_and_run	traffic_control	person_count	injury_count	most_serious_injury	number_of_lanes	lat_raw	lon_raw	has_st_number	is_intersection_null	address_sent_to_geocoder	is_address_blank	lon_api_first_try	lat_api_first_try	type	loctype	address_returned_by_geocoder	address_returned_by_autocomplete	place_ids_autocompleted	lat_api_second_try	lon_api_second_try	lat_api_best	lon_api_best	api_coord_conf	distance_btwn_coords_meters
2130	2015-10-30	327090	08:39:00	Pedestrian	2	NA	FALSE	FALSE	1	CRANSTON ST	BRIDGHAM ST	2015-10-30	Two-Way, Divided, Unprotected (painted>4feet) Medium	Dry	Daylight	Clear	Not a Collision Between Two Motor Vehicles in Transport	No	Traffic Control Signal	5	2	Complains Of Pain	NA	41.81396	-71.42694	FALSE	FALSE	Cranston Street and Bridgham Street, Providence, RI, USA	FALSE	-71.426947	41.8139796	intersection	geometric_center	cranston st & bridgham st, providence, ri 02907, usa	NA	NA	NA	NA	41.8139796	-71.426947	Med High	2.2578356769984347
2131	2015-10-30	327156	13:34:00	Bicycle	NA	1	FALSE	FALSE	1	Broadway	KNIGHT ST	2015-10-30	Two-Way , Not Divided	Dry	Daylight	Clear	Not a Collision Between Two Motor Vehicles in Transport	Yes, M/V and Driver Left Scene	Traffic Control Signal	2	1	Complains Of Pain	2	41.8198	-71.42936	FALSE	FALSE	Broadway and Knight Street, Providence, RI, USA	FALSE	-71.4298401	41.8202496	route	geometric_center	knight st, providence, ri, usa	Broadway & Knight Street, Providence, RI, USA	Ei1Ccm9hZHdheSAmIEtuaWdodCBTdHJlZXQsIFByb3ZpZGVuY2UsIFJJLCBVU0EiZiJkChQKEgmvZYGEdUXkiRHAVmwJ-u4XKRIUChIJr2WBhHVF5IkRwFZsCfruFykaFAoSCaW15YZ1ReSJERrCM7HXpG-zGhQKEgkPqvF6dUXkiRGsZxyELkktfCIKDcQy7RgVV79s1Q	41.8198212	-71.4293417	41.8198212	-71.4293417	Med	2.8061231257427877
2132	2015-10-29	326998	18:09:00	Pedestrian	1	NA	FALSE	FALSE	1	N MAIN ST	N MAIN ST	2015-10-29	Two-Way , Not Divided	Dry	Dark - Lighted	Clear	Not a Collision Between Two Motor Vehicles in Transport	Yes, M/V and Driver Left Scene	No Controls	1	1	Non-Incapacitating	NA	41.83924	-71.40903	FALSE	FALSE	N Main Street and N Main Street, Providence, RI, USA	FALSE	-71.2873641	41.7371398	route	geometric_center	n main st, rhode island, usa	North Main Street & South Main Street, Providence, RI, USA	EjpOb3J0aCBNYWluIFN0cmVldCAmIFNvdXRoIE1haW4gU3RyZWV0LCBQcm92aWRlbmNlLCBSSSwgVVNBImYiZAoUChIJD1urSRZF5IkRzGbOghZosXsSFAoSCQ9bq0kWReSJEcxmzoIWaLF7GhQKEgn5-kE93kTkiRFf162-DVwjPxoUChIJxfz7Uz5F5IkRx3FZv-YChPQiCg2TF-4YFdUHcNU	41.8256787	-71.4078251	41.8256787	-71.4078251	Med	1512.941420741697
2133	2015-10-28	326227	00:51:00	Pedestrian	1	NA	FALSE	FALSE	1	STATE HWY 146	I 95	2015-10-28	Two-Way, Divided, Positive Median Barrier	Dry	Dark - Lighted	Clear	Not a Collision Between Two Motor Vehicles in Transport	Yes, M/V and Driver Left Scene	No Controls	4	1	Complains Of Pain	2	41.83688	-71.41572	FALSE	FALSE	State Hwy 146 and I 95, Providence, RI, USA	FALSE	-71.4167284	41.817505	route	geometric_center	i-95, providence, ri, usa	NA	NA	NA	NA	41.817505	-71.4167284	Med	2158.436572796465
2134	2015-10-28	326320	11:38:00	Pedestrian	1	NA	FALSE	FALSE	1	Chalkstone Ave	ACADEMY Ave	2015-10-28	Two-Way , Not Divided	Dry	Daylight	Clear	Not a Collision Between Two Motor Vehicles in Transport	Yes, M/V and Driver Left Scene	Traffic Control Signal	1	1	Complains Of Pain	2	41.83245	-71.44453	FALSE	FALSE	Chalkstone Ave and Academy Ave, Providence, RI, USA	FALSE	-71.44452489999999	41.8324538	intersection	geometric_center	academy ave & chalkstone ave, providence, ri 02908, usa	NA	NA	NA	NA	41.8324538	-71.44452489999999	Med High	0.5982323586659378
2135	2015-10-28	326550	21:03:00	Pedestrian	1	NA	FALSE	FALSE	1	ADMIRAL ST	DOUGLAS AVE	2015-10-28	Two-Way , Not Divided	Wet	Dark - Lighted	Rain	Not a Collision Between Two Motor Vehicles in Transport	No	Traffic Control Signal	3	1	Complains Of Pain	NA	41.84605	-71.429	FALSE	FALSE	Admiral Street and Douglas Ave, Providence, RI, USA	FALSE	-71.4289636	41.8460618	intersection	geometric_center	admiral st & douglas ave, providence, ri 02908, usa	NA	NA	NA	NA	41.8460618	-71.4289636	Med High	3.291947995690432
2136	2015-10-26	325752	19:10:00	Pedestrian	1	NA	FALSE	FALSE	1	38 LANCASHIRE ST	GLASGOW ST	2015-10-26	Two-Way , Not Divided	Dry	Dark - Lighted	Clear	Unknown	Yes, M/V and Driver Left Scene	No Controls	1	1	Complains Of Pain	NA	41.84971	-71.43102	TRUE	FALSE	38 Lancashire Street, Providence, RI, USA	FALSE	-71.4312636	41.8497837	street_address	rooftop	38 lancashire st, providence, ri 02908, usa	NA	NA	NA	NA	41.8497837	-71.4312636	High	21.80222857028599
2137	2015-10-21	323390	19:57:00	Bicycle	NA	1	FALSE	FALSE	1	LIBRARY COURT	WESTMINSTER ST	2015-10-21	Two-Way , Not Divided	Dry	Dark - Lighted	Clear	Angle - Direction Not Specified	No	Traffic Control Signal	3	1	Complains Of Pain	2	41.81668	-71.44355	FALSE	FALSE	Library Court and Westminster Street, Providence, RI, USA	FALSE	-71.4434849	41.8167835	intersection	geometric_center	library ct & westminster st, providence, ri 02909, usa	NA	NA	NA	NA	41.8167835	-71.4434849	Med High	12.724664253735238
2138	2015-10-21	323454	22:13:00	Pedestrian	1	NA	FALSE	FALSE	1	MEMORIAL BLVD	WASHINGTON ST	2015-10-22	Two-Way, Divided, Positive Median Barrier	Dry	Dark - Lighted	Cloudy	Other	No	Traffic Control Signal	6	1	Non-Incapacitating	4	41.82627	-71.41006	FALSE	FALSE	Memorial Blvd and Washington Street, Providence, RI, USA	FALSE	-71.41016259999999	41.8263513	intersection	geometric_center	memorial blvd & washington st, providence, ri 02903, usa	NA	NA	NA	NA	41.8263513	-71.41016259999999	Med High	12.423459285450809
2139	2015-10-20	322653	09:15:00	Pedestrian	1	NA	FALSE	FALSE	1	SILVER SPRING ST	BRANCH AVE	2015-10-20	Two-Way , Not Divided	Dry	Daylight	Clear	Not a Collision Between Two Motor Vehicles in Transport	No	Traffic Control Signal	2	0	No Injury	NA	41.84782	-71.41474	FALSE	FALSE	Silver Spring Street and Branch Ave, Providence, RI, USA	FALSE	-71.4147046	41.8478499	intersection	geometric_center	silver spring st & branch ave, providence, ri 02904, usa	NA	NA	NA	NA	41.8478499	-71.4147046	Med High	4.437997459111929
2140	2015-10-20	322836	19:07:00	Pedestrian	1	NA	FALSE	FALSE	1	CAROLINA AVE	ALLENS AVE	2015-10-20	Two-Way , Not Divided	Dry	Other	Clear	Other	No	No Controls	2	1	Non-Incapacitating	2	41.79169	-71.39623	FALSE	FALSE	Carolina Ave and Allens Ave, Providence, RI, USA	FALSE	-71.3968522	41.791608	intersection	geometric_center	carolina ave & allens ave, providence, ri 02905, usa	NA	NA	NA	NA	41.791608	-71.3968522	Med High	52.44118546707245
2141	2015-10-19	322977	09:33:00	Pedestrian	1	NA	FALSE	FALSE	1	DEAN ST	KINSLEY AVE	2015-10-19	Two-Way, Divided, Positive Median Barrier	Dry	Daylight	Clear	Not a Collision Between Two Motor Vehicles in Transport	No	No Controls	3	1	Complains Of Pain	4	41.82884	-71.42646	FALSE	FALSE	Dean Street and Kinsley Ave, Providence, RI, USA	FALSE	-71.4264711	41.828859	intersection	geometric_center	kinsley ave & dean st, providence, ri 02903, usa	NA	NA	NA	NA	41.828859	-71.4264711	Med High	2.306786942323929
2142	2015-10-19	324195	18:55:00	Pedestrian	2	NA	FALSE	FALSE	1	WESTMINSTER ST	MATHEWSON ST	2015-10-19	One-Way Trafficway	Dry	Dark - Lighted	Clear	Other	No	No Controls	3	1	Complains Of Pain	NA	41.82217	-71.41364	FALSE	FALSE	Westminster Street and Mathewson Street, Providence, RI, USA	FALSE	-71.41364469999999	41.8221831	intersection	geometric_center	mathewson st & westminster st, providence, ri 02903, usa	NA	NA	NA	NA	41.8221831	-71.41364469999999	Med High	1.509509030539877
2143	2015-10-17	321461	12:04:00	Bicycle	NA	1	FALSE	FALSE	1	CAMP ST	DOYLE AVE	2015-10-17	Two-Way , Not Divided	Dry	Daylight	Clear	Not a Collision Between Two Motor Vehicles in Transport	No	Stop Signs	2	0	No Injury	NA	41.8388	-71.40419	FALSE	FALSE	Camp Street and Doyle Ave, Providence, RI, USA	FALSE	-71.4041847	41.838804	intersection	geometric_center	camp st & doyle ave, providence, ri 02906, usa	NA	NA	NA	NA	41.838804	-71.4041847	Med High	0.6256875859516952
2144	2015-10-17	321536	17:21:00	Bicycle	NA	1	FALSE	FALSE	1	Washington St	WINTER ST	2015-10-17	Two-Way , Not Divided	Dry	Daylight	Clear	Not a Collision Between Two Motor Vehicles in Transport	No	Stop Signs	4	1	Complains Of Pain	2	41.81809	-71.4225	FALSE	FALSE	Washington Street and Winter Street, Providence, RI, USA	FALSE	-71.4128343	41.8239891	locality	approximate	providence, ri, usa	Washington Street & Winter Street, Providence, RI, USA	EjZXYXNoaW5ndG9uIFN0cmVldCAmIFdpbnRlciBTdHJlZXQsIFByb3ZpZGVuY2UsIFJJLCBVU0EiZiJkChQKEgkB0v69c0XkiRF5jnKXAv-L1xIUChIJAdL-vXNF5IkReY5ylwL_i9caFAoSCanazZwSReSJERoH0JajEjT2GhQKEgmdUqK-c0XkiRGpZYLJlCtMySIKDX7u7BgVP8lt1Q	41.8180734	-71.4225345	41.8180734	-71.4225345	Med	3.4069032358976896
2145	2015-10-16	321222	11:14:00	Bicycle	NA	1	FALSE	FALSE	1	GEORGE ST	THAYER ST	2015-10-16	Two-Way , Not Divided	Dry	Daylight	Clear	Not a Collision Between Two Motor Vehicles in Transport	No	No Controls	3	0	No Injury	NA	41.82546	-71.40136	FALSE	FALSE	George Street and Thayer Street, Providence, RI, USA	FALSE	-71.4005135	41.8268796	route	geometric_center	thayer st, providence, ri, usa	George Street & Thayer Street, Providence, RI, USA	EjJHZW9yZ2UgU3RyZWV0ICYgVGhheWVyIFN0cmVldCwgUHJvdmlkZW5jZSwgUkksIFVTQSJmImQKFAoSCUdpPp08ReSJEcUiisIDcbH9EhQKEglHaT6dPEXkiRHFIorCA3Gx_RoUChIJx-okYztF5IkRsmeONi5JlGUaFAoSCVG076s8ReSJEZJMNfXilGkAIgoNUhLuGBV7K3HV	41.8255442	-71.4003589	41.8255442	-71.4003589	Med	83.57151478044051
2146	2015-10-15	368056	16:37:00	Pedestrian	1	NA	FALSE	FALSE	1	Bridgham St	NA	2015-10-18	Two-Way , Not Divided	Dry	Daylight	Clear	Not a Collision Between Two Motor Vehicles in Transport	Yes, M/V and Driver Left Scene	No Controls	1	1	Complains Of Pain	NA	41.81275	-71.42455	FALSE	TRUE	Bridgham Street, Providence, RI, USA	FALSE	-71.4273833	41.8148258	route	geometric_center	bridgham st, providence, ri, usa	NA	NA	NA	NA	41.8148258	-71.4273833	Inaccurate	329.63040823993526
2147	2015-10-13	320485	16:07:00	Bicycle	NA	1	FALSE	FALSE	1	STATE ST	EXIT 23	2015-10-13	Two-Way , Not Divided	Dry	Daylight	Clear	Not a Collision Between Two Motor Vehicles in Transport	No	Traffic Control Signal	3	1	Complains Of Pain	3	41.83478	-71.41433	FALSE	FALSE	State Street and Exit 23, Providence, RI, USA	FALSE	-71.4128343	41.8239891	locality	approximate	providence, ri, usa	NA	NA	NA	NA	41.8239891	-71.4128343	Med	1207.6273013388156
2148	2015-10-10	368053	21:20:00	Pedestrian	1	NA	FALSE	FALSE	1	ADELAIDE AVE	BROAD ST	2015-10-11	Unknown	Dry	Dark - Lighted	Clear	Not a Collision Between Two Motor Vehicles in Transport	Yes, M/V and Driver Left Scene	No Controls	1	1	Complains Of Pain	NA	41.79885	-71.41547	FALSE	FALSE	Adelaide Ave and Broad Street, Providence, RI, USA	FALSE	-71.4154791	41.7988681	intersection	geometric_center	adelaide ave & broad st, providence, ri 02905, usa	NA	NA	NA	NA	41.7988681	-71.4154791	Med High	2.1517571220138096
2149	2015-10-09	319378	18:53:00	Pedestrian	1	NA	FALSE	FALSE	1	HARTFORD AVE	HARTFORD AVE	2015-10-09	Two-Way, Divided, Unprotected (painted>4feet) Medium	Wet	Dark - Lighted	Rain	Not a Collision Between Two Motor Vehicles in Transport	No	No Controls	3	1	Complains Of Pain	NA	41.81742	-71.4515	FALSE	FALSE	Hartford Ave and Hartford Ave, Providence, RI, USA	FALSE	-71.4587339	41.8185901	route	geometric_center	hartford ave, providence, ri, usa	Hartford Ave Service Rd & Hartford Ave, Johnston, Providence, RI, USA	EkVIYXJ0Zm9yZCBBdmUgU2VydmljZSBSZCAmIEhhcnRmb3JkIEF2ZSwgSm9obnN0b24sIFByb3ZpZGVuY2UsIFJJLCBVU0EiZiJkChQKEgmP4Jty0EfkiRFZT82Cwq1hZxIUChIJj-CbctBH5IkRWU_NgsKtYWcaFAoSCUk2WRTQR-SJEffJJKBODzFaGhQKEgkvAx61JEbkiRGCwC0vu7gN1iIKDdap7hgVnoNc1Q	41.829423	-71.5357282	41.829423	-71.5357282	Med	7113.8174998481645
2150	2015-10-09	319423	21:08:00	Pedestrian	1	NA	FALSE	FALSE	1	WARRINGTON ST	BROAD STREET	2015-10-09	Two-Way , Not Divided	Wet	Dark - Lighted	Cloudy	Not a Collision Between Two Motor Vehicles in Transport	No	No Controls	3	1	Complains Of Pain	NA	41.79667	-71.41277	FALSE	FALSE	Warrington Street and Broad Street, Providence, RI, USA	FALSE	-71.4127794	41.7967017	intersection	geometric_center	warrington st & broad st, providence, ri 02905, usa	NA	NA	NA	NA	41.7967017	-71.4127794	Med High	3.614027646583442
2151	2015-10-05	318450	00:43:00	Pedestrian	1	NA	FALSE	FALSE	1	58 Prudence Ave	SILVER LAKE AVE	2015-10-05	Two-Way , Not Divided	Dry	Dark - Lighted	Clear	Not a Collision Between Two Motor Vehicles in Transport	No	No Controls	3	1	Complains Of Pain	NA	41.80712	-71.46165	TRUE	FALSE	58 Prudence Ave, Providence, RI, USA	FALSE	-71.4615484	41.8072469	premise	rooftop	58 prudence ave, providence, ri 02909, usa	NA	NA	NA	NA	41.8072469	-71.4615484	High	16.45079353188464
2152	2015-10-04	318291	02:00:00	Pedestrian	1	NA	FALSE	FALSE	1	Atwells ave	EUTAW ST	2015-10-04	Two-Way , Not Divided	Dry	Dark - Lighted	Clear	Not a Collision Between Two Motor Vehicles in Transport	Yes, M/V and Driver Left Scene	No Controls	5	1	Non-Incapacitating	NA	41.82354	-71.42619	FALSE	FALSE	Atwells Ave and Eutaw Street, Providence, RI, USA	FALSE	-71.4263084	41.8235618	intersection	geometric_center	eutaw st & atwells ave, providence, ri 02903, usa	NA	NA	NA	NA	41.8235618	-71.4263084	Med High	10.117288565087723
2153	2015-10-02	317656	07:59:00	Bicycle	NA	1	FALSE	FALSE	1	CHALKSTONE AVE	ACADEMY AVE	2015-10-02	Two-Way, Divided, Unprotected (painted>4feet) Medium	Wet	Daylight	Sleet, Hail (Freezing Rain or Drizzle)	Head-On (Front - to - Front)	No	Traffic Control Signal	5	1	Non-Incapacitating	NA	41.83245	-71.44453	FALSE	FALSE	Chalkstone Ave and Academy Ave, Providence, RI, USA	FALSE	-71.44452489999999	41.8324538	intersection	geometric_center	academy ave & chalkstone ave, providence, ri 02908, usa	NA	NA	NA	NA	41.8324538	-71.44452489999999	Med High	0.5982323586659378
2154	2015-09-30	317024	07:57:00	Pedestrian	1	NA	FALSE	FALSE	1	KEENE ST	HOPE ST	2015-09-30	Two-Way , Not Divided	Wet	Daylight	Rain	Angle (Front - to - Side) Right Angle (Includes Broadside)	No	No Controls	2	1	Complains Of Pain	NA	41.83225	-71.40036	FALSE	FALSE	Keene Street and Hope Street, Providence, RI, USA	FALSE	-71.40035569999999	41.8322704	intersection	geometric_center	hope st & keene st, providence, ri 02906, usa	NA	NA	NA	NA	41.8322704	-71.40035569999999	Med High	2.2987547183206503
2155	2015-09-29	316770	12:33:00	Pedestrian	1	NA	FALSE	FALSE	1	69 EMPIRE STREET	WESTMINISTER STREET	2015-09-29	Two-Way , Not Divided	Dry	Daylight	Clear	Other	No	No Controls	2	1	Complains Of Pain	2	41.83349	-71.41682	TRUE	FALSE	69 Empire Street, Providence, RI, USA	FALSE	-71.4153255	41.821258	premise	rooftop	69 empire st, providence, ri 02903, usa	NA	NA	NA	NA	41.821258	-71.4153255	High	1367.2916467701589
2156	2015-09-29	316908	17:53:00	Bicycle	NA	1	FALSE	FALSE	1	CHARLES ST	ORMS ST	2015-09-29	Two-Way , Not Divided	Dry	Daylight	Clear	Not a Collision Between Two Motor Vehicles in Transport	No	No Controls	2	0	No Injury	NA	41.83499	-71.41149	FALSE	FALSE	Charles Street and Orms Street, Providence, RI, USA	FALSE	-71.4191013	41.8342191	route	geometric_center	orms st, providence, ri, usa	Charles Street & Orms Street, Providence, RI, USA	EjFDaGFybGVzIFN0cmVldCAmIE9ybXMgU3RyZWV0LCBQcm92aWRlbmNlLCBSSSwgVVNBImYiZAoUChIJR0heox5F5IkRzWV7LgBG0RESFAoSCUdIXqMeReSJEc1ley4ARtERGhQKEgl1C85s8UTkiRHLZMsuNVX9MhoUChIJJ2knvwRF5IkRzK6GSUqZqcEiCg1Dfu8YFb58b9U	41.8348611	-71.41138579999999	41.8348611	-71.41138579999999	Med	16.750752844371224
2157	2015-09-26	316285	22:33:00	Pedestrian	1	NA	FALSE	FALSE	1	Broad St	Parkview Ave	2015-09-27	Two-Way , Not Divided	Dry	Dark - Lighted	Clear	Not a Collision Between Two Motor Vehicles in Transport	No	No Controls	2	1	Complains Of Pain	NA	41.79193	-71.40688	FALSE	FALSE	Broad Street and Parkview Ave, Providence, RI, USA	FALSE	-71.4064512	41.7922861	route	geometric_center	parkview ave, providence, ri 02905, usa	Broad Street & Parkview Ave, Providence, RI, USA	EjBCcm9hZCBTdHJlZXQgJiBQYXJrdmlldyBBdmUsIFByb3ZpZGVuY2UsIFJJLCBVU0EiZiJkChQKEgn5Pe4mjU_kiREOcWRKM1HarBIUChIJ-T3uJo1P5IkRDnFkSjNR2qwaFAoSCYPefdWMT-SJESyiypOYSwijGhQKEglHcpDVjE_kiRGg8zGNI8_ChyIKDa766BgV4SFw1Q	41.792171	-71.40715829999999	41.792171	-71.40715829999999	Med	35.40131469362198
2158	2015-09-25	315598	07:59:00	Bicycle	NA	1	FALSE	FALSE	1	DEXTER ST	POTTERS AVE	2015-09-25	Two-Way, Divided, Unprotected (painted>4feet) Medium	Dry	Daylight	Clear	Other	No	No Controls	2	1	Incapacitating	NA	41.80249	-71.43059	FALSE	FALSE	Dexter Street and Potters Ave, Providence, RI, USA	FALSE	-71.4305866	41.8024973	intersection	geometric_center	potters ave & dexter st, providence, ri 02907, usa	NA	NA	NA	NA	41.8024973	-71.4305866	Med High	0.8602180102863454
2159	2015-09-25	315705	15:42:00	Pedestrian	1	NA	FALSE	FALSE	1	S WATER ST	BRIDGE ST	2015-09-25	Two-Way , Not Divided	Dry	Daylight	Clear	Not a Collision Between Two Motor Vehicles in Transport	Yes, M/V and Driver Left Scene	No Controls	7	1	Complains Of Pain	2	41.81863	-71.40169	FALSE	FALSE	S Water Street and Bridge Street, Providence, RI, USA	FALSE	-71.4039536	41.8202174	route	geometric_center	s water st, providence, ri 02903, usa	NA	NA	NA	NA	41.8202174	-71.4039536	Med	257.85861817518906
2160	2015-09-25	315774	19:10:00	Pedestrian	1	NA	FALSE	FALSE	1	CORINTH ST	SAVINGS ST	2015-09-25	Two-Way , Not Divided	Dry	Dark - Lighted	Clear	Not a Collision Between Two Motor Vehicles in Transport	No	No Controls	2	1	Complains Of Pain	NA	41.79398	-71.41219	FALSE	FALSE	Corinth Street and Savings Street, Providence, RI, USA	FALSE	-71.4125522	41.7938169	intersection	geometric_center	corinth st & savings st, providence, ri 02907, usa	NA	NA	NA	NA	41.7938169	-71.4125522	Med High	35.11801840777224
2161	2015-09-24	315548	19:04:00	Bicycle	NA	1	FALSE	FALSE	1	SPRAGUE ST	DEXTER ST	2015-09-24	Two-Way , Not Divided	Dry	Dark - Lighted	Clear	Not a Collision Between Two Motor Vehicles in Transport	No	Stop Signs	2	1	Complains Of Pain	2	41.80974	-71.42832	FALSE	FALSE	Sprague Street and Dexter Street, Providence, RI, USA	FALSE	-71.428322	41.809742	intersection	geometric_center	sprague st & dexter st, providence, ri 02907, usa	NA	NA	NA	NA	41.809742	-71.428322	Med High	0.2776804850430325
2162	2015-09-22	319683	12:05:00	Pedestrian	1	NA	FALSE	FALSE	1	CRANSTON ST	DEXTER ST	2015-10-11	Two-Way , Not Divided	Dry	Daylight	Clear	Not a Collision Between Two Motor Vehicles in Transport	Yes, M/V and Driver Left Scene	No Controls	1	0	No Injury	NA	41.8126	-71.42959	FALSE	FALSE	Cranston Street and Dexter Street, Providence, RI, USA	FALSE	-71.429588	41.81260289999999	intersection	geometric_center	cranston st & dexter st, providence, ri 02907, usa	NA	NA	NA	NA	41.81260289999999	-71.429588	Med High	0.36297774024425583
2163	2015-09-19	314132	18:17:00	Bicycle	NA	1	FALSE	FALSE	1	WESTMINSTER ST	DEXTER ST	2015-09-19	Two-Way , Not Divided	Dry	Daylight	Clear	Not a Collision Between Two Motor Vehicles in Transport	No	No Controls	2	1	Complains Of Pain	2	41.81661	-71.43111	FALSE	FALSE	Westminster Street and Dexter Street, Providence, RI, USA	FALSE	-71.4313462	41.8166033	intersection	geometric_center	dexter st & westminster st, providence, ri 02909, usa	NA	NA	NA	NA	41.8166033	-71.4313462	Med High	19.610403174397167
2164	2015-09-19	314627	17:10:00	Pedestrian	1	NA	FALSE	FALSE	1	PLYMOUTH ST	POTTERS AVE	2015-09-22	Two-Way , Not Divided	Dry	Daylight	Clear	Angle (Front - to - Side) Opposite Direction	Yes, M/V and Driver Left Scene	No Controls	1	1	Complains Of Pain	2	41.80271	-71.43123	FALSE	FALSE	Plymouth Street and Potters Ave, Providence, RI, USA	FALSE	-71.4312434	41.8027284	intersection	geometric_center	plymouth st & potters ave, providence, ri 02907, usa	NA	NA	NA	NA	41.8027284	-71.4312434	Med High	2.33064631409912
2165	2015-09-18	313849	15:30:00	Bicycle	NA	1	FALSE	FALSE	3	Charles St	CHRISTOPHER ST	2015-09-18	Two-Way , Not Divided	Dry	Daylight	Clear	Not a Collision Between Two Motor Vehicles in Transport	No	Stop Signs	5	2	Complains Of Pain	2	41.85861	-71.4216	FALSE	FALSE	Charles Street and Christopher Street, Providence, RI, USA	FALSE	-71.4195466	41.8588375	route	geometric_center	christopher st, providence, ri 02904, usa	Charles Street & Christopher Street, Providence, RI, USA	EjhDaGFybGVzIFN0cmVldCAmIENocmlzdG9waGVyIFN0cmVldCwgUHJvdmlkZW5jZSwgUkksIFVTQSJmImQKFAoSCcGxpyPzROSJEb1gUDp0DGTVEhQKEgnBsacj80TkiRG9YFA6dAxk1RoUChIJdQvObPFE5IkRy2TLLjVV_TIaFAoSCZlAa8jyROSJEd6Keyd8TVdSIgoN2B7zGBVt7m3V	41.8586328	-71.4215827	41.8586328	-71.4215827	Med	2.91534127045957
2166	2015-09-18	313852	17:36:00	Pedestrian	1	NA	FALSE	FALSE	1	99 Kennedy Plaza	ARCADE ST	2015-09-18	Two-Way , Not Divided	Dry	Daylight	Clear	Not a Collision Between Two Motor Vehicles in Transport	No	No Controls	3	1	Complains Of Pain	2	41.82449	-71.41189	TRUE	FALSE	99 Kennedy Plaza, Providence, RI, USA	FALSE	-71.4123453	41.8244292	premise	rooftop	99 kennedy plaza, providence, ri 02903, usa	NA	NA	NA	NA	41.8244292	-71.4123453	High	38.3707457866229
2167	2015-09-17	313497	15:40:00	Bicycle	NA	1	FALSE	FALSE	1	POWER ST	GOVERNOR ST	2015-09-17	Two-Way , Not Divided	Dry	Daylight	Clear	Not a Collision Between Two Motor Vehicles in Transport	No	Stop Signs	3	1	Complains Of Pain	2	41.82353	-71.39414	FALSE	FALSE	Power Street and Governor Street, Providence, RI, USA	FALSE	-71.39414479999999	41.8235124	intersection	geometric_center	power st & governor st, providence, ri 02906, usa	NA	NA	NA	NA	41.8235124	-71.39414479999999	Med High	1.9992767398597806
2168	2015-09-16	313267	17:29:00	Pedestrian	2	NA	FALSE	FALSE	1	Broadway	COURTLAND ST	2015-09-16	Two-Way , Not Divided	Dry	Daylight	Clear	Not a Collision Between Two Motor Vehicles in Transport	No	Pavement Markings	4	1	Complains Of Pain	2	41.81937	-71.43119	FALSE	FALSE	Broadway and Courtland Street, Providence, RI, USA	FALSE	-71.4312276	41.8193752	route	geometric_center	courtland st, providence, ri 02909, usa	Broadway & Courtland Street, Providence, RI, USA	EjBCcm9hZHdheSAmIENvdXJ0bGFuZCBTdHJlZXQsIFByb3ZpZGVuY2UsIFJJLCBVU0EiZiJkChQKEgkfTP4-nkXkiRHaRpD1HdCAZxIUChIJH0z-Pp5F5IkR2kaQ9R3QgGcaFAoSCaW15YZ1ReSJERrCM7HXpG-zGhQKEgmBJD9HnkXkiREEPU6rEi8kayIKDVgh7RgVrHVs1Q	41.8193752	-71.4312276	41.8193752	-71.4312276	Med	3.1725861632863896
2169	2015-09-15	312833	00:32:00	Bicycle	NA	1	FALSE	FALSE	1	TELL ST	KNIGHT ST	2015-09-15	Two-Way , Not Divided	Dry	Dark - Lighted	Clear	Other	No	Stop Signs	3	1	Complains Of Pain	2	41.82215	-71.43137	FALSE	FALSE	Tell Street and Knight Street, Providence, RI, USA	FALSE	-71.4313724	41.8221693	intersection	geometric_center	tell st & knight st, providence, ri 02909, usa	NA	NA	NA	NA	41.8221693	-71.4313724	Med High	2.157671597083045
2170	2015-09-15	312873	08:15:00	Bicycle	NA	1	FALSE	FALSE	1	BUCKLIN STREET	CARTER STREET	2015-09-15	Two-Way , Not Divided	Dry	Daylight	Clear	Other	No	Stop Signs	2	1	Complains Of Pain	2	41.83616	-71.41597	FALSE	FALSE	Bucklin Street and Carter Street, Providence, RI, USA	FALSE	-71.427925	41.8000388	intersection	geometric_center	bucklin st & carter st, providence, ri 02907, usa	NA	NA	NA	NA	41.8000388	-71.427925	Med High	4141.508330006851
2171	2015-09-14	312651	10:02:00	Bicycle	NA	1	FALSE	FALSE	1	Thayer St	WATERMAN ST	2015-09-14	One-Way Trafficway	Dry	Daylight	Clear	Not a Collision Between Two Motor Vehicles in Transport	No	Traffic Control Signal	2	0	No Injury	1	41.82734	-71.40055	FALSE	FALSE	Thayer Street and Waterman Street, Providence, RI, USA	FALSE	-71.4005559	41.8272892	intersection	geometric_center	thayer st & waterman st, providence, ri 02906, usa	NA	NA	NA	NA	41.8272892	-71.4005559	Med High	5.67616830919122
2172	2015-09-13	312047	00:28:00	Pedestrian	1	NA	FALSE	FALSE	1	BRANCH AVE	CHARLES ST	2015-09-13	Two-Way , Not Divided	Wet	Dark - Lighted	Rain	Not a Collision Between Two Motor Vehicles in Transport	Yes, M/V and Driver Left Scene	No Controls	1	1	Complains Of Pain	NA	41.85024	-71.41993	FALSE	FALSE	Branch Ave and Charles Street, Providence, RI, USA	FALSE	-71.419991	41.8503047	intersection	geometric_center	charles st & branch ave, providence, ri 02904, usa	NA	NA	NA	NA	41.8503047	-71.419991	Med High	8.801094596972264