row_number	crash_date	crash_report_id	crash_time	collision_type	count_pedestrian	count_bicycle	scooter	wheel_chair	number_of_vehicles	street_or_highway	nearest_intersection	report_date	type_of_roadway	road_surface_condition	light_condition	weather_condition	manner_of_impact	hit_and_run	traffic_control	person_count	injury_count	most_serious_injury	number_of_lanes	lat_raw	lon_raw	has_st_number	is_intersection_null	address_sent_to_geocoder	is_address_blank	lon_api_first_try	lat_api_first_try	type	loctype	address_returned_by_geocoder	address_returned_by_autocomplete	place_ids_autocompleted	lat_api_second_try	lon_api_second_try	lat_api_best	lon_api_best	api_coord_conf	distance_btwn_coords_meters
2173	2015-09-12	311904	12:41:00	Pedestrian	1	NA	FALSE	FALSE	1	Manton Avenue	ATWELLS AVE	2015-09-12	Two-Way, Divided, Unprotected (painted>4feet) Medium	Dry	Daylight	Clear	Head-On (Front - to - Front)	No	Traffic Control Signal	3	1	Incapacitating	NA	41.82537	-71.45464	FALSE	FALSE	Manton Avenue and Atwells Ave, Providence, RI, USA	FALSE	-71.4541435	41.8252114	intersection	geometric_center	atwells ave & manton ave, providence, ri 02909, usa	NA	NA	NA	NA	41.8252114	-71.4541435	Med High	44.81092431296439
2174	2015-09-11	311688	13:31:00	Bicycle	NA	1	FALSE	FALSE	1	WESTMINSTER ST	BATTEY ST	2015-09-11	Two-Way, Divided, Unprotected (painted>4feet) Medium	Dry	Daylight	Clear	Angle (Front - to - Side) Same Direction	No	Stop Signs	2	1	Complains Of Pain	2	41.81724	-71.42464	FALSE	FALSE	Westminster Street and Battey Street, Providence, RI, USA	FALSE	-71.4246276	41.8172544	intersection	geometric_center	battey st & westminster st, providence, ri 02903, usa	NA	NA	NA	NA	41.8172544	-71.4246276	Med High	1.9047143323571705
2175	2015-09-11	311838	19:52:00	Pedestrian	1	NA	FALSE	FALSE	1	460 ALLENS AVE	NA	2015-09-11	Two-Way , Not Divided	Dry	Dark - Not Lighted	Clear	Not a Collision Between Two Motor Vehicles in Transport	No	No Controls	7	1	Incapacitating	4	41.80107	-71.40055	TRUE	TRUE	460 Allens Ave, Providence, RI, USA	FALSE	-71.400235	41.80095780000001	premise	rooftop	460 allens ave, providence, ri 02905, usa	NA	NA	NA	NA	41.80095780000001	-71.400235	High	28.970851488214873
2176	2015-09-10	311396	13:29:00	Bicycle	NA	1	FALSE	FALSE	1	SILVER SPRING STREET	NA	2015-09-10	Two-Way , Not Divided	Dry	Daylight	Clear	Other	No	Stop Signs	2	1	Non-Incapacitating	2	41.83396	-71.41663	FALSE	TRUE	Silver Spring Street, Providence, RI, USA	FALSE	-71.4133985	41.8503204	route	geometric_center	silver spring st, providence, ri 02904, usa	NA	NA	NA	NA	41.8503204	-71.4133985	Inaccurate	1840.8432787396869
2177	2015-09-10	311526	20:23:00	Bicycle	NA	1	FALSE	FALSE	2	252 Thayer St	Olive St	2015-09-10	One-Way Trafficway	Wet	Daylight	Clear	Not a Collision Between Two Motor Vehicles in Transport	No	Pavement Markings	3	1	Complains Of Pain	1	41.8287	-71.40073	TRUE	FALSE	252 Thayer Street, Providence, RI, USA	FALSE	-71.4008532	41.8286728	subpremise	rooftop	252 thayer st, providence, ri 02906, usa	NA	NA	NA	NA	41.8286728	-71.4008532	High	10.658432124911629
2178	2015-09-10	313461	12:41:00	Pedestrian	1	NA	FALSE	FALSE	1	WESTMINSTER ST	DEXTER ST	2015-09-17	Two-Way , Not Divided	Dry	Dawn	Clear	Other	No	No Controls	3	1	Complains Of Pain	NA	41.81658	-71.4314	FALSE	FALSE	Westminster Street and Dexter Street, Providence, RI, USA	FALSE	-71.4313462	41.8166033	intersection	geometric_center	dexter st & westminster st, providence, ri 02909, usa	NA	NA	NA	NA	41.8166033	-71.4313462	Med High	5.162389140921001
2179	2015-09-09	311291	18:09:00	Pedestrian	1	NA	FALSE	FALSE	1	342 orms st	ESTEN ST	2015-09-09	Two-Way , Not Divided	Dry	Daylight	Clear	Other	No	No Controls	8	1	Complains Of Pain	NA	41.83353	-71.42355	TRUE	FALSE	342 Orms Street, Providence, RI, USA	FALSE	-71.4235674	41.8333374	street_address	rooftop	342 orms st, providence, ri 02908, usa	NA	NA	NA	NA	41.8333374	-71.4235674	High	21.488652297040648
2180	2015-09-08	310982	16:30:00	Pedestrian	1	NA	FALSE	FALSE	1	386 Broad Street	BROAD ST	2015-09-08	Two-Way, Divided, Positive Median Barrier	Dry	Daylight	Clear	Not a Collision Between Two Motor Vehicles in Transport	No	No Controls	2	1	Complains Of Pain	NA	41.81339	-71.42161	TRUE	FALSE	386 Broad Street, Providence, RI, USA	FALSE	-71.421353	41.8129527	premise	rooftop	386 broad st, providence, ri 02907, usa	NA	NA	NA	NA	41.8129527	-71.421353	High	53.14522444226458
2181	2015-09-08	311076	20:46:00	Pedestrian	1	NA	FALSE	FALSE	1	ELMWOOD AVE	RUTLAND ST	2015-09-09	Two-Way, Divided, Unprotected (painted>4feet) Medium	Dry	Dark - Lighted	Clear	Other	No	No Controls	2	1	Complains Of Pain	2	41.799	-71.4264	FALSE	FALSE	Elmwood Ave and Rutland Street, Providence, RI, USA	FALSE	-71.4263303	41.7987589	intersection	geometric_center	elmwood ave & rutland st, providence, ri 02907, usa	NA	NA	NA	NA	41.7987589	-71.4263303	Med High	27.455347887272517
2182	2015-09-07	310769	16:23:00	Pedestrian	1	NA	FALSE	FALSE	1	100 Francis Street	GASPEE ST	2015-09-07	Two-Way , Not Divided	Dry	Daylight	Clear	Head-On (Front - to - Front)	Yes, M/V and Driver Left Scene	No Controls	3	1	Complains Of Pain	NA	41.82875	-71.41534	TRUE	FALSE	100 Francis Street, Providence, RI, USA	FALSE	-71.415882	41.8260966	street_address	rooftop	100 francis st, providence, ri 02903, usa	NA	NA	NA	NA	41.8260966	-71.415882	High	298.777170905995
2183	2015-09-06	310918	12:15:00	Pedestrian	1	NA	FALSE	FALSE	1	BORDEN ST	Eddy St	2015-09-08	One-Way Trafficway	Dry	Daylight	Clear	Other	No	No Controls	2	1	Complains Of Pain	2	41.81342	-71.4084	FALSE	FALSE	Borden Street and Eddy Street, Providence, RI, USA	FALSE	-71.4070223	41.81219919999999	intersection	geometric_center	eddy st & borden st, providence, ri 02903, usa	NA	NA	NA	NA	41.81219919999999	-71.4070223	Med High	177.57977356409788
2184	2015-09-04	310057	13:40:00	Pedestrian	1	NA	FALSE	FALSE	1	462 MANTON AVE	SISSON ST	2015-09-04	Two-Way , Not Divided	Dry	Daylight	Clear	Not a Collision Between Two Motor Vehicles in Transport	No	No Controls	2	1	Complains Of Pain	2	41.82552	-71.45564	TRUE	FALSE	462 Manton Ave, Providence, RI, USA	FALSE	-71.4555831	41.82534760000001	premise	rooftop	462 manton ave, providence, ri 02909, usa	NA	NA	NA	NA	41.82534760000001	-71.4555831	High	19.763390132735704
2185	2015-09-04	310144	17:20:00	Pedestrian	1	NA	FALSE	FALSE	1	100 Broad St	FENNER ST	2015-09-04	Two-Way , Not Divided	Dry	Daylight	Clear	Not a Collision Between Two Motor Vehicles in Transport	No	No Controls	4	1	Complains Of Pain	2	41.81826	-71.41598	TRUE	FALSE	100 Broad Street, Providence, RI, USA	FALSE	-71.4150911	41.818123	street_address	rooftop	100 broad st, providence, ri 02903, usa	NA	NA	NA	NA	41.818123	-71.4150911	High	75.30576354030569
2186	2015-09-04	310158	19:01:00	Bicycle	NA	1	FALSE	FALSE	1	WESTMINSTER ST	ABORN ST	2015-09-04	One-Way Trafficway	Dry	Daylight	Clear	Not a Collision Between Two Motor Vehicles in Transport	No	No Controls	3	1	Complains Of Pain	NA	41.82127	-71.41489	FALSE	FALSE	Westminster Street and Aborn Street, Providence, RI, USA	FALSE	-71.4147851	41.821374	intersection	geometric_center	aborn st & westminster st, providence, ri 02903, usa	NA	NA	NA	NA	41.821374	-71.4147851	Med High	14.483191088319096
2187	2015-09-04	314312	12:18:00	Bicycle	NA	1	FALSE	FALSE	1	CHARLES ST	ORMS ST	2015-09-21	Two-Way, Divided, Positive Median Barrier	Dry	Daylight	Clear	Not a Collision Between Two Motor Vehicles in Transport	No	Traffic Control Signal	2	1	Complains Of Pain	NA	41.83492	-71.41147	FALSE	FALSE	Charles Street and Orms Street, Providence, RI, USA	FALSE	-71.4191013	41.8342191	route	geometric_center	orms st, providence, ri, usa	Charles Street & Orms Street, Providence, RI, USA	EjFDaGFybGVzIFN0cmVldCAmIE9ybXMgU3RyZWV0LCBQcm92aWRlbmNlLCBSSSwgVVNBImYiZAoUChIJR0heox5F5IkRzWV7LgBG0RESFAoSCUdIXqMeReSJEc1ley4ARtERGhQKEgl1C85s8UTkiRHLZMsuNVX9MhoUChIJJ2knvwRF5IkRzK6GSUqZqcEiCg1Dfu8YFb58b9U	41.8348611	-71.41138579999999	41.8348611	-71.41138579999999	Med	9.579219504773993
2188	2015-09-02	309691	14:41:00	Pedestrian	1	NA	FALSE	FALSE	1	VALLEY ST	EAGLE ST	2015-09-02	Two-Way, Divided, Unprotected (painted>4feet) Medium	Dry	Daylight	Clear	Not a Collision Between Two Motor Vehicles in Transport	No	Traffic Control Signal	4	2	Complains Of Pain	NA	41.82741	-71.4364	FALSE	FALSE	Valley Street and Eagle Street, Providence, RI, USA	FALSE	-71.4364099	41.8274251	intersection	geometric_center	valley st & eagle st, providence, ri 02908, usa	NA	NA	NA	NA	41.8274251	-71.4364099	Med High	1.870799885975158
2189	2015-09-02	309725	20:22:00	Pedestrian	2	NA	FALSE	FALSE	1	Francis St	Memorial Blvd	2015-09-03	Two-Way , Not Divided	Dry	Dark - Lighted	Clear	Not a Collision Between Two Motor Vehicles in Transport	No	Traffic Control Signal	4	2	Complains Of Pain	NA	41.82616	-71.41545	FALSE	FALSE	Francis Street and Memorial Blvd, Providence, RI, USA	FALSE	-71.4134258	41.8263996	route	geometric_center	memorial blvd, providence, ri 02903, usa	Francis Street & Memorial Blvd, Providence, RI, USA	EjNGcmFuY2lzIFN0cmVldCAmIE1lbW9yaWFsIEJsdmQsIFByb3ZpZGVuY2UsIFJJLCBVU0EiZiJkChQKEgkDtc6dEUXkiRFK7mftfMbegBIUChIJA7XOnRFF5IkRSu5n7XzG3oAaFAoSCeMKJVkQReSJEQnXa5JsDkKbGhQKEgn3LDO1FkXkiRGsznR5eOTavSIKDRwg7hgVW-Bu1Q	41.8258972	-71.4153893	41.8258972	-71.4153893	Med	29.68491858635666
2190	2015-08-29	308903	12:18:00	Pedestrian	1	NA	FALSE	FALSE	1	1215 N. MAIN STREET	7TH ST	2015-08-29	Two-Way, Divided, Positive Median Barrier	Dry	Daylight	Clear	Not a Collision Between Two Motor Vehicles in Transport	No	Traffic Control Signal	5	1	Complains Of Pain	2	41.85336	-71.40101	TRUE	FALSE	1215 N. Main Street, Providence, RI, USA	FALSE	-71.4007141	41.8532263	premise	geometric_center	1215 n main st, providence, ri 02904, usa	NA	NA	NA	NA	41.8532263	-71.4007141	High	28.696490572779087
2191	2015-08-29	308978	20:39:00	Bicycle	NA	1	FALSE	FALSE	1	Cranston St	DODGE ST	2015-08-29	Two-Way , Not Divided	Unknown	Dark - Lighted	Clear	Unknown	Yes, M/V and Driver Left Scene	Unknown	1	1	Complains Of Pain	NA	41.81439	-71.42613	FALSE	FALSE	Cranston Street and Dodge Street, Providence, RI, USA	FALSE	-71.42590419999999	41.8145699	intersection	geometric_center	cranston st & dodge st, providence, ri 02907, usa	NA	NA	NA	NA	41.8145699	-71.42590419999999	Med High	27.422959991344204
2192	2015-08-27	308601	18:03:00	Pedestrian	1	NA	FALSE	FALSE	1	Broad Street	ALDRICH ST	2015-08-27	Two-Way , Not Divided	Dry	Daylight	Clear	Angle (Front - to - Side) Same Direction	Yes, M/V and Driver Left Scene	No Controls	1	1	Complains Of Pain	NA	41.7936	-71.40895	FALSE	FALSE	Broad Street and Aldrich Street, Providence, RI, USA	FALSE	-71.4071857	41.7945459	route	geometric_center	aldrich st, providence, ri 02905, usa	Broad Street & Aldrich Street, Providence, RI, USA	EjJCcm9hZCBTdHJlZXQgJiBBbGRyaWNoIFN0cmVldCwgUHJvdmlkZW5jZSwgUkksIFVTQSJmImQKFAoSCelQzPWMT-SJEfEyNbUOAjRxEhQKEgnpUMz1jE_kiRHxMjW1DgI0cRoUChIJg9591YxP5IkRLKLKk5hLCKMaFAoSCTuV4FeLT-SJEfCTNf2eOQHCIgoNmDPpGBXz2m_V	41.793628	-71.4089741	41.793628	-71.4089741	Med	3.703511736664372
2193	2015-08-23	307882	18:45:00	Pedestrian	1	NA	FALSE	FALSE	1	CROWNINSHIELD ST	MERINO ST	2015-08-23	Two-Way, Divided, Unprotected (painted>4feet) Medium	Dry	Daylight	Clear	Not a Collision Between Two Motor Vehicles in Transport	No	No Controls	5	1	Complains Of Pain	NA	41.81741	-71.45831	FALSE	FALSE	Crowninshield Street and Merino Street, Providence, RI, USA	FALSE	-71.458626	41.8172	intersection	geometric_center	merino st & crowninshield st, providence, ri 02909, usa	NA	NA	NA	NA	41.8172	-71.458626	Med High	35.12539170473968
2194	2015-08-21	307645	15:26:00	Pedestrian	1	NA	FALSE	FALSE	1	UNION AVE	MESSER ST	2015-08-21	Two-Way , Not Divided	Dry	Daylight	Clear	Not a Collision Between Two Motor Vehicles in Transport	Yes, M/V and Driver Left Scene	No Controls	1	1	Complains Of Pain	NA	41.81013	-71.43513	FALSE	FALSE	Union Ave and Messer Street, Providence, RI, USA	FALSE	-71.4351315	41.8101444	intersection	geometric_center	messer st & union ave, providence, ri 02909, usa	NA	NA	NA	NA	41.8101444	-71.4351315	Med High	1.6078250099562417
2195	2015-08-20	307519	17:14:00	Bicycle	NA	1	FALSE	FALSE	1	CHARLES ST	ORMS ST	2015-08-20	Two-Way , Not Divided	Dry	Daylight	Clear	Not a Collision Between Two Motor Vehicles in Transport	No	No Controls	2	1	Complains Of Pain	NA	41.83515	-71.41153	FALSE	FALSE	Charles Street and Orms Street, Providence, RI, USA	FALSE	-71.4191013	41.8342191	route	geometric_center	orms st, providence, ri, usa	Charles Street & Orms Street, Providence, RI, USA	EjFDaGFybGVzIFN0cmVldCAmIE9ybXMgU3RyZWV0LCBQcm92aWRlbmNlLCBSSSwgVVNBImYiZAoUChIJR0heox5F5IkRzWV7LgBG0RESFAoSCUdIXqMeReSJEc1ley4ARtERGhQKEgl1C85s8UTkiRHLZMsuNVX9MhoUChIJJ2knvwRF5IkRzK6GSUqZqcEiCg1Dfu8YFb58b9U	41.8348611	-71.41138579999999	41.8348611	-71.41138579999999	Med	34.312113858642135
2196	2015-08-16	306887	17:21:00	Bicycle	NA	1	FALSE	FALSE	1	CRANSTON ST	DEXTER ST	2015-08-16	Two-Way , Not Divided	Dry	Daylight	Clear	Not a Collision Between Two Motor Vehicles in Transport	No	Traffic Control Signal	2	1	Complains Of Pain	NA	41.8126	-71.42959	FALSE	FALSE	Cranston Street and Dexter Street, Providence, RI, USA	FALSE	-71.429588	41.81260289999999	intersection	geometric_center	cranston st & dexter st, providence, ri 02907, usa	NA	NA	NA	NA	41.81260289999999	-71.429588	Med High	0.36297774024425583
2197	2015-08-16	306962	11:48:00	Pedestrian	1	NA	FALSE	FALSE	1	BROAD ST	FRANCIS GREEN MEMORIAL BLVD	2015-08-17	Two-Way , Not Divided	Dry	Daylight	Clear	Other	No	No Controls	3	2	Complains Of Pain	NA	41.79341	-71.40871	FALSE	FALSE	Broad Street and Francis Green Memorial Blvd, Providence, RI, USA	FALSE	-71.414551	41.787292	route	geometric_center	green memorial blvd, providence, ri, usa	NA	NA	NA	NA	41.787292	-71.414551	Med	835.9773767526293
2198	2015-08-14	306806	09:28:00	Pedestrian	1	NA	FALSE	FALSE	1	MANTON AVE	PELHAM ST	2015-08-14	Two-Way, Divided, Unprotected (painted>4feet) Medium	Dry	Daylight	Clear	Not a Collision Between Two Motor Vehicles in Transport	No	No Controls	5	1	Complains Of Pain	NA	41.82092	-71.44779	FALSE	FALSE	Manton Ave and Pelham Street, Providence, RI, USA	FALSE	-71.44779319999999	41.8209354	intersection	geometric_center	pelham st & manton ave, providence, ri 02909, usa	NA	NA	NA	NA	41.8209354	-71.44779319999999	Med High	1.734752755835914
2199	2015-08-13	306552	16:49:00	Bicycle	NA	1	FALSE	FALSE	1	WENDELL ST	SUPERIOR ST	2015-08-13	One-Way Trafficway	Dry	Daylight	Clear	Not a Collision Between Two Motor Vehicles in Transport	Yes, M/V and Driver Left Scene	No Controls	1	1	Complains Of Pain	NA	41.811	-71.43428	FALSE	FALSE	Wendell Street and Superior Street, Providence, RI, USA	FALSE	-71.4343524	41.8110124	intersection	geometric_center	wendell st & superior st, providence, ri 02907, usa	NA	NA	NA	NA	41.8110124	-71.4343524	Med High	6.1637090744906455
2200	2015-08-13	306569	17:06:00	Bicycle	NA	1	FALSE	FALSE	1	CLIFFORD ST	DORRANCE ST	2015-08-13	One-Way Trafficway	Dry	Daylight	Clear	Not a Collision Between Two Motor Vehicles in Transport	No	Traffic Control Signal	4	1	Non-Incapacitating	NA	41.82153	-71.40884	FALSE	FALSE	Clifford Street and Dorrance Street, Providence, RI, USA	FALSE	-71.4088055	41.8216128	intersection	geometric_center	clifford st & dorrance st, providence, ri 02903, usa	NA	NA	NA	NA	41.8216128	-71.4088055	Med High	9.651379053026258
2201	2015-08-13	306647	22:30:00	Bicycle	NA	1	FALSE	FALSE	2	1314 BROAD STREET	BROAD ST	2015-08-13	Two-Way, Divided, Unprotected (painted>4feet) Medium	Dry	Dark - Lighted	Clear	Not a Collision Between Two Motor Vehicles in Transport	No	No Controls	3	1	Complains Of Pain	NA	41.791	-71.40586	TRUE	FALSE	1314 Broad Street, Providence, RI, USA	FALSE	-71.4055424	41.7910074	street_address	range_interpolated	1314 broad st, providence, ri 02905, usa	NA	NA	NA	NA	41.7910074	-71.4055424	High	26.37292450969577
2202	2015-08-12	306407	12:55:00	Pedestrian	1	NA	FALSE	FALSE	1	DORRANCE STREET	WESTMINISTER STREET	2015-08-12	Two-Way , Not Divided	Dry	Daylight	Clear	Other	No	Traffic Control Signal	3	0	No Injury	2	41.82953	-71.41802	FALSE	FALSE	Dorrance Street and Westminister Street, Providence, RI, USA	FALSE	-71.4116693	41.8236083	intersection	geometric_center	westminster st & dorrance st, providence, ri 02903, usa	NA	NA	NA	NA	41.8236083	-71.4116693	Med High	843.8390984289496
2203	2015-08-12	306427	18:01:00	Pedestrian	1	NA	FALSE	TRUE	1	W EXCHANGE ST	EXCHANGE TER	2015-08-12	One-Way Trafficway	Dry	Daylight	Clear	Angle (Front - to - Side) Same Direction	No	No Controls	2	0	No Injury	NA	41.82484	-71.41534	FALSE	FALSE	W Exchange Street and Exchange Ter, Providence, RI, USA	FALSE	-71.41480469999999	41.8250247	intersection	geometric_center	exchange terrace & w exchange st, providence, ri 02903, usa	NA	NA	NA	NA	41.8250247	-71.41480469999999	Med High	48.93421833702044
2204	2015-08-11	306246	16:48:00	Pedestrian	1	NA	FALSE	FALSE	1	ELM ST	HOSPITAL ST	2015-08-11	Two-Way , Not Divided	Wet	Daylight	Rain	Not a Collision Between Two Motor Vehicles in Transport	No	Stop Signs	3	1	Complains Of Pain	NA	41.81705	-71.4105	FALSE	FALSE	Elm Street and Hospital Street, Providence, RI, USA	FALSE	-71.4098763	41.8161991	route	geometric_center	hospital st, providence, ri 02903, usa	Elm Street & Hospital Street, Providence, RI, USA	EjFFbG0gU3RyZWV0ICYgSG9zcGl0YWwgU3RyZWV0LCBQcm92aWRlbmNlLCBSSSwgVVNBImYiZAoUChIJq0PzCmtF5IkRb2MHyAnILcASFAoSCatD8wprReSJEW9jB8gJyC3AGhQKEgk3rZQca0XkiRHRY1B-6xTUnRoUChIJu78rsmtF5IkRcLDBhXqd3_QiCg0nxuwYFdWfb9U	41.8170407	-71.4104875	41.8170407	-71.4104875	Med	1.4653523508745119
2205	2015-08-10	306079	13:18:00	Pedestrian	1	NA	FALSE	FALSE	1	THAYER ST	POWER ST	2015-08-10	Two-Way, Divided, Unprotected (painted>4feet) Medium	Dry	Daylight	Clear	Not a Collision Between Two Motor Vehicles in Transport	No	No Controls	3	1	Non-Incapacitating	NA	41.82324	-71.40007	FALSE	FALSE	Thayer Street and Power Street, Providence, RI, USA	FALSE	-71.4000173	41.8229706	intersection	geometric_center	thayer st & power st, providence, ri 02912, usa	NA	NA	NA	NA	41.8229706	-71.4000173	Med High	30.306449280873913
2206	2015-08-10	306111	17:00:00	Pedestrian	1	NA	FALSE	FALSE	1	Nye St	ALVERSON AVE	2015-08-10	Two-Way , Not Divided	Dry	Daylight	Clear	Not a Collision Between Two Motor Vehicles in Transport	Yes, M/V and Driver Left Scene	No Controls	2	1	Non-Incapacitating	NA	41.81697	-71.45941	FALSE	FALSE	Nye Street and Alverson Ave, Providence, RI, USA	FALSE	-71.4594499	41.8169709	intersection	geometric_center	nye st & alverson ave, providence, ri 02909, usa	NA	NA	NA	NA	41.8169709	-71.4594499	Med High	3.3117805059010212
2207	2015-08-10	306128	19:36:00	Bicycle	NA	1	FALSE	FALSE	1	500 Cranston St	NA	2015-08-10	Two-Way , Not Divided	Dry	Dusk	Clear	Not a Collision Between Two Motor Vehicles in Transport	No	No Controls	2	0	No Injury	NA	41.80947	-71.43356	TRUE	TRUE	500 Cranston Street, Providence, RI, USA	FALSE	-71.433289	41.8095191	premise	rooftop	500 cranston st, providence, ri 02907, usa	NA	NA	NA	NA	41.8095191	-71.433289	High	23.140644892746504
2208	2015-08-08	305839	21:31:00	Bicycle	NA	1	FALSE	FALSE	1	MANTON AVE	RUSHMORE AVE	2015-08-08	Two-Way , Not Divided	Dry	Dark - Lighted	Clear	Not a Collision Between Two Motor Vehicles in Transport	No	No Controls	2	1	Incapacitating	2	41.82576	-71.45701	FALSE	FALSE	Manton Ave and Rushmore Ave, Providence, RI, USA	FALSE	-71.45701079999999	41.8257711	intersection	geometric_center	manton ave & rushmore ave, providence, ri 02909, usa	NA	NA	NA	NA	41.8257711	-71.45701079999999	Med High	1.2374270988793143
2209	2015-08-06	305473	20:19:00	Bicycle	NA	1	FALSE	FALSE	1	Grand St	POTTERS AVE	2015-08-06	Two-Way , Not Divided	Dry	Unknown	Clear	Not a Collision Between Two Motor Vehicles in Transport	Yes, M/V and Driver Left Scene	No Controls	1	1	Complains Of Pain	2	41.80245	-71.4322	FALSE	FALSE	Grand Street and Potters Ave, Providence, RI, USA	FALSE	-71.4319158	41.8029682	intersection	geometric_center	potters ave & grand st, providence, ri 02907, usa	NA	NA	NA	NA	41.8029682	-71.4319158	Med High	62.320416916594134
2210	2015-08-05	305204	16:03:00	Bicycle	NA	1	FALSE	FALSE	1	North Main St	FROST ST	2015-08-05	Two-Way, Divided, Positive Median Barrier	Dry	Daylight	Clear	Not a Collision Between Two Motor Vehicles in Transport	No	No Controls	2	1	Complains Of Pain	4	41.85138	-71.40235	FALSE	FALSE	North Main Street and Frost Street, Providence, RI, USA	FALSE	-71.4034541	41.8516888	route	geometric_center	frost st, providence, ri 02904, usa	North Main Street & Frost Street, Providence, RI, USA	EjVOb3J0aCBNYWluIFN0cmVldCAmIEZyb3N0IFN0cmVldCwgUHJvdmlkZW5jZSwgUkksIFVTQSJmImQKFAoSCX19LNrDROSJEaL1DS0QAB8hEhQKEgl9fSzaw0TkiRGi9Q0tEAAfIRoUChIJ-fpBPd5E5IkRX9etvg1cIz8aFAoSCX1-qSvCROSJEY8EJfDcpgnIIgoNkgHyGBXO3HDV	41.85132979999999	-71.402373	41.85132979999999	-71.402373	Med	5.904711820238785
2211	2015-08-05	305294	15:30:00	Bicycle	NA	1	FALSE	FALSE	1	MOORE ST	UPDIKE ST	2015-08-05	Unknown	Dry	Daylight	Clear	Not a Collision Between Two Motor Vehicles in Transport	No	No Controls	3	1	Complains Of Pain	NA	41.80482	-71.422	FALSE	FALSE	Moore Street and Updike Street, Providence, RI, USA	FALSE	-71.42243859999999	41.80481260000001	intersection	geometric_center	updike st & moore st, providence, ri 02907, usa	NA	NA	NA	NA	41.80481260000001	-71.42243859999999	Med High	36.40424904581573
2212	2015-08-03	304799	18:33:00	Pedestrian	1	NA	FALSE	FALSE	1	16 BARRY ROAD	BARRY RD	2015-08-03	Two-Way , Not Divided	Dry	Daylight	Clear	Not a Collision Between Two Motor Vehicles in Transport	No	No Controls	3	1	Non-Incapacitating	NA	41.81821	-71.4504	TRUE	FALSE	16 Barry Road, Providence, RI, USA	FALSE	-71.45030179999999	41.8177507	street_address	rooftop	16 barry rd, providence, ri 02909, usa	NA	NA	NA	NA	41.8177507	-71.45030179999999	High	51.77404335276236
2213	2015-08-03	306183	12:56:00	Bicycle	NA	1	FALSE	FALSE	1	ELMWOOD AVE	ELMWOOD AVE	2015-08-11	Two-Way, Divided, Unprotected (painted>4feet) Medium	Dry	Daylight	Clear	Angle (Front - to - Side) Same Direction	No	No Controls	2	1	Complains Of Pain	NA	41.80736	-71.42484	FALSE	FALSE	Elmwood Ave and Elmwood Ave, Providence, RI, USA	FALSE	-71.4229658	41.7920613	route	geometric_center	elmwood ave, providence, ri, usa	NA	NA	NA	NA	41.7920613	-71.4229658	Med	1710.1308956270027
2214	2015-08-02	304577	16:40:00	Bicycle	1	NA	FALSE	FALSE	1	Kenwood St	MESSER ST	2015-08-02	Two-Way , Not Divided	Dry	Daylight	Clear	Not a Collision Between Two Motor Vehicles in Transport	Yes, M/V and Driver Left Scene	No Controls	1	0	No Injury	2	41.80992	-71.43438	FALSE	FALSE	Kenwood Street and Messer Street, Providence, RI, USA	FALSE	-71.4343567	41.8099484	intersection	geometric_center	kenwood st & messer st, providence, ri 02909, usa	NA	NA	NA	NA	41.8099484	-71.4343567	Med High	3.7057339577680306
2215	2015-08-01	304397	19:07:00	Pedestrian	1	NA	FALSE	FALSE	1	Smith St	HOLDEN ST	2015-08-01	Two-Way , Not Divided	Dry	Dusk	Clear	Not a Collision Between Two Motor Vehicles in Transport	No	No Controls	4	1	Complains Of Pain	2	41.83219	-71.41798	FALSE	FALSE	Smith Street and Holden Street, Providence, RI, USA	FALSE	-71.41800549999999	41.8322069	intersection	geometric_center	holden st & smith st, providence, ri 02908, usa	NA	NA	NA	NA	41.8322069	-71.41800549999999	Med High	2.830697650022485
2216	2015-07-31	304260	18:50:00	Bicycle	NA	1	FALSE	FALSE	1	21 FELIX ST	CHALKSTONE AVE	2015-07-31	Two-Way , Not Divided	Dry	Daylight	Clear	Not a Collision Between Two Motor Vehicles in Transport	Yes, M/V and Driver Left Scene	No Controls	1	0	No Injury	NA	41.83276	-71.4279	TRUE	FALSE	21 Felix Street, Providence, RI, USA	FALSE	-71.4277183	41.8328076	premise	rooftop	21 felix st, providence, ri 02908, usa	NA	NA	NA	NA	41.8328076	-71.4277183	High	15.975218905883766
2217	2015-07-31	304271	23:17:00	Pedestrian	1	NA	FALSE	FALSE	1	MEMORIAL BLVD	FRANCIS ST	2015-08-01	Two-Way, Divided, Positive Median Barrier	Dry	Dark - Lighted	Clear	Not a Collision Between Two Motor Vehicles in Transport	No	Traffic Control Signal	5	1	Non-Incapacitating	NA	41.8259	-71.41535	FALSE	FALSE	Memorial Blvd and Francis Street, Providence, RI, USA	FALSE	-71.4153098	41.8257791	intersection	geometric_center	memorial blvd & francis st, providence, ri 02903, usa	NA	NA	NA	NA	41.8257791	-71.4153098	Med High	13.865500523563528