row_number	crash_date	crash_report_id	crash_time	collision_type	count_pedestrian	count_bicycle	scooter	wheel_chair	number_of_vehicles	street_or_highway	nearest_intersection	report_date	type_of_roadway	road_surface_condition	light_condition	weather_condition	manner_of_impact	hit_and_run	traffic_control	person_count	injury_count	most_serious_injury	number_of_lanes	lat_raw	lon_raw	has_st_number	is_intersection_null	address_sent_to_geocoder	is_address_blank	lon_api_first_try	lat_api_first_try	type	loctype	address_returned_by_geocoder	address_returned_by_autocomplete	place_ids_autocompleted	lat_api_second_try	lon_api_second_try	lat_api_best	lon_api_best	api_coord_conf	distance_btwn_coords_meters
2443	2014-10-08	254362	09:39:00	Pedestrian	1	NA	FALSE	FALSE	1	CULVER ST	DUDLEY ST	2014-10-08	Two-Way , Not Divided	Dry	Daylight	Clear	Other	No	Stop Signs	5	1	Complains Of Pain	NA	41.81056	-71.40865	FALSE	FALSE	Culver Street and Dudley Street, Providence, RI, USA	FALSE	-71.4086492	41.8106124	intersection	geometric_center	dudley st & culver st, providence, ri 02903, usa	NA	NA	NA	NA	41.8106124	-71.4086492	Med High	5.8335189756793655
2444	2014-10-08	254436	16:40:00	Bicycle	NA	1	FALSE	FALSE	1	CHARLES ST	MARIETTA ST	2014-10-08	Two-Way, Divided, Unprotected (painted>4feet) Medium	Dry	Daylight	Cloudy	Other	No	Stop Signs	2	1	Complains Of Pain	NA	41.85177	-71.42021	FALSE	FALSE	Charles Street and Marietta Street, Providence, RI, USA	FALSE	-71.4186723	41.8523615	route	geometric_center	marietta st, providence, ri 02904, usa	Charles Street & Marietta Street, Providence, RI, USA	EjVDaGFybGVzIFN0cmVldCAmIE1hcmlldHRhIFN0cmVldCwgUHJvdmlkZW5jZSwgUkksIFVTQSJmImQKFAoSCfu9Nk7wROSJEedYuJfQAu0aEhQKEgn7vTZO8ETkiRHnWLiX0ALtGhoUChIJdQvObPFE5IkRy2TLLjVV_TIaFAoSCbWTcNHxROSJEbdi2hWrFBwBIgoNKxPyGBVIJG7V	41.8517803	-71.420204	41.8517803	-71.420204	Med	1.2498760331598677
2445	2014-10-07	254213	07:45:00	Pedestrian	1	NA	FALSE	FALSE	1	HOPE STREET	ONLEY STREET	2014-10-07	Two-Way , Not Divided	Dry	Daylight	Clear	Other	No	Traffic Control Signal	2	0	No Injury	2	41.8331	-71.41676	FALSE	FALSE	Hope Street and Onley Street, Providence, RI, USA	FALSE	-71.4015677	41.8357179	intersection	geometric_center	hope st & olney st, providence, ri 02906, usa	NA	NA	NA	NA	41.8357179	-71.4015677	Med High	1293.331679696593
2446	2014-10-06	254476	09:45:00	Pedestrian	1	NA	FALSE	FALSE	1	SABIN ST	SABIN ST	2014-10-09	One-Way Trafficway	Dry	Daylight	Clear	Not a Collision Between Two Motor Vehicles in Transport	Yes, M/V and Driver Left Scene	Traffic Control Signal	1	1	Complains Of Pain	NA	41.82462	-71.41556	FALSE	FALSE	Sabin Street and Sabin Street, Providence, RI, USA	FALSE	-71.4163184	41.8239955	route	geometric_center	sabin st, providence, ri, usa	NA	NA	NA	NA	41.8239955	-71.4163184	Med	93.7598181444691
2447	2014-10-05	254097	14:34:00	Bicycle	NA	1	FALSE	FALSE	1	Manton Avenue	DELAINE ST	2014-10-05	Two-Way , Not Divided	Dry	Daylight	Clear	Angle (Front - to - Side) Opposite Direction	Yes, M/V and Driver Left Scene	No Controls	1	1	Complains Of Pain	NA	41.81801	-71.44473	FALSE	FALSE	Manton Avenue and Delaine Street, Providence, RI, USA	FALSE	-71.4446349	41.8179569	intersection	geometric_center	delaine st & manton ave, providence, ri 02909, usa	NA	NA	NA	NA	41.8179569	-71.4446349	Med High	9.858443681268614
2448	2014-10-05	254109	17:51:00	Bicycle	NA	1	FALSE	FALSE	1	CLADRASH'S AVE	MAPLE AVE	2014-10-05	Two-Way , Not Divided	Dry	Daylight	Clear	Not a Collision Between Two Motor Vehicles in Transport	No	No Controls	5	0	No Injury	2	41.78423	-71.4109	FALSE	FALSE	Cladrash's Ave and Maple Ave, Providence, RI, USA	FALSE	-71.4144565	41.7823496	route	geometric_center	maple ave, providence, ri, usa	NA	NA	NA	NA	41.7823496	-71.4144565	Med	361.89766566030283
2449	2014-10-03	253872	10:00:00	Bicycle	NA	1	FALSE	FALSE	1	SOUTH WATER ST	BRIDGE ST	2014-10-03	One-Way Trafficway	Dry	Daylight	Clear	Angle (Front - to - Side) Right Angle (Includes Broadside)	No	Traffic Control Signal	2	1	Complains Of Pain	NA	41.81833	-71.40139	FALSE	FALSE	South Water Street and Bridge Street, Providence, RI, USA	FALSE	-71.4039536	41.8202174	route	geometric_center	s water st, providence, ri 02903, usa	NA	NA	NA	NA	41.8202174	-71.4039536	Med	298.95850993948153
2450	2014-10-01	253764	18:45:00	Pedestrian	1	NA	FALSE	FALSE	1	HOPE ST	BOWEN ST	2014-10-01	Two-Way , Not Divided	Wet	Dark - Lighted	Rain	Other	Yes, M/V and Driver Left Scene	No Controls	2	1	Complains Of Pain	2	41.83091	-71.39923	FALSE	FALSE	Hope Street and Bowen Street, Providence, RI, USA	FALSE	-71.39919739999999	41.8309084	intersection	geometric_center	hope st & bowen st, providence, ri 02906, usa	NA	NA	NA	NA	41.8309084	-71.39919739999999	Med High	2.7098982130867277
2451	2014-10-01	253977	00:41:00	Pedestrian	1	NA	FALSE	FALSE	1	CRANSTON ST	HUNTINGTON AVE	2014-10-03	Two-Way , Not Divided	Dry	Daylight	Clear	Not a Collision Between Two Motor Vehicles in Transport	No	No Controls	3	1	Complains Of Pain	NA	41.80391	-71.43904	FALSE	FALSE	Cranston Street and Huntington Ave, Providence, RI, USA	FALSE	-71.4392216	41.80375230000001	intersection	geometric_center	cranston st & huntington ave, providence, ri 02907, usa	NA	NA	NA	NA	41.80375230000001	-71.4392216	Med High	23.135827606667487
2452	2014-09-30	253593	09:35:00	Bicycle	NA	1	FALSE	FALSE	1	Cranston St.	POTTERS AVE	2014-09-30	Two-Way , Not Divided	Wet	Daylight	Rain	Sideswipe, Same Direction	Yes, M/V and Driver Left Scene	No Controls	2	1	Complains Of Pain	2	41.80505	-71.43778	FALSE	FALSE	Cranston St. and Potters Ave, Providence, RI, USA	FALSE	-71.43779049999999	41.8050672	intersection	geometric_center	potters ave & cranston st, providence, ri 02909, usa	NA	NA	NA	NA	41.8050672	-71.43779049999999	Med High	2.1036145564996684
2453	2014-09-29	254047	16:01:00	Pedestrian	1	NA	FALSE	FALSE	1	TOBEY ST	RING ST	2014-10-04	Unknown	Dry	Daylight	Clear	Not a Collision Between Two Motor Vehicles in Transport	No	No Controls	3	1	Complains Of Pain	2	41.81992	-71.43566	FALSE	FALSE	Tobey Street and Ring Street, Providence, RI, USA	FALSE	-71.435593	41.8197819	intersection	geometric_center	tobey st & ring st, providence, ri 02909, usa	NA	NA	NA	NA	41.8197819	-71.435593	Med High	16.347204255915752
2454	2014-09-27	253384	13:35:00	Bicycle	NA	1	FALSE	FALSE	1	CHALKSTONE AVE	CLEMATIS ST	2014-09-27	Two-Way , Not Divided	Dry	Daylight	Clear	Not a Collision Between Two Motor Vehicles in Transport	No	No Controls	5	1	Non-Incapacitating	2	41.83263	-71.44591	FALSE	FALSE	Chalkstone Ave and Clematis Street, Providence, RI, USA	FALSE	-71.4458643	41.8326381	intersection	geometric_center	clematis st & chalkstone ave, providence, ri 02908, usa	NA	NA	NA	NA	41.8326381	-71.4458643	Med High	3.896299329081078
2455	2014-09-27	253441	14:00:00	Bicycle	NA	1	FALSE	FALSE	1	Broadway	GREENMAN LN	2014-09-28	One-Way Trafficway	Dry	Daylight	Clear	Angle (Front - to - Side) Opposite Direction	No	Traffic Control Signal	3	1	Complains Of Pain	NA	41.82232	-71.41867	FALSE	FALSE	Broadway and Greenman Ln, Providence, RI, USA	FALSE	-71.4119953	41.8109879	doctor	rooftop	101 dudley st, providence, ri 02905, usa	NA	NA	NA	NA	41.8109879	-71.4119953	Med	1377.6770455316816
2456	2014-09-27	253447	14:05:00	Bicycle	NA	1	FALSE	FALSE	1	BROAD ST	SUMTER ST	2014-09-28	Two-Way , Not Divided	Dry	Daylight	Clear	Not a Collision Between Two Motor Vehicles in Transport	No	No Controls	2	1	Complains Of Pain	NA	41.79772	-71.41409	FALSE	FALSE	Broad Street and Sumter Street, Providence, RI, USA	FALSE	-71.4175735	41.7967042	route	geometric_center	sumter st, providence, ri 02907, usa	Broad Street & Sumter Street, Providence, RI, USA	EjFCcm9hZCBTdHJlZXQgJiBTdW10ZXIgU3RyZWV0LCBQcm92aWRlbmNlLCBSSSwgVVNBImYiZAoUChIJgcInDolP5IkROAY9LY3iGUISFAoSCYHCJw6JT-SJETgGPS2N4hlCGhQKEgmD3n3VjE_kiREsosqTmEsIoxoUChIJGcGW_oVP5IkRgKEM4Er3cL4iCg171ekYFUgSb9U	41.79777230000001	-71.4141112	41.79777230000001	-71.4141112	Med	6.08203577929905
2457	2014-09-25	253196	09:25:00	Pedestrian	1	NA	FALSE	FALSE	1	141 WEYBOSSET STREET	DORRANCE STREET	2014-09-25	Two-Way , Not Divided	Dry	Daylight	Cloudy	Other	Yes, M/V and Driver Left Scene	No Controls	4	1	Non-Incapacitating	2	41.83349	-71.41682	TRUE	FALSE	141 Weybosset Street, Providence, RI, USA	FALSE	-71.41155789999999	41.8228207	street_address	rooftop	141 weybosset st, providence, ri 02903, usa	NA	NA	NA	NA	41.8228207	-71.41155789999999	High	1265.3680114937208
2458	2014-09-25	253214	12:23:00	Pedestrian	1	NA	FALSE	FALSE	1	6TH AVENUE	COLLEGE ROAD	2014-09-25	Two-Way , Not Divided	Dry	Daylight	Cloudy	Other	Yes, M/V and Driver Left Scene	No Controls	1	0	Unknown	2	41.83578	-71.4154	FALSE	FALSE	6th Avenue and College Road, Providence, RI, USA	FALSE	-71.4550359	41.8415726	route	geometric_center	college road, providence, ri, usa	6th Street & College Road, North Providence, Providence, RI, USA	EkA2dGggU3RyZWV0ICYgQ29sbGVnZSBSb2FkLCBOb3J0aCBQcm92aWRlbmNlLCBQcm92aWRlbmNlLCBSSSwgVVNBImYiZAoUChIJGYxTNdBF5IkRibtj7OYDzY4SFAoSCRmMUzXQReSJEYm7Y-zmA82OGhQKEgnJZMy40UXkiRG2K65uPoLk6BoUChIJFZyHEcpF5IkRqRVz5AqL6FAiCg3sZfAYFbT_ZtU	41.8407916	-71.4670156	41.8407916	-71.4670156	Med	4317.012335053396
2459	2014-09-24	253224	14:00:00	Pedestrian	1	NA	FALSE	FALSE	1	Pine St	PAGE ST	2014-09-25	One-Way Trafficway	Dry	Daylight	Clear	Other	No	No Controls	2	1	Complains Of Pain	NA	41.82114	-71.41129	FALSE	FALSE	Pine Street and Page Street, Providence, RI, USA	FALSE	-71.4113001	41.8211663	route	geometric_center	page st, providence, ri 02903, usa	Pine Street & Page Street, Providence, RI, USA	Ei5QaW5lIFN0cmVldCAmIFBhZ2UgU3RyZWV0LCBQcm92aWRlbmNlLCBSSSwgVVNBImYiZAoUChIJ9dNgkBRF5IkRQVATCMbfiKwSFAoSCfXTYJAUReSJEUFQEwjG34isGhQKEgk5kwlTbEXkiRGgKSzwb-_CPBoUChIJfxOXmhRF5IkR_O9cQZJR03wiCg1PZ-0YFReAb9U	41.82116630000001	-71.41130009999999	41.82116630000001	-71.41130009999999	Med	3.045240342605544
2460	2014-09-23	252975	17:41:00	Pedestrian	3	NA	FALSE	FALSE	1	North Main St	WHITE ST	2014-09-23	Two-Way , Not Divided	Dry	Daylight	Clear	Not a Collision Between Two Motor Vehicles in Transport	No	Pavement Markings	5	1	Complains Of Pain	5	41.85548	-71.40015	FALSE	FALSE	North Main Street and White Street, Providence, RI, USA	FALSE	-71.4001394	41.855496	route	geometric_center	white st, providence, ri, usa	North Main Street & White Street, Providence, RI, USA	EjVOb3J0aCBNYWluIFN0cmVldCAmIFdoaXRlIFN0cmVldCwgUHJvdmlkZW5jZSwgUkksIFVTQSJmImQKFAoSCVsuhlLHROSJEWBPecKyaCOiEhQKEglbLoZSx0TkiRFgT3nCsmgjohoUChIJ-fpBPd5E5IkRX9etvg1cIz8aFAoSCR1ItAS7ROSJEWP65zKBtMXWIgoNUKTyGBUONHHV	41.855496	-71.4001394	41.855496	-71.4001394	Med	1.9861536575379588
2461	2014-09-23	252985	22:14:00	Pedestrian	1	NA	FALSE	FALSE	1	N MAIN ST	N MAIN ST	2014-09-23	One-Way Trafficway	Dry	Dark - Lighted	Clear	Head-On (Front - to - Front)	Yes, M/V and Driver Left Scene	No Controls	1	1	Complains Of Pain	NA	41.84488	-71.40615	FALSE	FALSE	N Main Street and N Main Street, Providence, RI, USA	FALSE	-71.2873641	41.7371398	route	geometric_center	n main st, rhode island, usa	North Main Street & South Main Street, Providence, RI, USA	EjpOb3J0aCBNYWluIFN0cmVldCAmIFNvdXRoIE1haW4gU3RyZWV0LCBQcm92aWRlbmNlLCBSSSwgVVNBImYiZAoUChIJD1urSRZF5IkRzGbOghZosXsSFAoSCQ9bq0kWReSJEcxmzoIWaLF7GhQKEgn5-kE93kTkiRFf162-DVwjPxoUChIJxfz7Uz5F5IkRx3FZv-YChPQiCg2TF-4YFdUHcNU	41.8256787	-71.4078251	41.8256787	-71.4078251	Med	2141.9894201356656
2462	2014-09-23	253016	20:35:00	Bicycle	NA	1	FALSE	FALSE	1	Smith St	ORMS ST	2014-09-24	Two-Way , Not Divided	Dry	Daylight	Clear	Not a Collision Between Two Motor Vehicles in Transport	No	Traffic Control Signal	2	1	Complains Of Pain	NA	41.83372	-71.42187	FALSE	FALSE	Smith Street and Orms Street, Providence, RI, USA	FALSE	-71.4219437	41.8337775	intersection	geometric_center	orms st & smith st, providence, ri 02904, usa	NA	NA	NA	NA	41.8337775	-71.4219437	Med High	8.850877998121225
2463	2014-09-23	253043	08:37:00	Pedestrian	1	NA	FALSE	FALSE	1	WESTMINSTER ST	CAHIR ST	2014-09-24	Two-Way , Not Divided	Dry	Daylight	Clear	Other	No	Traffic Control Signal	3	1	Complains Of Pain	NA	41.81822	-71.42018	FALSE	FALSE	Westminster Street and Cahir Street, Providence, RI, USA	FALSE	-71.4201851	41.8182066	intersection	geometric_center	cahir st & westminster st, providence, ri 02903, usa	NA	NA	NA	NA	41.8182066	-71.4201851	Med High	1.5505268108105275
2464	2014-09-22	252798	15:45:00	Pedestrian	1	NA	FALSE	FALSE	1	Bridgham St	WESTMINSTER ST	2014-09-22	Two-Way , Not Divided	Dry	Daylight	Clear	Not a Collision Between Two Motor Vehicles in Transport	Yes, M/V and Driver Left Scene	Pavement Markings	2	1	Incapacitating	2	41.81686	-71.42838	FALSE	FALSE	Bridgham Street and Westminster Street, Providence, RI, USA	FALSE	-71.4284038	41.8169384	intersection	geometric_center	bridgham st & westminster st, providence, ri 02909, usa	NA	NA	NA	NA	41.8169384	-71.4284038	Med High	8.94802671710379
2465	2014-09-20	252608	18:38:00	Bicycle	NA	NA	FALSE	FALSE	2	WATERMAN ST	THAYER ST	2014-09-20	One-Way Trafficway	Dry	Daylight	Clear	Sideswipe, Same Direction	No	No Controls	4	1	Complains Of Pain	1	41.82727	-71.4006	FALSE	FALSE	Waterman Street and Thayer Street, Providence, RI, USA	FALSE	-71.4005559	41.8272892	intersection	geometric_center	thayer st & waterman st, providence, ri 02906, usa	NA	NA	NA	NA	41.8272892	-71.4005559	Med High	4.236752705233276
2466	2014-09-19	252502	13:21:00	Pedestrian	3	NA	FALSE	FALSE	1	BURNETT STREET	BUCKLIN STREET	2014-09-19	Two-Way , Not Divided	Dry	Daylight	Clear	Other	No	Stop Signs	5	3	Non-Incapacitating	2	41.83201	-71.41745	FALSE	FALSE	Burnett Street and Bucklin Street, Providence, RI, USA	FALSE	-71.42767839999999	41.8029383	intersection	geometric_center	bucklin st & burnett st, providence, ri 02907, usa	NA	NA	NA	NA	41.8029383	-71.42767839999999	Med High	3345.651801413067
2467	2014-09-17	252247	10:46:00	Pedestrian	1	NA	FALSE	FALSE	1	DORRANCE ST	CLIFFORD ST	2014-09-17	Two-Way , Not Divided	Dry	Daylight	Clear	Not a Collision Between Two Motor Vehicles in Transport	No	No Controls	3	1	Complains Of Pain	NA	41.82158	-71.40886	FALSE	FALSE	Dorrance Street and Clifford Street, Providence, RI, USA	FALSE	-71.4088055	41.8216128	intersection	geometric_center	clifford st & dorrance st, providence, ri 02903, usa	NA	NA	NA	NA	41.8216128	-71.4088055	Med High	5.811472007175093
2468	2014-09-17	252295	16:05:00	Bicycle	NA	1	FALSE	FALSE	1	57 Gallatin St	EMERSON ST	2014-09-17	Two-Way , Not Divided	Dry	Daylight	Clear	Not a Collision Between Two Motor Vehicles in Transport	No	No Controls	2	1	Complains Of Pain	2	41.79638	-71.41619	TRUE	FALSE	57 Gallatin Street, Providence, RI, USA	FALSE	-71.4157924	41.79666	street_address	rooftop	57 gallatin st, providence, ri 02907, usa	NA	NA	NA	NA	41.79666	-71.4157924	High	45.39095710205392
2469	2014-09-16	252120	15:05:00	Bicycle	NA	1	FALSE	FALSE	1	SERVICE ROAD 3	WESTMINSTER ST	2014-09-16	Two-Way , Not Divided	Dry	Daylight	Clear	Angle (Front - to - Side) Same Direction	No	No Controls	4	1	Non-Incapacitating	2	41.81632	-71.44059	FALSE	FALSE	Service Road 3 and Westminster Street, Providence, RI, USA	FALSE	-71.40892649999999	41.8252921	street_address	range_interpolated	3 westminster st, providence, ri 02903, usa	NA	NA	NA	NA	41.8252921	-71.40892649999999	Med High	2810.2461045519303
2470	2014-09-16	252226	22:08:00	Pedestrian	1	NA	FALSE	FALSE	1	Admiral St	TAPPAN ST	2014-09-17	Two-Way , Not Divided	Dry	Dark - Lighted	Cloudy	Other	Yes, M/V and Driver Left Scene	No Controls	3	1	Complains Of Pain	2	41.84559	-71.42695	FALSE	FALSE	Admiral Street and Tappan Street, Providence, RI, USA	FALSE	-71.427588	41.8457499	intersection	geometric_center	admiral st & tappan st, providence, ri 02908, usa	NA	NA	NA	NA	41.8457499	-71.427588	Med High	55.82136175230745
2471	2014-09-14	251864	02:11:00	Bicycle	NA	1	FALSE	FALSE	1	Washington St	EDDY ST	2014-09-14	Two-Way , Not Divided	Dry	Dark - Lighted	Cloudy	Angle (Front - to - Side) Right Angle (Includes Broadside)	No	No Controls	5	0	No Injury	2	41.82401	-71.4134	FALSE	FALSE	Washington Street and Eddy Street, Providence, RI, USA	FALSE	-71.4072274	41.8059506	route	geometric_center	eddy st, providence, ri, usa	Washington Street & Eddy Street, Providence, RI, USA	EjRXYXNoaW5ndG9uIFN0cmVldCAmIEVkZHkgU3RyZWV0LCBQcm92aWRlbmNlLCBSSSwgVVNBImYiZAoUChIJYTKH6BNF5IkR5kp7LeyaeroSFAoSCWEyh-gTReSJEeZKey3smnq6GhQKEgmp2s2cEkXkiREaB9CWoxI09hoUChIJO0x4GWdF5IkRbcddUVrUSsgiCg1e1-0YFXYtb9U	41.82403499999999	-71.41341539999999	41.82403499999999	-71.41341539999999	Med	3.0621949692118475
2472	2014-09-14	252068	20:48:00	Bicycle	NA	1	FALSE	FALSE	1	EDDY ST	THURBERS AVE	2014-09-16	Two-Way , Not Divided	Dry	Dark - Lighted	Clear	Angle (Front - to - Side) Same Direction	Yes, M/V and Driver Left Scene	No Controls	1	0	No Injury	NA	41.79992	-71.40583	FALSE	FALSE	Eddy Street and Thurbers Ave, Providence, RI, USA	FALSE	-71.4058025	41.79991640000001	intersection	geometric_center	thurbers ave & eddy st, providence, ri 02905, usa	NA	NA	NA	NA	41.79991640000001	-71.4058025	Med High	2.317037754850914
2473	2014-09-10	251325	12:28:00	Pedestrian	1	NA	FALSE	FALSE	1	SARATOGA ST	BROAD ST	2014-09-10	Two-Way , Not Divided	Dry	Daylight	Clear	Not a Collision Between Two Motor Vehicles in Transport	Yes, M/V and Driver Left Scene	Stop Signs	2	1	Complains Of Pain	NA	41.80411	-71.41926	FALSE	FALSE	Saratoga Street and Broad Street, Providence, RI, USA	FALSE	-71.4192614	41.8041237	intersection	geometric_center	saratoga st & broad st, providence, ri 02905, usa	NA	NA	NA	NA	41.8041237	-71.4192614	Med High	1.529495368373032
2474	2014-09-10	251377	16:48:00	Bicycle	NA	1	FALSE	FALSE	1	Broadway	VINTON ST	2014-09-10	Two-Way , Not Divided	Dry	Daylight	Clear	Not a Collision Between Two Motor Vehicles in Transport	No	No Controls	2	1	Complains Of Pain	2	41.82007	-71.42819	FALSE	FALSE	Broadway and Vinton Street, Providence, RI, USA	FALSE	-71.4285663	41.8207514	route	geometric_center	vinton st, providence, ri, usa	Broadway & Vinton Street, Providence, RI, USA	Ei1Ccm9hZHdheSAmIFZpbnRvbiBTdHJlZXQsIFByb3ZpZGVuY2UsIFJJLCBVU0EiZiJkChQKEglF5rYLdUXkiRHipmasZ-JhnRIUChIJRea2C3VF5IkR4qZmrGfiYZ0aFAoSCaW15YZ1ReSJERrCM7HXpG-zGhQKEgnN2QdAdUXkiRHzHzv0hMO0lyIKDVg97RgVUexs1Q	41.820092	-71.4281903	41.820092	-71.4281903	Med	2.449155254801079
2475	2014-09-10	251511	16:06:00	Bicycle	NA	1	FALSE	FALSE	1	Hope St	12TH ST	2014-09-10	Two-Way , Not Divided	Dry	Daylight	Clear	Not a Collision Between Two Motor Vehicles in Transport	No	No Controls	2	1	Complains Of Pain	2	41.85546	-71.39184	FALSE	FALSE	Hope Street and 12th Street, Providence, RI, USA	FALSE	-71.3918131	41.8555636	intersection	geometric_center	hope st & 12th st, providence, ri 02906, usa	NA	NA	NA	NA	41.8555636	-71.3918131	Med High	11.74639460106062
2476	2014-09-07	250958	02:33:00	Pedestrian	1	NA	FALSE	FALSE	1	WEYBOSSET ST	EDDY ST	2014-09-07	Two-Way , Not Divided	Wet	Dark - Lighted	Rain	Not a Collision Between Two Motor Vehicles in Transport	Yes, M/V and Driver Left Scene	Pavement Markings	2	1	Complains Of Pain	NA	41.8227	-71.41138	FALSE	FALSE	Weybosset Street and Eddy Street, Providence, RI, USA	FALSE	-71.4114379	41.82263890000001	intersection	geometric_center	weybosset st & eddy st, providence, ri 02903, usa	NA	NA	NA	NA	41.82263890000001	-71.4114379	Med High	8.326624678808233
2477	2014-09-06	250925	17:24:00	Pedestrian	1	NA	FALSE	FALSE	1	420 Charles St	LOMBARDI ST	2014-09-06	Two-Way , Not Divided	Dry	Daylight	Clear	Not a Collision Between Two Motor Vehicles in Transport	No	Pavement Markings	4	1	Complains Of Pain	2	41.84674	-71.41931	TRUE	FALSE	420 Charles Street, Providence, RI, USA	FALSE	-71.41881169999999	41.8443389	street_address	range_interpolated	420 charles st, providence, ri 02904, usa	NA	NA	NA	NA	41.8443389	-71.41881169999999	High	270.4645697420887
2478	2014-09-04	250586	09:05:00	Pedestrian	1	NA	FALSE	FALSE	1	Memorial Blvd	EXCHANGE ST	2014-09-04	Two-Way, Divided, Positive Median Barrier	Dry	Daylight	Clear	Sideswipe, Same Direction	Yes, M/V and Driver Left Scene	Traffic Control Signal	1	1	Complains Of Pain	NA	41.8268	-71.41212	FALSE	FALSE	Memorial Blvd and Exchange Street, Providence, RI, USA	FALSE	-71.4121426	41.8269244	intersection	geometric_center	memorial blvd & exchange st, providence, ri 02903, usa	NA	NA	NA	NA	41.8269244	-71.4121426	Med High	13.974462450639702
2479	2014-09-04	250607	10:09:00	Bicycle	NA	1	FALSE	FALSE	1	BROAD STREET	PUBLIC STREET	2014-09-04	Two-Way , Not Divided	Dry	Daylight	Clear	Other	No	Traffic Control Signal	3	1	Non-Incapacitating	2	41.83349	-71.41682	FALSE	FALSE	Broad Street and Public Street, Providence, RI, USA	FALSE	-71.414812	41.8055601	route	geometric_center	public st, providence, ri, usa	Broad Street & Public Street, Providence, RI, USA	EjFCcm9hZCBTdHJlZXQgJiBQdWJsaWMgU3RyZWV0LCBQcm92aWRlbmNlLCBSSSwgVVNBImYiZAoUChIJLTJT3HxF5IkRclWEg4MKFo0SFAoSCS0yU9x8ReSJEXJVhIODChaNGhQKEgmD3n3VjE_kiREsosqTmEsIoxoUChIJlx9Oj2NF5IkRNZt93RsocawiCg1K2uoYFURFbtU	41.804449	-71.41935959999999	41.804449	-71.41935959999999	Med	3239.6875292490176
2480	2014-09-04	250645	16:20:00	Other	NA	NA	FALSE	TRUE	1	BROAD ST	CLAVERICK ST	2014-09-04	One-Way Trafficway	Dry	Daylight	Clear	Rear End(Front-to-Rear)	Yes, M/V and Driver Left Scene	Other	3	0	No Injury	NA	41.81938	-71.41493	FALSE	FALSE	Broad Street and Claverick Street, Providence, RI, USA	FALSE	-71.413061	41.8182487	route	geometric_center	claverick st, providence, ri 02903, usa	Broad Street & Claverick Street, Providence, RI, USA	EjRCcm9hZCBTdHJlZXQgJiBDbGF2ZXJpY2sgU3RyZWV0LCBQcm92aWRlbmNlLCBSSSwgVVNBImYiZAoUChIJN-H52GxF5IkR-aG6rjTYAMMSFAoSCTfh-dhsReSJEfmhuq402ADDGhQKEgmD3n3VjE_kiREsosqTmEsIoxoUChIJCd0jlGxF5IkRCow_XvXZa3YiCg2rIO0YFTrwbtU	41.8193579	-71.41498299999999	41.8193579	-71.41498299999999	Med	5.038390015580217
2481	2014-09-04	250649	16:42:00	Bicycle	NA	1	FALSE	FALSE	1	100 Atwells Ave	EXIT 21  (RT )	2014-09-04	Two-Way , Not Divided	Dry	Daylight	Clear	Not a Collision Between Two Motor Vehicles in Transport	No	No Controls	2	0	No Injury	2	41.82319	-71.42117	TRUE	FALSE	100 Atwells Ave, Providence, RI, USA	FALSE	-71.4212593	41.82277130000001	premise	rooftop	the sister dominica manor, 100 atwells ave, providence, ri 02903, usa	NA	NA	NA	NA	41.82277130000001	-71.4212593	High	47.19450306271714
2482	2014-09-04	250651	16:20:00	Bicycle	NA	1	FALSE	FALSE	1	SMITH ST	CHALKSTONE AVE	2014-09-04	Two-Way , Not Divided	Dry	Daylight	Clear	Angle (Front - to - Side) Right Angle (Includes Broadside)	Yes, M/V and Driver Left Scene	No Controls	1	1	Non-Incapacitating	NA	41.83521	-71.42564	FALSE	FALSE	Smith Street and Chalkstone Ave, Providence, RI, USA	FALSE	-71.4256425	41.83522139999999	intersection	geometric_center	chalkstone ave & smith st, providence, ri 02908, usa	NA	NA	NA	NA	41.83522139999999	-71.4256425	Med High	1.2858703336635338
2483	2014-09-04	250668	17:26:00	Bicycle	NA	1	FALSE	FALSE	1	Broad St	PENNSYLVANIA AVE	2014-09-04	One-Way Trafficway	Dry	Daylight	Clear	Not a Collision Between Two Motor Vehicles in Transport	No	No Controls	2	0	No Injury	1	41.79744	-71.41373	FALSE	FALSE	Broad Street and Pennsylvania Ave, Providence, RI, USA	FALSE	-71.4127049	41.7976553	route	geometric_center	pennsylvania ave, providence, ri 02905, usa	Broad Street & Pennsylvania Ave, Providence, RI, USA	EjRCcm9hZCBTdHJlZXQgJiBQZW5uc3lsdmFuaWEgQXZlLCBQcm92aWRlbmNlLCBSSSwgVVNBImYiZAoUChIJH-USE4lP5IkR2eJtH_oD4z4SFAoSCR_lEhOJT-SJEdnibR_6A-M-GhQKEgmD3n3VjE_kiREsosqTmEsIoxoUChIJS6ioe4lP5IkRAMg8vWOnWooiCg1YyekYFXUhb9U	41.7974616	-71.4137227	41.7974616	-71.4137227	Med	2.479646207552514
2484	2014-09-02	250389	11:01:00	Pedestrian	1	NA	FALSE	FALSE	1	CORLISS ST	INDUSTRIAL DR	2014-09-02	Unknown	Dry	Daylight	Clear	Other	No	No Controls	3	1	Complains Of Pain	NA	41.84147	-71.41231	FALSE	FALSE	Corliss Street and Industrial Dr, Providence, RI, USA	FALSE	-71.4124894	41.8411709	intersection	geometric_center	corliss st & industrial dr, providence, ri 02904, usa	NA	NA	NA	NA	41.8411709	-71.4124894	Med High	36.468594836272075
2485	2014-08-31	250177	01:37:00	Pedestrian	1	NA	FALSE	FALSE	1	331 Douglas Ave	Pumgansett Ave	2014-08-31	Two-Way , Not Divided	Dry	Dark - Lighted	Clear	Not a Collision Between Two Motor Vehicles in Transport	Yes, M/V and Driver Left Scene	No Controls	2	1	Fatal	NA	41.83987	-71.42639	TRUE	FALSE	331 Douglas Ave, Providence, RI, USA	FALSE	-71.42601909999999	41.8397509	street_address	rooftop	331 douglas ave, providence, ri 02908, usa	NA	NA	NA	NA	41.8397509	-71.42601909999999	High	33.49596474491479