row_number	crash_date	crash_report_id	crash_time	collision_type	count_pedestrian	count_bicycle	scooter	wheel_chair	number_of_vehicles	street_or_highway	nearest_intersection	report_date	type_of_roadway	road_surface_condition	light_condition	weather_condition	manner_of_impact	hit_and_run	traffic_control	person_count	injury_count	most_serious_injury	number_of_lanes	lat_raw	lon_raw	has_st_number	is_intersection_null	address_sent_to_geocoder	is_address_blank	lon_api_first_try	lat_api_first_try	type	loctype	address_returned_by_geocoder	address_returned_by_autocomplete	place_ids_autocompleted	lat_api_second_try	lon_api_second_try	lat_api_best	lon_api_best	api_coord_conf	distance_btwn_coords_meters
2883	2013-04-15	175845	17:40:00	Pedestrian	1	NA	FALSE	FALSE	1	RAYMOND STREET	CHALKSTONE AVENUE	2013-04-15	Two-Way , Not Divided	Dry	Daylight	Clear	Not a Collision Between Two Motor Vehicles in Transport	No	Traffic Control Signal	2	1	Non-Incapacitating	2	41.82609	-71.42328	FALSE	FALSE	Raymond Street and Chalkstone Avenue, Providence, RI, USA	FALSE	-71.4417437	41.8322912	route	geometric_center	chalkstone ave, providence, ri, usa	Raymond Street & Chalkstone Avenue, Providence, RI, USA	EjdSYXltb25kIFN0cmVldCAmIENoYWxrc3RvbmUgQXZlbnVlLCBQcm92aWRlbmNlLCBSSSwgVVNBImYiZAoUChIJp43aKKhF5IkRAO9FcVWHqsQSFAoSCaeN2iioReSJEQDvRXFVh6rEGhQKEglNsK7xB0XkiRFE20j-Blhv0RoUChIJdzMxm69F5IkRFM5IhAG4zqsiCg2OZO8YFeqbbNU	41.834203	-71.4302486	41.834203	-71.4302486	Med	1072.270869118929
2884	2013-04-13	175482	23:49:00	Pedestrian	1	NA	FALSE	FALSE	1	North Main St	Rochambeau Ave	2013-04-14	Two-Way, Divided, Positive Median Barrier	Dry	Dark - Lighted	Clear	Not a Collision Between Two Motor Vehicles in Transport	No	Traffic Control Signal	3	1	Complains Of Pain	NA	41.84676	-71.40505	FALSE	FALSE	North Main Street and Rochambeau Ave, Providence, RI, USA	FALSE	-71.3960532	41.8469319	route	geometric_center	rochambeau ave, providence, ri 02906, usa	North Main Street & Rochambeau Ave, Providence, RI, USA	EjdOb3J0aCBNYWluIFN0cmVldCAmIFJvY2hhbWJlYXUgQXZlLCBQcm92aWRlbmNlLCBSSSwgVVNBImYiZAoUChIJT306T91E5IkR5SdPUPBjKeASFAoSCU99Ok_dROSJEeUnT1DwYyngGhQKEgn5-kE93kTkiRFf162-DVwjPxoUChIJB3KhN8VE5IkRtMSH0rd7SbEiCg0zT_EYFTBzcNU	41.8467635	-71.4050768	41.8467635	-71.4050768	Med	2.2562956900154227
2885	2013-04-10	175184	17:50:00	Pedestrian	1	NA	FALSE	FALSE	1	Thurbers Ave	Burnside Street	2013-04-10	Two-Way , Not Divided	Dry	Daylight	Clear	Other	No	Stop Signs	3	1	Complains Of Pain	NA	41.79916	-71.40973	FALSE	FALSE	Thurbers Ave and Burnside Street, Providence, RI, USA	FALSE	-71.4097938	41.7991557	intersection	geometric_center	thurbers ave & burnside st, providence, ri 02905, usa	NA	NA	NA	NA	41.7991557	-71.4097938	Med High	5.316170944967137
2886	2013-04-09	175052	19:44:00	Pedestrian	1	NA	FALSE	FALSE	1	195 Vinton St	NA	2013-04-09	Two-Way , Not Divided	Dry	Dark - Lighted	Clear	Not a Collision Between Two Motor Vehicles in Transport	No	No Controls	3	1	Complains Of Pain	NA	41.81884	-71.42692	TRUE	TRUE	195 Vinton Street, Providence, RI, USA	FALSE	-71.42706079999999	41.8187793	street_address	rooftop	195 vinton st, providence, ri 02909, usa	NA	NA	NA	NA	41.8187793	-71.42706079999999	High	13.494593784347446
2887	2013-04-08	174882	10:57:00	Pedestrian	1	NA	FALSE	FALSE	1	BLACKSTONE ST	EDDY ST	2013-04-08	Two-Way , Not Divided	Dry	Daylight	Clear	Not a Collision Between Two Motor Vehicles in Transport	No	No Controls	3	1	Complains Of Pain	NA	41.81012	-71.40729	FALSE	FALSE	Blackstone Street and Eddy Street, Providence, RI, USA	FALSE	-71.4072137	41.8101324	intersection	geometric_center	eddy st & blackstone st, providence, ri 02905, usa	NA	NA	NA	NA	41.8101324	-71.4072137	Med High	6.4795701845115365
2888	2013-04-08	174883	11:32:00	Pedestrian	1	NA	FALSE	FALSE	1	EMPIRE ST	WASHINGTON ST	2013-04-08	Two-Way , Not Divided	Dry	Daylight	Clear	Not a Collision Between Two Motor Vehicles in Transport	No	Traffic Control Signal	2	1	Complains Of Pain	NA	41.82189	-71.41654	FALSE	FALSE	Empire Street and Washington Street, Providence, RI, USA	FALSE	-71.4164189	41.82186009999999	intersection	geometric_center	empire st & washington st, providence, ri 02903, usa	NA	NA	NA	NA	41.82186009999999	-71.4164189	Med High	10.583204497580523
2889	2013-04-04	174825	20:44:00	Pedestrian	1	NA	FALSE	FALSE	1	Cranston St	Bridgham St	2013-04-07	Two-Way , Not Divided	Dry	Dark - Lighted	Clear	Not a Collision Between Two Motor Vehicles in Transport	No	Traffic Control Signal	2	1	Complains Of Pain	NA	41.81396	-71.42694	FALSE	FALSE	Cranston Street and Bridgham Street, Providence, RI, USA	FALSE	-71.426947	41.8139796	intersection	geometric_center	cranston st & bridgham st, providence, ri 02907, usa	NA	NA	NA	NA	41.8139796	-71.426947	Med High	2.2578356769984347
2890	2013-04-02	174274	00:08:00	Pedestrian	1	NA	FALSE	FALSE	1	Atwells Ave.	Harris Ave.	2013-04-02	Unknown	Dry	Dark - Lighted	Cloudy	Not a Collision Between Two Motor Vehicles in Transport	Yes, M/V and Driver Left Scene	No Controls	4	1	Complains Of Pain	NA	41.82444	-71.43527	FALSE	FALSE	Atwells Ave. and Harris Ave., Providence, RI, USA	FALSE	-71.4354014	41.8244572	intersection	geometric_center	atwells ave & harris ave, providence, ri 02909, usa	NA	NA	NA	NA	41.8244572	-71.4354014	Med High	11.0670874419792
2891	2013-04-01	174198	15:05:00	Bicycle	NA	1	FALSE	FALSE	1	TROY ST	WESTMINSTER ST	2013-04-01	Two-Way , Not Divided	Dry	Daylight	Clear	Not a Collision Between Two Motor Vehicles in Transport	No	No Controls	2	1	Complains Of Pain	4	41.81651	-71.44128	FALSE	FALSE	Troy Street and Westminster Street, Providence, RI, USA	FALSE	-71.4412978	41.8165238	intersection	geometric_center	troy st & westminster st, providence, ri 02909, usa	NA	NA	NA	NA	41.8165238	-71.4412978	Med High	2.1309125083961344
2892	2013-04-01	174266	14:49:00	Bicycle	NA	1	FALSE	FALSE	1	ATWELLS AVE	EAGLE ST	2013-04-01	Two-Way , Not Divided	Dry	Daylight	Clear	Not a Collision Between Two Motor Vehicles in Transport	No	No Controls	5	1	Complains Of Pain	NA	41.82443	-71.43514	FALSE	FALSE	Atwells Ave and Eagle Street, Providence, RI, USA	FALSE	-71.4354014	41.8244572	intersection	geometric_center	atwells ave & eagle st, providence, ri 02909, usa	NA	NA	NA	NA	41.8244572	-71.4354014	Med High	21.89464592454477
2893	2013-03-30	174016	15:34:00	Bicycle	NA	1	FALSE	FALSE	1	BROADWAY	VINTON ST	2013-03-30	Two-Way , Not Divided	Dry	Daylight	Clear	Not a Collision Between Two Motor Vehicles in Transport	No	No Controls	3	1	Complains Of Pain	NA	41.8201	-71.42807	FALSE	FALSE	Broadway and Vinton Street, Providence, RI, USA	FALSE	-71.4285663	41.8207514	route	geometric_center	vinton st, providence, ri, usa	Broadway & Vinton Street, Providence, RI, USA	Ei1Ccm9hZHdheSAmIFZpbnRvbiBTdHJlZXQsIFByb3ZpZGVuY2UsIFJJLCBVU0EiZiJkChQKEglF5rYLdUXkiRHipmasZ-JhnRIUChIJRea2C3VF5IkR4qZmrGfiYZ0aFAoSCaW15YZ1ReSJERrCM7HXpG-zGhQKEgnN2QdAdUXkiRHzHzv0hMO0lyIKDVg97RgVUexs1Q	41.820092	-71.4281903	41.820092	-71.4281903	Med	10.019740340890731
2894	2013-03-30	174102	19:19:00	Bicycle	NA	1	FALSE	FALSE	1	RESERVOIR AVE	NARRAGANSETT AVE	2013-03-31	Two-Way, Divided, Unprotected (painted>4feet) Medium	Dry	Daylight	Clear	Not a Collision Between Two Motor Vehicles in Transport	No	Traffic Control Signal	3	1	Complains Of Pain	NA	41.79444	-71.42665	FALSE	FALSE	Reservoir Ave and Narragansett Ave, Providence, RI, USA	FALSE	-71.42687269999999	41.7938003	intersection	geometric_center	reservoir ave & narragansett ave, providence, ri 02907, usa	NA	NA	NA	NA	41.7938003	-71.42687269999999	Med High	73.57055877373219
2895	2013-03-27	173746	16:33:00	Pedestrian	1	NA	FALSE	FALSE	1	GENEVA ST	CHALKSTONE AVE	2013-03-27	Two-Way , Not Divided	Dry	Daylight	Clear	Not a Collision Between Two Motor Vehicles in Transport	Yes, M/V and Driver Left Scene	No Controls	2	1	Complains Of Pain	2	41.83227	-71.44094	FALSE	FALSE	Geneva Street and Chalkstone Ave, Providence, RI, USA	FALSE	-71.4409323	41.832278	intersection	geometric_center	chalkstone ave & geneva st, providence, ri 02908, usa	NA	NA	NA	NA	41.832278	-71.4409323	Med High	1.0958967419588865
2896	2013-03-26	173580	15:19:00	Bicycle	NA	1	FALSE	FALSE	1	HOPE ST	POWER ST	2013-03-26	Two-Way , Not Divided	Dry	Daylight	Clear	Angle (Front - to - Side) Right Angle (Includes Broadside)	No	Stop Signs	2	1	Incapacitating	NA	41.82318	-71.39702	FALSE	FALSE	Hope Street and Power Street, Providence, RI, USA	FALSE	-71.3970049	41.82320250000001	intersection	geometric_center	hope st & power st, providence, ri 02912, usa	NA	NA	NA	NA	41.82320250000001	-71.3970049	Med High	2.80045701277693
2897	2013-03-20	172941	18:08:00	Pedestrian	1	NA	FALSE	FALSE	1	BRANCH AVE	VANDEWATER ST	2013-03-20	Two-Way , Not Divided	Dry	Daylight	Clear	Other	No	No Controls	3	1	Complains Of Pain	NA	41.85366	-71.42879	FALSE	FALSE	Branch Ave and Vandewater Street, Providence, RI, USA	FALSE	-71.428823	41.8536926	intersection	geometric_center	vandewater st & branch ave, providence, ri 02904, usa	NA	NA	NA	NA	41.8536926	-71.428823	Med High	4.544973022407288
2898	2013-03-19	172874	16:19:00	Pedestrian	1	NA	FALSE	FALSE	1	PINE ST	RICHMOND ST	2013-03-19	Two-Way , Not Divided	Wet	Daylight	Cloudy	Not a Collision Between Two Motor Vehicles in Transport	Yes, M/V and Driver Left Scene	Stop Signs	2	0	No Injury	2	41.8206	-71.41181	FALSE	FALSE	Pine Street and Richmond Street, Providence, RI, USA	FALSE	-71.4088649	41.8188298	route	geometric_center	richmond st, providence, ri, usa	Pine Street & Richmond Street, Providence, RI, USA	EjJQaW5lIFN0cmVldCAmIFJpY2htb25kIFN0cmVldCwgUHJvdmlkZW5jZSwgUkksIFVTQSJmImQKFAoSCbP-c6EUReSJEYeVs9Zva_4EEhQKEgmz_nOhFEXkiRGHlbPWb2v-BBoUChIJOZMJU2xF5IkRoCks8G_vwjwaFAoSCbFeXiRrReSJEfWPLeMumlQUIgoNzlHtGBWXa2_V	41.8206158	-71.4118249	41.8206158	-71.4118249	Med	2.1497613895092273
2899	2013-03-17	172586	20:48:00	Pedestrian	1	NA	FALSE	FALSE	1	EXCHANGE TER	EXCHANGE ST	2013-03-17	One-Way Trafficway	Dry	Dark - Lighted	Clear	Not a Collision Between Two Motor Vehicles in Transport	Yes, M/V and Driver Left Scene	No Controls	1	1	Non-Incapacitating	2	41.82502	-71.41483	FALSE	FALSE	Exchange Ter and Exchange Street, Providence, RI, USA	FALSE	-71.41480469999999	41.8250247	intersection	geometric_center	exchange terrace & w exchange st, providence, ri 02903, usa	NA	NA	NA	NA	41.8250247	-71.41480469999999	Med High	2.1629587937638286
2900	2013-03-15	172288	19:54:00	Pedestrian	1	NA	FALSE	FALSE	1	THAYER ST	WATERMAN ST	2013-03-15	One-Way Trafficway	Dry	Dark - Lighted	Clear	Head-On (Front - to - Front)	No	No Controls	2	1	Complains Of Pain	NA	41.82729	-71.40054	FALSE	FALSE	Thayer Street and Waterman Street, Providence, RI, USA	FALSE	-71.4005559	41.8272892	intersection	geometric_center	thayer st & waterman st, providence, ri 02906, usa	NA	NA	NA	NA	41.8272892	-71.4005559	Med High	1.3219186601731197
2901	2013-03-09	171639	16:42:00	Pedestrian	1	NA	FALSE	FALSE	1	MOOREFIELD ST	POCASSET AVE	2013-03-09	Two-Way, Divided, Positive Median Barrier	Dry	Daylight	Clear	Other	No	No Controls	2	1	Complains Of Pain	NA	41.80693	-71.45674	FALSE	FALSE	Moorefield Street and Pocasset Ave, Providence, RI, USA	FALSE	-71.45673219999999	41.80695009999999	intersection	geometric_center	pocasset ave & moorefield st, providence, ri 02909, usa	NA	NA	NA	NA	41.80695009999999	-71.45673219999999	Med High	2.3292484531410573
2902	2013-03-09	172151	13:34:00	Pedestrian	1	NA	FALSE	FALSE	1	WESTMINSTER ST	EMPIRE ST	2013-03-09	Two-Way , Not Divided	Dry	Daylight	Clear	Not a Collision Between Two Motor Vehicles in Transport	No	Traffic Control Signal	4	1	Complains Of Pain	NA	41.82097	-71.41532	FALSE	FALSE	Westminster Street and Empire Street, Providence, RI, USA	FALSE	-71.41532459999999	41.82098879999999	intersection	geometric_center	empire st & westminster st, providence, ri 02903, usa	NA	NA	NA	NA	41.82098879999999	-71.41532459999999	Med High	2.1273141314465227
2903	2013-03-08	171586	21:45:00	Pedestrian	1	NA	FALSE	FALSE	1	WATERMAN ST	BROWN ST	2013-03-08	One-Way Trafficway	Ice/Frost	Dark - Lighted	Clear	Other	No	Stop Signs	8	1	Complains Of Pain	NA	41.82705	-71.40304	FALSE	FALSE	Waterman Street and Brown Street, Providence, RI, USA	FALSE	-71.4030136	41.8270531	intersection	geometric_center	brown st & waterman st, providence, ri 02912, usa	NA	NA	NA	NA	41.8270531	-71.4030136	Med High	2.2169288909598475
2904	2013-03-07	171499	14:48:00	Pedestrian	1	NA	FALSE	FALSE	1	244 CHAD BROWN ST	NA	2013-03-07	Two-Way , Not Divided	Wet	Daylight	Blowing Snow	Not a Collision Between Two Motor Vehicles in Transport	No	No Controls	2	1	Complains Of Pain	2	41.84049	-71.42394	TRUE	TRUE	244 Chad Brown Street, Providence, RI, USA	FALSE	-71.4241153	41.8405725	premise	rooftop	244 chad brown st, providence, ri 02908, usa	NA	NA	NA	NA	41.8405725	-71.4241153	High	17.19603860527374
2905	2013-03-07	171584	09:19:00	Pedestrian	1	NA	FALSE	FALSE	1	FOUNTAIN ST	FOUNTAIN ST	2013-03-07	One-Way Trafficway	Snow	Daylight	Snow	Not a Collision Between Two Motor Vehicles in Transport	No	Traffic Control Signal	3	1	Complains Of Pain	NA	41.82327	-71.41613	FALSE	FALSE	Fountain Street and Fountain Street, Providence, RI, USA	FALSE	-71.4161507	41.8232429	route	geometric_center	fountain st, providence, ri, usa	NA	NA	NA	NA	41.8232429	-71.4161507	Med	3.4712477008871936
2906	2013-03-06	171350	18:12:00	Pedestrian	1	NA	FALSE	FALSE	1	82 SMITH ST	NA	2013-03-06	Two-Way , Not Divided	Wet	Dark - Lighted	Rain	Other	No	No Controls	4	1	Complains Of Pain	4	41.83159	-71.41353	TRUE	TRUE	82 Smith Street, Providence, RI, USA	FALSE	-71.414976	41.8310054	subpremise	rooftop	82 smith st, providence, ri 02903, usa	NA	NA	NA	NA	41.8310054	-71.414976	High	136.45681658328553
2907	2013-03-06	171368	19:32:00	Pedestrian	1	NA	FALSE	FALSE	1	Washington St.	Exchange St.	2013-03-06	One-Way Trafficway	Wet	Dark - Lighted	Rain	Not a Collision Between Two Motor Vehicles in Transport	No	Traffic Control Signal	8	1	Complains Of Pain	2	41.82564	-71.41112	FALSE	FALSE	Washington St. and Exchange St., Providence, RI, USA	FALSE	-71.4118704	41.8265115	route	geometric_center	exchange st, providence, ri 02903, usa	Washington St & Exchange St, Providence, RI, USA	EjBXYXNoaW5ndG9uIFN0ICYgRXhjaGFuZ2UgU3QsIFByb3ZpZGVuY2UsIFJJLCBVU0EiZiJkChQKEgl_Eq7GFkXkiRFuTEBUOY40ohIUChIJfxKuxhZF5IkRbkxAVDmONKIaFAoSCanazZwSReSJERoH0JajEjT2GhQKEgnRUp_XFkXkiREXSs7Pp9GNDiIKDWcZ7hgVVYpv1Q	41.8257255	-71.4110379	41.8257255	-71.4110379	Med	11.703446137456828
2908	2013-03-02	170906	20:05:00	Bicycle	NA	1	FALSE	FALSE	1	BRANCH AVE	LANGDON ST	2013-03-03	Two-Way , Not Divided	Dry	Dark - Lighted	Clear	Not a Collision Between Two Motor Vehicles in Transport	No	Stop Signs	3	1	Complains Of Pain	NA	41.85221	-71.42447	FALSE	FALSE	Branch Ave and Langdon Street, Providence, RI, USA	FALSE	-71.4244214	41.8521995	intersection	geometric_center	langdon st & branch ave, providence, ri 02904, usa	NA	NA	NA	NA	41.8521995	-71.4244214	Med High	4.195923389373712
2909	2013-03-01	170751	07:30:00	Pedestrian	2	NA	FALSE	FALSE	1	PETTEYS AVE	GLENBRIDGE AVE	2013-03-01	Two-Way , Not Divided	Dry	Daylight	Clear	Head-On (Front - to - Front)	No	Traffic Control Signal	5	2	Complains Of Pain	NA	41.81891	-71.46165	FALSE	FALSE	Petteys Ave and Glenbridge Ave, Providence, RI, USA	FALSE	-71.46158179999999	41.8190078	intersection	geometric_center	glenbridge ave & petteys ave, providence, ri 02909, usa	NA	NA	NA	NA	41.8190078	-71.46158179999999	Med High	12.269491080199153
2910	2013-03-01	170770	12:40:00	Bicycle	NA	1	FALSE	FALSE	1	WASHINGTON ST	CLEMENCE ST	2013-03-01	Two-Way , Not Divided	Dry	Daylight	Clear	Sideswipe, Same Direction	No	No Controls	3	1	Complains Of Pain	NA	41.82332	-71.4144	FALSE	FALSE	Washington Street and Clemence Street, Providence, RI, USA	FALSE	-71.4143636	41.82333490000001	intersection	geometric_center	clemence st & washington st, providence, ri 02903, usa	NA	NA	NA	NA	41.82333490000001	-71.4143636	Med High	3.4451535975125127
2911	2013-03-01	171050	07:44:00	Pedestrian	1	NA	FALSE	FALSE	1	CHARLES ST	CHARLES ST	2013-03-04	Two-Way , Not Divided	Dry	Daylight	Clear	Other	No	No Controls	2	1	Complains Of Pain	NA	41.84834	-71.41968	FALSE	FALSE	Charles Street and Charles Street, Providence, RI, USA	FALSE	-71.419539	41.8474982	route	geometric_center	charles st, providence, ri, usa	NA	NA	NA	NA	41.8474982	-71.419539	Med	94.43536724012009
2912	2013-02-28	170600	06:57:00	Bicycle	NA	1	FALSE	FALSE	1	EDDY STREET	RHODES STREET	2013-02-28	Two-Way , Not Divided	Wet	Daylight	Clear	Other	No	No Controls	2	1	Non-Incapacitating	2	41.82672	-71.41981	FALSE	FALSE	Eddy Street and Rhodes Street, Providence, RI, USA	FALSE	-71.4072355	41.808252	intersection	geometric_center	rhodes st & eddy st, providence, ri 02905, usa	NA	NA	NA	NA	41.808252	-71.4072355	Med High	2305.3906803148107
2913	2013-02-26	170368	18:58:00	Pedestrian	1	NA	FALSE	FALSE	1	ALLENS AVE	EDDY ST	2013-02-26	Two-Way, Divided, Positive Median Barrier	Dry	Dark - Not Lighted	Clear	Head-On (Front - to - Front)	No	No Controls	3	1	Non-Incapacitating	4	41.81505	-71.4066	FALSE	FALSE	Allens Ave and Eddy Street, Providence, RI, USA	FALSE	-71.4067286	41.8149779	intersection	geometric_center	allens ave & eddy st, providence, ri 02903, usa	NA	NA	NA	NA	41.8149779	-71.4067286	Med High	13.35129496566734
2914	2013-02-25	170251	18:55:00	Pedestrian	1	NA	FALSE	FALSE	1	165 Pitman St	BUTLER AVE	2013-02-25	Two-Way , Not Divided	Dry	Dark - Lighted	Clear	Not a Collision Between Two Motor Vehicles in Transport	No	No Controls	2	1	Complains Of Pain	NA	41.8268	-71.38605	TRUE	FALSE	165 Pitman Street, Providence, RI, USA	FALSE	-71.386453	41.825466	street_address	rooftop	165 pitman st, providence, ri 02906, usa	NA	NA	NA	NA	41.825466	-71.386453	High	152.21647665594972
2915	2013-02-25	170287	12:50:00	Pedestrian	1	NA	FALSE	FALSE	1	601 N MAIN ST	N MAIN ST	2013-02-26	Two-Way, Divided, Unprotected (painted>4feet) Medium	Dry	Daylight	Clear	Other	No	No Controls	3	1	Complains Of Pain	NA	41.83706	-71.40951	TRUE	FALSE	601 N Main Street, Providence, RI, USA	FALSE	-71.40832139999999	41.83723930000001	subpremise	rooftop	601 n main st, providence, ri 02904, usa	NA	NA	NA	NA	41.83723930000001	-71.40832139999999	High	100.58029094576108
2916	2013-02-24	170159	16:22:00	Bicycle	NA	1	FALSE	FALSE	1	College St	BENEFIT ST	2013-02-24	Two-Way , Not Divided	Wet	Daylight	Rain	Unknown	No	Stop Signs	2	1	Complains Of Pain	2	41.82599	-71.40684	FALSE	FALSE	College Street and Benefit Street, Providence, RI, USA	FALSE	-71.4068354	41.8260134	route	geometric_center	benefit st, providence, ri, usa	College Street & Benefit Street, Providence, RI, USA	EjRDb2xsZWdlIFN0cmVldCAmIEJlbmVmaXQgU3RyZWV0LCBQcm92aWRlbmNlLCBSSSwgVVNBImYiZAoUChIJT1PH0hdF5IkRsjAAs9BpeJgSFAoSCU9Tx9IXReSJEbIwALPQaXiYGhQKEgnR5cstFkXkiRH1TvxbNfBkPhoUChIJedk4CD1F5IkRxfbmqgrCUioiCg2mJO4YFX4ucNU	41.8260134	-71.40683539999999	41.8260134	-71.40683539999999	Med	2.6326760639090367
2917	2013-02-24	170166	18:43:00	Bicycle	NA	1	FALSE	FALSE	1	BRANCH AVE	CHARLES ST	2013-02-24	Two-Way , Not Divided	Wet	Dark - Lighted	Rain	Not a Collision Between Two Motor Vehicles in Transport	No	Traffic Control Signal	3	1	Complains Of Pain	2	41.85021	-71.41986	FALSE	FALSE	Branch Ave and Charles Street, Providence, RI, USA	FALSE	-71.419991	41.8503047	intersection	geometric_center	charles st & branch ave, providence, ri 02904, usa	NA	NA	NA	NA	41.8503047	-71.419991	Med High	15.13703125545928
2918	2013-02-23	170086	10:59:00	Pedestrian	1	NA	FALSE	FALSE	1	1070 HOPE STREET	BLACKSTONE BLVD	2013-02-23	Two-Way , Not Divided	Dry	Daylight	Clear	Other	No	No Controls	3	1	Non-Incapacitating	2	41.83349	-71.41682	TRUE	FALSE	1070 Hope Street, Providence, RI, USA	FALSE	-71.3915134	41.8564793	street_address	rooftop	1070 hope st, providence, ri 02906, usa	NA	NA	NA	NA	41.8564793	-71.3915134	High	3309.605146359273
2919	2013-02-23	170141	02:45:00	Pedestrian	1	NA	FALSE	FALSE	1	UNION ST	WASHINGTON ST	2013-02-24	Two-Way , Not Divided	Dry	Dark - Lighted	Clear	Not a Collision Between Two Motor Vehicles in Transport	Yes, M/V and Driver Left Scene	No Controls	1	1	Complains Of Pain	NA	41.82364	-71.41405	FALSE	FALSE	Union Street and Washington Street, Providence, RI, USA	FALSE	-71.4128343	41.8239891	locality	approximate	providence, ri, usa	Union Street & Washington Street, Providence, RI, USA	EjVVbmlvbiBTdHJlZXQgJiBXYXNoaW5ndG9uIFN0cmVldCwgUHJvdmlkZW5jZSwgUkksIFVTQSJmImQKFAoSCXvJS8cTReSJEcVp0B49EFpXEhQKEgl7yUvHE0XkiRHFadAePRBaVxoUChIJc0CzlRNF5IkRkkTXyjBrnRAaFAoSCanazZwSReSJERoH0JajEjT2IgoN_cbtGBWuFm_V	41.8236157	-71.4139986	41.8236157	-71.4139986	Med	5.049582008569426
2920	2013-02-23	170280	13:53:00	Other	NA	NA	FALSE	TRUE	1	WESTMINSTER ST	EMPIRE ST	2013-02-26	Two-Way , Not Divided	Dry	Daylight	Cloudy	Not a Collision Between Two Motor Vehicles in Transport	No	Traffic Control Signal	4	1	Non-Incapacitating	NA	41.82097	-71.41532	FALSE	FALSE	Westminster Street and Empire Street, Providence, RI, USA	FALSE	-71.41532459999999	41.82098879999999	intersection	geometric_center	empire st & westminster st, providence, ri 02903, usa	NA	NA	NA	NA	41.82098879999999	-71.41532459999999	Med High	2.1273141314465227
2921	2013-02-22	170973	14:30:00	Pedestrian	1	NA	FALSE	FALSE	1	N MAIN ST	N MAIN ST	2013-03-04	Two-Way , Not Divided	Dry	Daylight	Clear	Other	Yes, M/V and Driver Left Scene	Stop Signs	1	1	Complains Of Pain	NA	41.83646	-71.40963	FALSE	FALSE	N Main Street and N Main Street, Providence, RI, USA	FALSE	-71.2873641	41.7371398	route	geometric_center	n main st, rhode island, usa	North Main Street & South Main Street, Providence, RI, USA	EjpOb3J0aCBNYWluIFN0cmVldCAmIFNvdXRoIE1haW4gU3RyZWV0LCBQcm92aWRlbmNlLCBSSSwgVVNBImYiZAoUChIJD1urSRZF5IkRzGbOghZosXsSFAoSCQ9bq0kWReSJEcxmzoIWaLF7GhQKEgn5-kE93kTkiRFf162-DVwjPxoUChIJxfz7Uz5F5IkRx3FZv-YChPQiCg2TF-4YFdUHcNU	41.8256787	-71.4078251	41.8256787	-71.4078251	Med	1209.470105978319
2922	2013-02-16	169020	01:55:00	Pedestrian	1	NA	FALSE	FALSE	1	ABORN ST	WASHINGTON ST	2013-02-16	One-Way Trafficway	Snow	Dark - Lighted	Cloudy	Rear End(Front-to-Rear)	No	No Controls	3	1	Complains Of Pain	NA	41.82185	-71.41544	FALSE	FALSE	Aborn Street and Washington Street, Providence, RI, USA	FALSE	-71.4159277	41.8222378	intersection	geometric_center	aborn st & washington st, providence, ri 02903, usa	NA	NA	NA	NA	41.8222378	-71.4159277	Med High	59.165032306343484
2923	2013-02-16	169206	13:50:00	Pedestrian	1	NA	FALSE	FALSE	1	99 KENNEDY PLAZA	NA	2013-02-17	One-Way Trafficway	Wet	Daylight	Snow	Other	No	No Controls	4	1	Complains Of Pain	1	41.82602	-71.41884	TRUE	TRUE	99 Kennedy Plaza, Providence, RI, USA	FALSE	-71.4123453	41.8244292	premise	rooftop	99 kennedy plaza, providence, ri 02903, usa	NA	NA	NA	NA	41.8244292	-71.4123453	High	567.1145844301053
2924	2013-02-15	169019	22:58:00	Bicycle	NA	1	FALSE	FALSE	1	Washington Street	MATHEWSON ST	2013-02-15	Two-Way , Not Divided	Wet	Dark - Lighted	Clear	Not a Collision Between Two Motor Vehicles in Transport	Yes, M/V and Driver Left Scene	Traffic Control Signal	1	1	Complains Of Pain	NA	41.82305	-71.4148	FALSE	FALSE	Washington Street and Mathewson Street, Providence, RI, USA	FALSE	-71.4147864	41.8230454	intersection	geometric_center	mathewson st & washington st, providence, ri 02903, usa	NA	NA	NA	NA	41.8230454	-71.4147864	Med High	1.2389749585803869
2925	2013-02-13	168711	16:42:00	Bicycle	NA	1	FALSE	FALSE	1	W RIVER ST	BRANCH AVE	2013-02-13	Two-Way , Not Divided	Wet	Daylight	Clear	Not a Collision Between Two Motor Vehicles in Transport	No	Pavement Markings	2	1	Complains Of Pain	2	41.84688	-71.4127	FALSE	FALSE	W River Street and Branch Ave, Providence, RI, USA	FALSE	-71.4126689	41.8468987	intersection	geometric_center	w river st & branch ave, providence, ri 02904, usa	NA	NA	NA	NA	41.8468987	-71.4126689	Med High	3.3142847744608974
2926	2013-02-12	168576	13:45:00	Pedestrian	1	NA	FALSE	FALSE	1	HAYES ST	Providence Place	2013-02-12	One-Way Trafficway	Wet	Dark - Lighted	Clear	Other	Yes, M/V and Driver Left Scene	No Controls	3	1	Complains Of Pain	1	41.82932	-71.41733	FALSE	FALSE	Hayes Street and Providence Place, Providence, RI, USA	FALSE	-71.4218026	41.8284801	route	geometric_center	providence pl, providence, ri 02903, usa	NA	NA	NA	NA	41.8284801	-71.4218026	Med	382.595879278482