row_number	crash_date	crash_report_id	crash_time	collision_type	count_pedestrian	count_bicycle	scooter	wheel_chair	number_of_vehicles	street_or_highway	nearest_intersection	report_date	type_of_roadway	road_surface_condition	light_condition	weather_condition	manner_of_impact	hit_and_run	traffic_control	person_count	injury_count	most_serious_injury	number_of_lanes	lat_raw	lon_raw	has_st_number	is_intersection_null	address_sent_to_geocoder	is_address_blank	lon_api_first_try	lat_api_first_try	type	loctype	address_returned_by_geocoder	address_returned_by_autocomplete	place_ids_autocompleted	lat_api_second_try	lon_api_second_try	lat_api_best	lon_api_best	api_coord_conf	distance_btwn_coords_meters
3101	2012-07-20	138398	12:23:00	Pedestrian	1	NA	FALSE	FALSE	1	622 ELMWOOD AVE	ELMWOOD AVE	2012-07-20	Two-Way, Divided, Positive Median Barrier	Wet	Daylight	Cloudy	Other	Yes, M/V and Driver Left Scene	No Controls	2	0	No Injury	4	41.81023	-71.42382	TRUE	FALSE	622 Elmwood Ave, Providence, RI, USA	FALSE	-71.4243352	41.7951421	premise	rooftop	622 elmwood ave, providence, ri 02907, usa	NA	NA	NA	NA	41.7951421	-71.4243352	High	1680.1213774718256
3102	2012-07-19	138370	22:26:00	Bicycle	NA	1	FALSE	FALSE	1	KILLINGLY ST	HARTFORD AVE	2012-07-19	Two-Way , Not Divided	Dry	Dark - Lighted	Clear	Angle (Front - to - Side) Opposite Direction	No	Traffic Control Signal	4	1	Non-Incapacitating	NA	41.81998	-71.46893	FALSE	FALSE	Killingly Street and Hartford Ave, Providence, RI, USA	FALSE	-71.46893519999999	41.8200273	intersection	geometric_center	killingly st & hartford ave, providence, ri 02909, usa	NA	NA	NA	NA	41.8200273	-71.46893519999999	Med High	5.283054242032729
3103	2012-07-18	138164	11:44:00	Bicycle	NA	1	FALSE	FALSE	1	POINT ST	EDDY ST	2012-07-18	Two-Way, Divided, Positive Median Barrier	Dry	Daylight	Clear	Angle (Front - to - Side) Right Angle (Includes Broadside)	No	Traffic Control Signal	7	1	Incapacitating	4	41.81687	-71.40648	FALSE	FALSE	Point Street and Eddy Street, Providence, RI, USA	FALSE	-71.4064202	41.816823	intersection	geometric_center	point st & eddy st, providence, ri 02903, usa	NA	NA	NA	NA	41.816823	-71.4064202	Med High	7.210275860185515
3104	2012-07-17	138035	14:33:00	Pedestrian	1	NA	FALSE	FALSE	1	WHITEHALL ST	21-23 WHITEHALL ST	2012-07-17	Two-Way , Not Divided	Dry	Daylight	Clear	Head-On (Front - to - Front)	No	No Controls	4	1	Complains Of Pain	NA	41.81222	-71.446	FALSE	FALSE	Whitehall Street and 21-23 Whitehall Street, Providence, RI, USA	FALSE	-71.44614589999999	41.8122287	premise	rooftop	21 whitehall st, providence, ri 02909, usa	NA	NA	NA	NA	41.8122287	-71.44614589999999	Med High	12.14402817013792
3105	2012-07-16	137891	15:12:00	Bicycle	NA	1	FALSE	FALSE	1	MANTON AVE	ORTOLEVA DR	2012-07-16	Two-Way , Not Divided	Dry	Daylight	Clear	Not a Collision Between Two Motor Vehicles in Transport	No	Traffic Control Signal	2	0	No Injury	2	41.82589	-71.45777	FALSE	FALSE	Manton Ave and Ortoleva Dr, Providence, RI, USA	FALSE	-71.457764	41.825893	intersection	geometric_center	ortoleva dr & manton ave, providence, ri 02909, usa	NA	NA	NA	NA	41.825893	-71.457764	Med High	0.5993732621272978
3106	2012-07-14	137724	21:19:00	Bicycle	NA	1	FALSE	FALSE	1	HOPE ST	GLENDALE AVE	2012-07-14	Two-Way , Not Divided	Sand	Dark - Lighted	Clear	Not a Collision Between Two Motor Vehicles in Transport	No	No Controls	2	1	Non-Incapacitating	NA	41.84739	-71.39582	FALSE	FALSE	Hope Street and Glendale Ave, Providence, RI, USA	FALSE	-71.3958007	41.8474356	intersection	geometric_center	hope st & glendale ave, providence, ri 02906, usa	NA	NA	NA	NA	41.8474356	-71.3958007	Med High	5.322491125994351
3107	2012-07-13	137573	08:33:00	Pedestrian	1	NA	FALSE	FALSE	1	DORRANCE STREET	WEYBOSSET STREET	2012-07-13	Two-Way , Not Divided	Dry	Daylight	Clear	Other	No	Traffic Control Signal	4	1	Complains Of Pain	2	41.82241	-71.41013	FALSE	FALSE	Dorrance Street and Weybosset Street, Providence, RI, USA	FALSE	-71.4109933	41.8230796	intersection	geometric_center	weybosset st & dorrance st, providence, ri 02903, usa	NA	NA	NA	NA	41.8230796	-71.4109933	Med High	103.36850900599174
3108	2012-07-13	137628	17:07:00	Pedestrian	1	NA	TRUE	FALSE	1	JEWETT ST	CALAIS ST	2012-07-13	Two-Way , Not Divided	Dry	Daylight	Clear	Other	No	No Controls	2	1	Complains Of Pain	NA	41.83224	-71.42005	FALSE	FALSE	Jewett Street and Calais Street, Providence, RI, USA	FALSE	-71.420219	41.83231	intersection	geometric_center	jewett st & calais st, providence, ri 02908, usa	NA	NA	NA	NA	41.83231	-71.420219	Med High	16.03786776358843
3109	2012-07-09	137117	16:44:00	Bicycle	NA	1	FALSE	FALSE	1	ALLSTON ST	RIVER AVE	2012-07-09	Two-Way , Not Divided	Dry	Daylight	Clear	Angle (Front - to - Side) Right Angle (Includes Broadside)	No	Stop Signs	3	1	Complains Of Pain	NA	41.8298	-71.43651	FALSE	FALSE	Allston Street and River Ave, Providence, RI, USA	FALSE	-71.4365037	41.8298009	intersection	geometric_center	river ave & allston st, providence, ri 02908, usa	NA	NA	NA	NA	41.8298009	-71.4365037	Med High	0.5320860308076583
3110	2012-07-09	137136	17:04:00	Pedestrian	1	NA	FALSE	FALSE	1	Hannah st	AMSTERDAM ST	2012-07-09	Two-Way , Not Divided	Dry	Daylight	Clear	Not a Collision Between Two Motor Vehicles in Transport	Yes, M/V and Driver Left Scene	No Controls	1	1	Complains Of Pain	2	41.82435	-71.4487	FALSE	FALSE	Hannah Street and Amsterdam Street, Providence, RI, USA	FALSE	-71.44873969999999	41.8243733	intersection	geometric_center	amsterdam st & hannah st, providence, ri 02909, usa	NA	NA	NA	NA	41.8243733	-71.44873969999999	Med High	4.192049541613285
3111	2012-07-09	137173	22:24:00	Pedestrian	1	NA	FALSE	FALSE	1	KINSLEY AVE	PARK ST	2012-07-09	One-Way Trafficway	Dry	Dark - Lighted	Clear	Not a Collision Between Two Motor Vehicles in Transport	No	No Controls	4	1	Complains Of Pain	NA	41.82754	-71.41768	FALSE	FALSE	Kinsley Ave and Park Street, Providence, RI, USA	FALSE	-71.4294878	41.8282653	route	geometric_center	kinsley ave, providence, ri, usa	NA	NA	NA	NA	41.8282653	-71.4294878	Med	982.7776248573047
3112	2012-07-08	137099	16:37:00	Pedestrian	1	NA	FALSE	FALSE	1	BANCROFT ST	KELLEY ST	2012-07-09	Unknown	Dry	Daylight	Clear	Not a Collision Between Two Motor Vehicles in Transport	Yes, M/V and Driver Left Scene	No Controls	1	1	Complains Of Pain	NA	41.81299	-71.44798	FALSE	FALSE	Bancroft Street and Kelley Street, Providence, RI, USA	FALSE	-71.4480739	41.8130759	intersection	geometric_center	bancroft st & kelly st, providence, ri 02909, usa	NA	NA	NA	NA	41.8130759	-71.4480739	Med High	12.334302213213277
3113	2012-07-07	137554	12:10:00	Pedestrian	1	NA	FALSE	FALSE	1	PLAINFIELD ST	DUXBURY ST	2012-07-13	Two-Way, Divided, Positive Median Barrier	Dry	Daylight	Clear	Not a Collision Between Two Motor Vehicles in Transport	No	Stop Signs	2	1	Complains Of Pain	NA	41.81067	-71.46221	FALSE	FALSE	Plainfield Street and Duxbury Street, Providence, RI, USA	FALSE	-71.461586	41.8121529	intersection	geometric_center	duxbury st & plainfield st, providence, ri 02909, usa	NA	NA	NA	NA	41.8121529	-71.461586	Med High	173.0044211202979
3114	2012-07-04	136616	12:32:00	Bicycle	NA	1	FALSE	FALSE	1	MOUNT PLEASANT AVENUE	CHALKSTONE AVENUE	2012-07-04	Two-Way , Not Divided	Dry	Daylight	Clear	Angle (Front - to - Side) Right Angle (Includes Broadside)	No	Traffic Control Signal	3	1	Complains Of Pain	2	41.81499	-71.37472	FALSE	FALSE	Mount Pleasant Avenue and Chalkstone Avenue, Providence, RI, USA	FALSE	-71.4497544	41.83271	intersection	geometric_center	mt pleasant ave & chalkstone ave, providence, ri 02908, usa	NA	NA	NA	NA	41.83271	-71.4497544	Med High	6529.572449518888
3115	2012-07-01	136694	11:06:00	Bicycle	NA	1	FALSE	FALSE	1	ACADEMY AVE	NEWARK ST	2012-07-05	Two-Way , Not Divided	Dry	Daylight	Clear	Not a Collision Between Two Motor Vehicles in Transport	No	Stop Signs	2	1	Complains Of Pain	2	41.82544	-71.4434	FALSE	FALSE	Academy Ave and Newark Street, Providence, RI, USA	FALSE	-71.4434441	41.8254949	intersection	geometric_center	academy ave & newark st, providence, ri 02908, usa	NA	NA	NA	NA	41.8254949	-71.4434441	Med High	7.122663328511238
3116	2012-06-30	136225	00:40:00	Bicycle	NA	1	FALSE	FALSE	1	SACRAMENTO ST	GLENBRIDGE AVE	2012-06-30	Two-Way , Not Divided	Dry	Dark - Lighted	Clear	Not a Collision Between Two Motor Vehicles in Transport	Yes, M/V and Driver Left Scene	No Controls	1	1	Complains Of Pain	NA	41.82402	-71.45977	FALSE	FALSE	Sacramento Street and Glenbridge Ave, Providence, RI, USA	FALSE	-71.4597442	41.8240288	intersection	geometric_center	glenbridge ave & sacramento st, providence, ri 02909, usa	NA	NA	NA	NA	41.8240288	-71.4597442	Med High	2.3537734663654044
3117	2012-06-29	136370	21:46:00	Bicycle	NA	1	FALSE	FALSE	1	Knight St	WASHINGTON ST	2012-07-01	Two-Way , Not Divided	Dry	Dark - Lighted	Clear	Angle (Front - to - Side) Right Angle (Includes Broadside)	Yes, M/V and Driver Left Scene	No Controls	2	0	No Injury	2	41.81775	-71.42688	FALSE	FALSE	Knight Street and Washington Street, Providence, RI, USA	FALSE	-71.4269011	41.8177945	intersection	geometric_center	knight st & washington st, providence, ri 02903, usa	NA	NA	NA	NA	41.8177945	-71.4269011	Med High	5.2539159246065115
3118	2012-06-29	136409	16:25:00	Pedestrian	1	NA	FALSE	FALSE	1	F C GREENE MEMORIAL BLVD	MARION AVE	2012-07-01	Two-Way , Not Divided	Dry	Daylight	Clear	Unknown	Yes, M/V and Driver Left Scene	No Controls	1	0	No Injury	NA	41.78669	-71.40754	FALSE	FALSE	F C Greene Memorial Blvd and Marion Ave, Providence, RI, USA	FALSE	-71.4066801	41.7866427	intersection	geometric_center	f c greene memorial blvd & marion ave n, providence, ri 02905, usa	NA	NA	NA	NA	41.7866427	-71.4066801	Med High	71.5684702892361
3119	2012-06-28	135994	12:32:00	Bicycle	NA	1	FALSE	FALSE	1	CHALKSTONE AVE	FALLON AVE	2012-06-28	Two-Way , Not Divided	Dry	Daylight	Clear	Rear End(Front-to-Rear)	No	No Controls	4	1	Non-Incapacitating	2	41.83234	-71.44337	FALSE	FALSE	Chalkstone Ave and Fallon Ave, Providence, RI, USA	FALSE	-71.443344	41.832336	intersection	geometric_center	fallon ave & chalkstone ave, providence, ri 02908, usa	NA	NA	NA	NA	41.832336	-71.443344	Med High	2.20203716889431
3120	2012-06-26	135791	10:41:00	Bicycle	NA	1	FALSE	FALSE	1	WASHINGTON ST	CLEMENCE ST	2012-06-26	Two-Way , Not Divided	Dry	Daylight	Clear	Other	No	No Controls	4	1	Complains Of Pain	2	41.82334	-71.41438	FALSE	FALSE	Washington Street and Clemence Street, Providence, RI, USA	FALSE	-71.4143636	41.82333490000001	intersection	geometric_center	clemence st & washington st, providence, ri 02903, usa	NA	NA	NA	NA	41.82333490000001	-71.4143636	Med High	1.474180560385538
3121	2012-06-26	135826	15:27:00	Bicycle	NA	1	FALSE	FALSE	1	MEMORIAL BLVD	STEEPLE ST	2012-06-26	One-Way Trafficway	Dry	Daylight	Clear	Angle - Direction Not Specified	No	Traffic Control Signal	4	1	Complains Of Pain	2	41.82677	-71.41063	FALSE	FALSE	Memorial Blvd and Steeple Street, Providence, RI, USA	FALSE	-71.409299	41.8273889	route	geometric_center	steeple st, providence, ri 02903, usa	NA	NA	NA	NA	41.8273889	-71.409299	Med	130.14017905182072
3122	2012-06-26	135827	15:49:00	Bicycle	NA	1	FALSE	FALSE	1	Eddy St.	NA	2012-06-26	Two-Way , Not Divided	Dry	Daylight	Clear	Angle (Front - to - Side) Right Angle (Includes Broadside)	No	No Controls	2	0	No Injury	NA	41.83148	-71.41133	FALSE	TRUE	Eddy St., Providence, RI, USA	FALSE	-71.4072274	41.8059506	route	geometric_center	eddy st, providence, ri, usa	NA	NA	NA	NA	41.8059506	-71.4072274	Inaccurate	2862.2285730320523
3123	2012-06-24	135526	10:47:00	Pedestrian	2	NA	FALSE	TRUE	1	PLAINFIELD ST	744 PLAINFIELD ST - INDOORS	2012-06-24	Unknown	Dry	Daylight	Clear	Rear End(Front-to-Rear)	No	No Controls	3	1	Complains Of Pain	NA	41.81043	-71.4623	FALSE	FALSE	Plainfield Street and 744 Plainfield St - Indoors, Providence, RI, USA	FALSE	-71.4620989	41.8103262	street_address	range_interpolated	744 plainfield st, providence, ri 02909, usa	NA	NA	NA	NA	41.8103262	-71.4620989	Med High	20.29612129471713
3124	2012-06-24	135562	19:10:00	Bicycle	NA	1	FALSE	FALSE	1	PROMENADE ST	DEAN ST	2012-06-24	One-Way Trafficway	Dry	Daylight	Clear	Not a Collision Between Two Motor Vehicles in Transport	No	Yield Signs	7	0	No Injury	NA	41.82941	-71.42624	FALSE	FALSE	Promenade Street and Dean Street, Providence, RI, USA	FALSE	-71.4267356	41.8292571	intersection	geometric_center	promenade st & dean st, providence, ri 02908, usa	NA	NA	NA	NA	41.8292571	-71.4267356	Med High	44.49335485706682
3125	2012-06-24	135839	18:26:00	Bicycle	NA	1	FALSE	FALSE	1	Gallup Street	BROAD ST	2012-06-26	Two-Way , Not Divided	Dry	Daylight	Clear	Angle (Front - to - Side) Right Angle (Includes Broadside)	No	Stop Signs	2	1	Complains Of Pain	NA	41.79932	-71.41591	FALSE	FALSE	Gallup Street and Broad Street, Providence, RI, USA	FALSE	-71.4160215	41.7993131	intersection	geometric_center	gallup st & broad st, providence, ri 02907, usa	NA	NA	NA	NA	41.7993131	-71.4160215	Med High	9.284864502100955
3126	2012-06-23	135423	11:25:00	Bicycle	NA	1	FALSE	FALSE	1	ATWELLS AVE	CUTLER ST	2012-06-23	Two-Way , Not Divided	Dry	Daylight	Clear	Angle (Front - to - Side) Same Direction	No	No Controls	3	1	Complains Of Pain	NA	41.82468	-71.44157	FALSE	FALSE	Atwells Ave and Cutler Street, Providence, RI, USA	FALSE	-71.4415532	41.82469529999999	intersection	geometric_center	cutler st & atwells ave, providence, ri 02908, usa	NA	NA	NA	NA	41.82469529999999	-71.4415532	Med High	2.200692679519113
3127	2012-06-23	135438	19:08:00	Bicycle	NA	1	FALSE	FALSE	1	Morning Star Row	PINE ST	2012-06-23	Unknown	Dry	Daylight	Clear	Angle (Front - to - Side) Right Angle (Includes Broadside)	No	No Controls	7	1	Complains Of Pain	NA	41.81157	-71.42005	FALSE	FALSE	Morning Star Row and Pine Street, Providence, RI, USA	FALSE	-71.3928774	41.8805987	route	geometric_center	pine st, rhode island, usa	Morning Star Row & Pine Street, Providence, RI, USA	EjNNb3JuaW5nIFN0YXIgUm93ICYgUGluZSBTdHJlZXQsIFByb3ZpZGVuY2UsIFJJLCBVU0EiZiJkChQKEgljNAF6cEXkiRGW9V-M-JbGFxIUChIJYzQBenBF5IkRlvVfjPiWxhcaFAoSCeuMmnZwReSJETo9KRpMvvkjGhQKEgk5kwlTbEXkiRGgKSzwb-_CPCIKDeT16xgVWCBu1Q	41.8117092	-71.4203048	41.8117092	-71.4203048	Med	26.211781865594872
3128	2012-06-20	135039	11:18:00	Bicycle	NA	1	FALSE	FALSE	1	HUNTINGTON AVENUE	PLYMOUTH AVENUE	2012-06-20	Two-Way , Not Divided	Dry	Daylight	Clear	Angle (Front - to - Side) Right Angle (Includes Broadside)	No	Stop Signs	3	1	Complains Of Pain	4	41.83763	-71.43363	FALSE	FALSE	Huntington Avenue and Plymouth Avenue, Providence, RI, USA	FALSE	-71.432198	41.801147	intersection	geometric_center	plymouth st & huntington ave, providence, ri 02907, usa	NA	NA	NA	NA	41.801147	-71.432198	Med High	4063.006176239555
3129	2012-06-20	135784	10:14:00	Bicycle	NA	1	FALSE	FALSE	1	1229 WESTMINSTER ST	HAMMOND ST	2012-06-26	Two-Way , Not Divided	Dry	Daylight	Clear	Angle (Front - to - Side) Right Angle (Includes Broadside)	No	No Controls	2	1	Complains Of Pain	2	41.81683	-71.42915	TRUE	FALSE	1229 Westminster Street, Providence, RI, USA	FALSE	-71.4296581	41.8172325	premise	rooftop	1229 westminster st, providence, ri 02909, usa	NA	NA	NA	NA	41.8172325	-71.4296581	High	61.51865095902397
3130	2012-06-19	134928	11:22:00	Pedestrian	1	NA	FALSE	FALSE	1	WESTERLY AVE	POCASSET AVE	2012-06-19	Two-Way , Not Divided	Dry	Daylight	Clear	Other	Yes, M/V and Driver Left Scene	No Controls	1	1	Complains Of Pain	NA	41.80883	-71.45525	FALSE	FALSE	Westerly Ave and Pocasset Ave, Providence, RI, USA	FALSE	-71.4554139	41.808838	intersection	geometric_center	pocasset ave & westerly ave, providence, ri 02909, usa	NA	NA	NA	NA	41.808838	-71.4554139	Med High	13.628659166001054
3131	2012-06-18	134787	20:00:00	Bicycle	NA	1	FALSE	FALSE	1	Westminster St	Library Ct	2012-06-18	Two-Way, Divided, Unprotected (painted>4feet) Medium	Dry	Daylight	Clear	Angle (Front - to - Side) Right Angle (Includes Broadside)	No	Traffic Control Signal	3	1	Complains Of Pain	NA	41.81675	-71.44355	FALSE	FALSE	Westminster Street and Library Ct, Providence, RI, USA	FALSE	-71.4434849	41.8167835	intersection	geometric_center	library ct & westminster st, providence, ri 02909, usa	NA	NA	NA	NA	41.8167835	-71.4434849	Med High	6.563344427834119
3132	2012-06-18	134819	19:54:00	Pedestrian	1	NA	FALSE	FALSE	1	F C GREENE MEMORIAL BLVD	F C GREENE MEMORIAL BLVD	2012-06-18	Two-Way , Not Divided	Dry	Daylight	Clear	Not a Collision Between Two Motor Vehicles in Transport	No	No Controls	4	1	Complains Of Pain	NA	41.77944	-71.41418	FALSE	FALSE	F C Greene Memorial Blvd and F C Greene Memorial Blvd, Providence, RI, USA	FALSE	-71.41420579999999	41.7885473	intersection	geometric_center	green memorial blvd & f c greene memorial blvd, providence, ri 02907, usa	NA	NA	NA	NA	41.7885473	-71.41420579999999	Med High	1013.822260408337
3133	2012-06-17	134482	00:50:00	Bicycle	NA	1	FALSE	FALSE	1	POTTERS AVE	HAMILTON ST	2012-06-17	Two-Way , Not Divided	Dry	Dark - Lighted	Clear	Not a Collision Between Two Motor Vehicles in Transport	Yes, M/V and Driver Left Scene	No Controls	3	1	Complains Of Pain	NA	41.80188	-71.42265	FALSE	FALSE	Potters Ave and Hamilton Street, Providence, RI, USA	FALSE	-71.4226249	41.8019071	intersection	geometric_center	potters ave & hamilton st, providence, ri 02907, usa	NA	NA	NA	NA	41.8019071	-71.4226249	Med High	3.66595818519462
3134	2012-06-17	134523	11:00:00	Bicycle	NA	1	FALSE	FALSE	1	ELMWOOD AVE	WEST FRIENDSHIP STREET	2012-06-17	Two-Way , Not Divided	Dry	Daylight	Clear	Angle (Front - to - Side) Right Angle (Includes Broadside)	No	Traffic Control Signal	4	1	Complains Of Pain	NA	41.80983	-71.42409	FALSE	FALSE	Elmwood Ave and West Friendship Street, Providence, RI, USA	FALSE	-71.42407299999999	41.80989	intersection	geometric_center	w friendship st & elmwood ave, providence, ri 02907, usa	NA	NA	NA	NA	41.80989	-71.42407299999999	Med High	6.826488254482856
3135	2012-06-16	134686	21:24:00	Pedestrian	1	NA	FALSE	FALSE	1	DORRANCE STREET	PINE ST	2012-06-17	Unknown	Dry	Daylight	Clear	Not a Collision Between Two Motor Vehicles in Transport	No	No Controls	8	1	Complains Of Pain	NA	41.82252	-71.41028	FALSE	FALSE	Dorrance Street and Pine Street, Providence, RI, USA	FALSE	-71.4100874	41.822464	intersection	geometric_center	pine st & dorrance st, providence, ri 02903, usa	NA	NA	NA	NA	41.822464	-71.4100874	Med High	17.15056041202724
3136	2012-06-14	134257	14:24:00	Pedestrian	1	NA	FALSE	FALSE	1	KENNEDY PLZ	DORRANCE ST	2012-06-14	One-Way Trafficway	Dry	Daylight	Clear	Not a Collision Between Two Motor Vehicles in Transport	No	No Controls	4	1	Complains Of Pain	NA	41.82437	-71.41206	FALSE	FALSE	Kennedy Plz and Dorrance Street, Providence, RI, USA	FALSE	-71.4123255	41.8241358	intersection	geometric_center	kennedy plaza & dorrance st, providence, ri 02903, usa	NA	NA	NA	NA	41.8241358	-71.4123255	Med High	34.12879272278184
3137	2012-06-13	134209	16:11:00	Pedestrian	1	NA	FALSE	FALSE	1	Chalkstone Avenue	Fallon Street	2012-06-13	Two-Way , Not Divided	Wet	Daylight	Rain	Angle (Front - to - Side) Right Angle (Includes Broadside)	No	No Controls	3	1	Complains Of Pain	2	41.81512	-71.43972	FALSE	FALSE	Chalkstone Avenue and Fallon Street, Providence, RI, USA	FALSE	-71.443344	41.832336	intersection	geometric_center	fallon ave & chalkstone ave, providence, ri 02908, usa	NA	NA	NA	NA	41.832336	-71.443344	Med High	1939.9123576404131
3138	2012-06-11	133806	15:02:00	Bicycle	NA	1	FALSE	FALSE	1	ELMWOOD AVE	WHITMARSH ST	2012-06-11	Two-Way , Not Divided	Dry	Daylight	Cloudy	Not a Collision Between Two Motor Vehicles in Transport	No	No Controls	2	1	Complains Of Pain	NA	41.80604	-71.42504	FALSE	FALSE	Elmwood Ave and Whitmarsh Street, Providence, RI, USA	FALSE	-71.42507549999999	41.8059678	intersection	geometric_center	elmwood ave & whitmarsh st, providence, ri 02907, usa	NA	NA	NA	NA	41.8059678	-71.42507549999999	Med High	8.560080245660313
3139	2012-06-11	133820	15:26:00	Pedestrian	1	NA	FALSE	FALSE	1	NEWARK ST	VALLEY ST	2012-06-11	Two-Way , Not Divided	Dry	Daylight	Clear	Head-On (Front - to - Front)	No	Stop Signs	3	1	Complains Of Pain	NA	41.82521	-71.43931	FALSE	FALSE	Newark Street and Valley Street, Providence, RI, USA	FALSE	-71.4393041	41.8252323	intersection	geometric_center	valley st & newark st, providence, ri 02908, usa	NA	NA	NA	NA	41.8252323	-71.4393041	Med High	2.5302111883028298
3140	2012-06-10	133549	08:16:00	Bicycle	NA	1	FALSE	FALSE	1	LESTER ST	GILMORE ST	2012-06-10	Two-Way , Not Divided	Dry	Daylight	Clear	Angle (Front - to - Side) Right Angle (Includes Broadside)	No	Stop Signs	3	0	No Injury	NA	41.81312	-71.42722	FALSE	FALSE	Lester Street and Gilmore Street, Providence, RI, USA	FALSE	-71.4272253	41.813146	intersection	geometric_center	gilmore st & lester st, providence, ri 02907, usa	NA	NA	NA	NA	41.813146	-71.4272253	Med High	2.927520984011363
3141	2012-06-09	133748	23:23:00	Pedestrian	1	NA	FALSE	FALSE	1	SASSAFRAS ST	SAVINGS ST	2012-06-11	Two-Way , Not Divided	Dry	Dark - Unknown Lighting	Clear	Not a Collision Between Two Motor Vehicles in Transport	No	No Controls	3	1	Complains Of Pain	NA	41.7939	-71.41379	FALSE	FALSE	Sassafras Street and Savings Street, Providence, RI, USA	FALSE	-71.412939	41.7942395	intersection	geometric_center	sassafras st & savings st, providence, ri 02907, usa	NA	NA	NA	NA	41.7942395	-71.412939	Med High	80.10349717568745
3142	2012-06-06	133931	12:23:00	Pedestrian	1	NA	FALSE	FALSE	1	PUTNAM ST	AMHERST ST	2012-06-06	Two-Way , Not Divided	Dry	Daylight	Cloudy	Angle (Front - to - Side) Right Angle (Includes Broadside)	No	Stop Signs	3	1	Complains Of Pain	NA	41.82338	-71.44394	FALSE	FALSE	Putnam Street and Amherst Street, Providence, RI, USA	FALSE	-71.443939	41.823383	intersection	geometric_center	amherst st & putnam st, providence, ri 02909, usa	NA	NA	NA	NA	41.823383	-71.443939	Med High	0.3441074152023779
3143	2012-06-05	133026	17:41:00	Pedestrian	1	NA	FALSE	FALSE	1	711 Broad Street	BROAD ST	2012-06-05	Unknown	Dry	Daylight	Cloudy	Unknown	No	No Controls	4	1	Complains Of Pain	NA	41.80483	-71.4195	TRUE	FALSE	711 Broad Street, Providence, RI, USA	FALSE	-71.41986829999999	41.8046069	premise	rooftop	711 broad st, providence, ri 02907, usa	NA	NA	NA	NA	41.8046069	-71.41986829999999	High	39.38021183816869
3144	2012-06-05	133049	16:42:00	Pedestrian	1	NA	FALSE	FALSE	1	DOUGLAS AVE	DOUGLAS AVE	2012-06-05	Two-Way , Not Divided	Dry	Daylight	Clear	Unknown	No	No Controls	2	0	No Injury	NA	41.84663	-71.42969	FALSE	FALSE	Douglas Ave and Douglas Ave, Providence, RI, USA	FALSE	-71.4649957	41.8715442	intersection	geometric_center	douglas turnpike & douglas ave, north providence, ri 02904, usa	NA	NA	NA	NA	41.8715442	-71.4649957	Med High	4032.4070524592867
3145	2012-06-03	132814	03:02:00	Pedestrian	1	NA	FALSE	FALSE	1	SERVICE ROAD 7	BROAD ST.	2012-06-03	One-Way Trafficway	Dry	Dark - Lighted	Clear	Not a Collision Between Two Motor Vehicles in Transport	No	Traffic Control Signal	5	1	Incapacitating	2	41.81736	-71.41696	FALSE	FALSE	Service Road 7 and Broad St., Providence, RI, USA	FALSE	-71.4169529	41.8173732	intersection	geometric_center	service rd 1 & broad st, providence, ri 02903, usa	NA	NA	NA	NA	41.8173732	-71.4169529	Med High	1.583084453358004
3146	2012-06-03	132866	17:20:00	Bicycle	NA	1	FALSE	FALSE	1	Manton Ave	Riverdale St	2012-06-03	Two-Way , Not Divided	Dry	Daylight	Clear	Not a Collision Between Two Motor Vehicles in Transport	No	No Controls	7	1	Incapacitating	2	41.82628	-71.45977	FALSE	FALSE	Manton Ave and Riverdale Street, Providence, RI, USA	FALSE	-71.4597663	41.8262878	intersection	geometric_center	riverdale st & manton ave, providence, ri 02909, usa	NA	NA	NA	NA	41.8262878	-71.4597663	Med High	0.9209409974743761
3147	2012-06-03	132868	18:41:00	Pedestrian	1	NA	FALSE	FALSE	1	PLAINFIELD ST	DUXBURY ST	2012-06-03	Two-Way, Divided, Positive Median Barrier	Dry	Daylight	Clear	Other	No	No Controls	2	1	Complains Of Pain	NA	41.81216	-71.46155	FALSE	FALSE	Plainfield Street and Duxbury Street, Providence, RI, USA	FALSE	-71.461586	41.8121529	intersection	geometric_center	duxbury st & plainfield st, providence, ri 02909, usa	NA	NA	NA	NA	41.8121529	-71.461586	Med High	3.089729775403169
3148	2012-06-03	132877	16:31:00	Pedestrian	1	NA	FALSE	FALSE	1	SORRENTO ST	LINWOOD AVENUE	2012-06-03	Two-Way , Not Divided	Dry	Daylight	Clear	Not a Collision Between Two Motor Vehicles in Transport	No	No Controls	4	1	Complains Of Pain	2	41.80829	-71.437	FALSE	FALSE	Sorrento Street and Linwood Avenue, Providence, RI, USA	FALSE	-71.4373713	41.807869	intersection	geometric_center	sorrento st & linwood ave, providence, ri 02909, usa	NA	NA	NA	NA	41.807869	-71.4373713	Med High	56.08528324130365