row_number	crash_date	crash_report_id	crash_time	collision_type	count_pedestrian	count_bicycle	scooter	wheel_chair	number_of_vehicles	street_or_highway	nearest_intersection	report_date	type_of_roadway	road_surface_condition	light_condition	weather_condition	manner_of_impact	hit_and_run	traffic_control	person_count	injury_count	most_serious_injury	number_of_lanes	lat_raw	lon_raw	has_st_number	is_intersection_null	address_sent_to_geocoder	is_address_blank	lon_api_first_try	lat_api_first_try	type	loctype	address_returned_by_geocoder	address_returned_by_autocomplete	place_ids_autocompleted	lat_api_second_try	lon_api_second_try	lat_api_best	lon_api_best	api_coord_conf	distance_btwn_coords_meters
3828	2009-10-15	18516	07:33:00	Pedestrian	1	NA	FALSE	FALSE	1	Kinsley Street	Bath Street	2009-10-16	Unknown	Dry	Daylight	Clear	Sideswipe, Same Direction	Yes, M/V and Driver Left Scene	No Controls	1	1	Non-Incapacitating	2	NA	NA	FALSE	FALSE	Kinsley Street and Bath Street, Providence, RI, USA	FALSE	-71.4247945	41.8321741	route	geometric_center	bath st, providence, ri 02908, usa	NA	NA	NA	NA	41.8321741	-71.4247945	Med	NA
3829	2009-10-13	18442	17:59:00	Bicycle	NA	1	FALSE	FALSE	1	Academy Ave.	Justice St.	2009-10-13	Two-Way , Not Divided	Wet	Dark - Not Lighted	Rain	Angle (Front - to - Side) Opposite Direction	No	No Controls	4	1	Complains Of Pain	2	NA	NA	FALSE	FALSE	Academy Ave. and Justice St., Providence, RI, USA	FALSE	-71.4444706	41.8348554	intersection	geometric_center	justice st & academy ave, providence, ri 02908, usa	NA	NA	NA	NA	41.8348554	-71.4444706	Med High	NA
3830	2009-10-11	18392	11:20:00	Pedestrian	1	NA	FALSE	FALSE	1	Battle St.	Potters Ave.	2009-10-11	Two-Way , Not Divided	Dry	Daylight	Clear	Other	Yes, M/V and Driver Left Scene	No Controls	2	1	Complains Of Pain	2	NA	NA	FALSE	FALSE	Battle St. and Potters Ave., Providence, RI, USA	FALSE	-71.4218273	41.8021016	route	geometric_center	potters ave, providence, ri, usa	NA	NA	NA	NA	41.8021016	-71.4218273	Med	NA
3831	2009-10-10	18355	00:58:00	Pedestrian	1	NA	FALSE	FALSE	1	292   Atwells ave	NA	2009-10-10	Two-Way , Not Divided	Wet	Dark - Lighted	Rain	Head-On (Front - to - Front)	No	No Controls	10	1	Non-Incapacitating	NA	NA	NA	TRUE	TRUE	292   Atwells Ave, Providence, RI, USA	FALSE	-71.4276404	41.8235214	premise	rooftop	292 atwells ave, providence, ri 02903, usa	NA	NA	NA	NA	41.8235214	-71.4276404	High	NA
3832	2009-10-10	18358	02:52:00	Pedestrian	2	NA	FALSE	FALSE	1	Chestnut St.	NA	2009-10-10	Two-Way , Not Divided	Wet	Dark - Lighted	Rain	Head-On (Front - to - Front)	Yes, M/V and Driver Left Scene	No Controls	2	0	Unknown	NA	NA	NA	FALSE	TRUE	Chestnut St., Providence, RI, USA	FALSE	-71.4108086	41.818517	route	geometric_center	chestnut st, providence, ri, usa	NA	NA	NA	NA	41.818517	-71.4108086	Inaccurate	NA
3833	2009-10-10	18368	02:52:00	Bicycle	NA	1	FALSE	FALSE	1	1 POCASSET	PLAINFILED ST	2009-10-10	Two-Way , Not Divided	Dry	Daylight	Clear	Angle (Front - to - Side) Right Angle (Includes Broadside)	No	Pavement Markings	3	1	Complains Of Pain	2	NA	NA	TRUE	FALSE	1 Pocasset, Providence, RI, USA	FALSE	-71.4487862	41.813372	premise	rooftop	1 pocasset ave, providence, ri 02909, usa	NA	NA	NA	NA	41.813372	-71.4487862	High	NA
3834	2009-10-10	18375	11:11:00	Bicycle	NA	1	FALSE	FALSE	1	Canal street	Troop alley	2009-10-10	One-Way Trafficway	Dry	Daylight	Clear	Sideswipe, Same Direction	No	No Controls	3	1	Complains Of Pain	3	NA	NA	FALSE	FALSE	Canal Street and Troop Alley, Providence, RI, USA	FALSE	-71.4099419	41.8280191	route	geometric_center	throop alley, providence, ri 02903, usa	Canal Street & Throop Alley, Providence, RI, USA	EjBDYW5hbCBTdHJlZXQgJiBUaHJvb3AgQWxsZXksIFByb3ZpZGVuY2UsIFJJLCBVU0EiZiJkChQKEgnbvqdrF0XkiRHIOfgXYQEDKBIUChIJ276naxdF5IkRyDn4F2EBAygaFAoSCcvUmNAZReSJEftrQiUQSQCyGhQKEgmthBtuF0XkiRH7B6ZhHTgK2CIKDcBu7hgVK6Nv1Q	41.8279104	-71.4104021	41.8279104	-71.4104021	Med	NA
3835	2009-10-10	18383	19:58:00	Pedestrian	1	NA	FALSE	FALSE	1	NARRAGANSETT BLVD.	OHIO AVE.	2009-10-11	Two-Way , Not Divided	Dry	Dark - Lighted	Clear	Head-On (Front - to - Front)	Yes, M/V and Driver Left Scene	No Controls	6	1	Incapacitating	2	NA	NA	FALSE	FALSE	Narragansett Blvd. and Ohio Ave., Providence, RI, USA	FALSE	-71.39628739999999	41.7898851	intersection	geometric_center	ohio ave & narragansett blvd, providence, ri 02905, usa	NA	NA	NA	NA	41.7898851	-71.39628739999999	Med High	NA
3836	2009-10-08	18317	18:02:00	Pedestrian	1	NA	FALSE	FALSE	1	Westminster St	Manton Ave	2009-10-08	Two-Way, Divided, Unprotected (painted>4feet) Medium	Dry	Daylight	Clear	Sideswipe, Same Direction	No	Traffic Control Signal	2	1	Non-Incapacitating	4	NA	NA	FALSE	FALSE	Westminster Street and Manton Ave, Providence, RI, USA	FALSE	-71.4570108	41.8257711	route	geometric_center	manton ave, providence, ri 02909, usa	NA	NA	NA	NA	41.8257711	-71.4570108	Med	NA
3837	2009-10-07	18292	01:00:00	Pedestrian	1	NA	FALSE	FALSE	1	Waterman Street	NA	2009-10-07	Unknown	Dry	Daylight	Clear	Other	No	Other	2	0	No Injury	NA	NA	NA	FALSE	TRUE	Waterman Street, Providence, RI, USA	FALSE	-71.394672	41.8276277	route	geometric_center	waterman st, providence, ri, usa	NA	NA	NA	NA	41.8276277	-71.394672	Inaccurate	NA
3838	2009-10-05	18245	15:17:00	Bicycle	NA	1	FALSE	FALSE	1	BROADWAY	PALLAS ST	2009-10-05	Two-Way , Not Divided	Dry	Daylight	Clear	Angle (Front - to - Side) Opposite Direction	No	No Controls	3	1	Complains Of Pain	4	NA	NA	FALSE	FALSE	Broadway and Pallas Street, Providence, RI, USA	FALSE	-71.4241878	41.8210241	route	geometric_center	pallas st, providence, ri 02903, usa	Broadway & Pallas Street, Providence, RI, USA	Ei1Ccm9hZHdheSAmIFBhbGxhcyBTdHJlZXQsIFByb3ZpZGVuY2UsIFJJLCBVU0EiZiJkChQKEgmHxSymdEXkiREQXD4QUdjDQBIUChIJh8UspnRF5IkREFw-EFHYw0AaFAoSCaW15YZ1ReSJERrCM7HXpG-zGhQKEgnhh0CndEXkiREnzKLNo1qN9CIKDcFh7RgVqoht1Q	41.8210241	-71.4241878	41.8210241	-71.4241878	Med	NA
3839	2009-10-05	18253	09:49:00	Bicycle	NA	1	FALSE	FALSE	1	BRANCH AVENUE	NA	2009-10-05	Two-Way , Not Divided	Dry	Daylight	Clear	Other	No	Traffic Control Signal	2	0	No Injury	NA	NA	NA	FALSE	TRUE	Branch Avenue, Providence, RI, USA	FALSE	-71.4228521	41.8515249	route	geometric_center	branch ave, providence, ri 02904, usa	NA	NA	NA	NA	41.8515249	-71.4228521	Inaccurate	NA
3840	2009-10-02	18177	13:00:00	Pedestrian	1	NA	FALSE	FALSE	1	MEMORIAL BLVD.	COLLEGE ST.	2009-10-02	Two-Way , Not Divided	Dry	Daylight	Clear	Other	No	Traffic Control Signal	2	1	Complains Of Pain	2	NA	NA	FALSE	FALSE	Memorial Blvd. and College St., Providence, RI, USA	FALSE	-71.4088081	41.8253077	intersection	geometric_center	memorial blvd & college st, providence, ri 02903, usa	NA	NA	NA	NA	41.8253077	-71.4088081	Med High	NA
3841	2009-10-01	18162	18:46:00	Pedestrian	1	NA	FALSE	FALSE	1	Cranston street	Waverly street	2009-10-01	Two-Way , Not Divided	Dry	Dark - Lighted	Clear	Other	Unknown	No Controls	2	1	Complains Of Pain	NA	NA	NA	FALSE	FALSE	Cranston Street and Waverly Street, Providence, RI, USA	FALSE	-71.43456739999999	41.8083361	intersection	geometric_center	cranston st & waverly st, providence, ri 02907, usa	NA	NA	NA	NA	41.8083361	-71.43456739999999	Med High	NA
3842	2009-10-01	18164	22:56:00	Pedestrian	1	NA	FALSE	FALSE	1	PLEASANT VALLEY PARKWAY	PROMENADE ST	2009-10-02	Two-Way, Divided, Positive Median Barrier	Dry	Dark - Not Lighted	Clear	Angle - Direction Not Specified	Yes, M/V and Driver Left Scene	Traffic Control Signal	3	1	Non-Incapacitating	4	NA	NA	FALSE	FALSE	Pleasant Valley Parkway and Promenade Street, Providence, RI, USA	FALSE	-71.4267356	41.8292571	intersection	geometric_center	promenade st & pleasant valley pkwy, providence, ri 02908, usa	NA	NA	NA	NA	41.8292571	-71.4267356	Med High	NA
3843	2009-09-30	18142	17:30:00	Bicycle	NA	1	FALSE	FALSE	1	Adelaide Avenue	Hamilton Street	2009-09-30	Two-Way , Not Divided	Dry	Daylight	Clear	Other	No	Stop Signs	3	1	Non-Incapacitating	2	NA	NA	FALSE	FALSE	Adelaide Avenue and Hamilton Street, Providence, RI, USA	FALSE	-71.4201379	41.7973969	intersection	geometric_center	adelaide ave & hamilton st, providence, ri 02907, usa	NA	NA	NA	NA	41.7973969	-71.4201379	Med High	NA
3844	2009-09-30	18185	16:20:00	Pedestrian	1	NA	FALSE	FALSE	1	CRANSTON STREET	BELLEVUE AVENUE	2009-10-02	Two-Way , Not Divided	Unknown	Unknown	Clear	Other	Yes, M/V and Driver Left Scene	No Controls	2	1	Complains Of Pain	2	NA	NA	FALSE	FALSE	Cranston Street and Bellevue Avenue, Providence, RI, USA	FALSE	-71.43405899999999	41.8089239	intersection	geometric_center	cranston st & bellevue ave, providence, ri 02907, usa	NA	NA	NA	NA	41.8089239	-71.43405899999999	Med High	NA
3845	2009-09-28	18094	19:58:00	Pedestrian	1	NA	FALSE	FALSE	1	Hope St.	NA	2009-09-28	Two-Way , Not Divided	Dry	Dusk	Clear	Not a Collision Between Two Motor Vehicles in Transport	No	No Controls	2	1	Complains Of Pain	NA	NA	NA	FALSE	TRUE	Hope St., Providence, RI, USA	FALSE	-71.3993016	41.8403661	route	geometric_center	hope st, providence, ri, usa	NA	NA	NA	NA	41.8403661	-71.3993016	Inaccurate	NA
3846	2009-09-24	17981	12:30:00	Pedestrian	1	NA	FALSE	FALSE	1	1 Hoppin St.	Parking Lot	2009-09-24	Unknown	Dry	Daylight	Clear	Other	No	No Controls	4	0	No Injury	NA	NA	NA	TRUE	FALSE	1 Hoppin St., Providence, RI, USA	FALSE	-71.4108826	41.8159167	premise	rooftop	1 hoppin st, providence, ri 02903, usa	NA	NA	NA	NA	41.8159167	-71.4108826	High	NA
3847	2009-09-24	17997	04:40:00	Bicycle	NA	1	FALSE	FALSE	1	SOUTH MAIN STREET	DOUBLOON STREET	2009-09-24	One-Way Trafficway	Dry	Daylight	Clear	Angle - Direction Not Specified	No	Stop Signs	2	0	No Injury	2	NA	NA	FALSE	FALSE	South Main Street and Doubloon Street, Providence, RI, USA	FALSE	-71.4045743	41.8214602	route	geometric_center	doubloon st, providence, ri 02903, usa	South Main Street & Doubloon Street, Providence, RI, USA	EjhTb3V0aCBNYWluIFN0cmVldCAmIERvdWJsb29uIFN0cmVldCwgUHJvdmlkZW5jZSwgUkksIFVTQSJmImQKFAoSCVdVvUY-ReSJEQVLq2tlnK9IEhQKEglXVb1GPkXkiREFS6trZZyvSBoUChIJxfz7Uz5F5IkRx3FZv-YChPQaFAoSCenO70c-ReSJEV1AY0I_2mgzIgoNnXbtGBW6jnDV	41.8215581	-71.40437179999999	41.8215581	-71.40437179999999	Med	NA
3848	2009-09-24	18004	21:21:00	Bicycle	NA	1	FALSE	FALSE	1	WATERMAN STREET	PROSPECT STREET	2009-09-24	One-Way Trafficway	Dry	Dark - Lighted	Clear	Angle (Front - to - Side) Right Angle (Includes Broadside)	No	Traffic Control Signal	4	0	No Injury	2	NA	NA	FALSE	FALSE	Waterman Street and Prospect Street, Providence, RI, USA	FALSE	-71.40471029999999	41.8269107	intersection	geometric_center	waterman st & prospect st, providence, ri 02906, usa	NA	NA	NA	NA	41.8269107	-71.40471029999999	Med High	NA
3849	2009-09-23	17961	07:52:00	Pedestrian	1	NA	FALSE	FALSE	1	BROAD STREET	LOCKWOOD STREET	2009-09-23	Two-Way , Not Divided	Dry	Daylight	Clear	Other	No	No Controls	2	0	No Injury	2	NA	NA	FALSE	FALSE	Broad Street and Lockwood Street, Providence, RI, USA	FALSE	-71.4159924	41.8129685	route	geometric_center	lockwood st, providence, ri, usa	NA	NA	NA	NA	41.8129685	-71.4159924	Med	NA
3850	2009-09-23	17982	19:50:00	Pedestrian	1	NA	FALSE	FALSE	1	Pocasett ave	Rout 10	2009-09-24	One-Way Trafficway	Dry	Daylight	Clear	Sideswipe, Same Direction	Yes, M/V and Driver Left Scene	No Controls	1	1	Complains Of Pain	2	NA	NA	FALSE	FALSE	Pocasett Ave and Rout 10, Providence, RI, USA	FALSE	-71.448002	41.81344139999999	premise	rooftop	10 pocasset ave, providence, ri 02909, usa	NA	NA	NA	NA	41.81344139999999	-71.448002	Med High	NA
3851	2009-09-21	17924	07:54:00	Pedestrian	1	NA	FALSE	FALSE	1	Branch Ave	Veazie Street	2009-09-21	Two-Way , Not Divided	Dry	Dark - Lighted	Clear	Unknown	Unknown	No Controls	3	1	Complains Of Pain	2	NA	NA	FALSE	FALSE	Branch Ave and Veazie Street, Providence, RI, USA	FALSE	-71.43467450000001	41.8547389	intersection	geometric_center	branch ave & veazie st, providence, ri 02904, usa	NA	NA	NA	NA	41.8547389	-71.43467450000001	Med High	NA
3852	2009-09-20	17897	03:19:00	Pedestrian	1	NA	FALSE	FALSE	1	95 Byfield Street	NA	2009-09-20	Two-Way , Not Divided	Dry	Daylight	Clear	Other	No	No Controls	2	1	Non-Incapacitating	NA	NA	NA	TRUE	TRUE	95 Byfield Street, Providence, RI, USA	FALSE	-71.406314	41.796539	street_address	rooftop	95 byfield st, providence, ri 02905, usa	NA	NA	NA	NA	41.796539	-71.406314	High	NA
3853	2009-09-19	17886	02:51:00	Pedestrian	1	NA	FALSE	FALSE	1	Ritcher	SMITH ST	2009-09-19	Two-Way , Not Divided	Dry	Daylight	Clear	Unknown	No	No Controls	3	1	Complains Of Pain	2	NA	NA	FALSE	FALSE	Ritcher and Smith Street, Providence, RI, USA	FALSE	-71.4297038	41.83608539999999	intersection	geometric_center	richter st & smith st, providence, ri 02908, usa	NA	NA	NA	NA	41.83608539999999	-71.4297038	Med High	NA
3854	2009-09-17	17830	04:07:00	Pedestrian	1	NA	FALSE	FALSE	1	Blackstone Ave	NA	2009-09-17	Two-Way , Not Divided	Dry	Daylight	Clear	Other	No	No Controls	2	1	Complains Of Pain	NA	NA	NA	FALSE	TRUE	Blackstone Ave, Providence, RI, USA	FALSE	-71.4127708	41.8093703	route	geometric_center	blackstone st, providence, ri, usa	NA	NA	NA	NA	41.8093703	-71.4127708	Inaccurate	NA
3855	2009-09-14	17748	01:01:00	Bicycle	NA	1	FALSE	FALSE	1	862 Eddy Street	Swan	2009-09-14	Two-Way , Not Divided	Dry	Daylight	Clear	Other	No	No Controls	2	1	Complains Of Pain	2	NA	NA	TRUE	FALSE	862 Eddy Street, Providence, RI, USA	FALSE	-71.406707	41.80448790000001	premise	rooftop	862 eddy st, providence, ri 02905, usa	NA	NA	NA	NA	41.80448790000001	-71.406707	High	NA
3856	2009-09-14	17764	02:35:00	Pedestrian	1	NA	FALSE	FALSE	1	695 Eddy Street	NA	2009-09-14	Two-Way , Not Divided	Dry	Daylight	Clear	Other	No	No Controls	2	0	No Injury	NA	NA	NA	TRUE	TRUE	695 Eddy Street, Providence, RI, USA	FALSE	-71.407545	41.8091559	premise	rooftop	695 eddy st, providence, ri 02905, usa	NA	NA	NA	NA	41.8091559	-71.407545	High	NA
3857	2009-09-11	17680	04:37:00	Pedestrian	1	NA	FALSE	FALSE	1	722 ATWELLS AVE	NA	2009-09-11	Two-Way, Divided, Positive Median Barrier	Wet	Daylight	Rain	Other	No	No Controls	3	1	Complains Of Pain	NA	NA	NA	TRUE	TRUE	722 Atwells Ave, Providence, RI, USA	FALSE	-71.4408109	41.8245078	premise	rooftop	722 atwells ave, providence, ri 02909, usa	NA	NA	NA	NA	41.8245078	-71.4408109	High	NA
3858	2009-09-11	17688	20:20:00	Pedestrian	1	NA	FALSE	FALSE	1	1050 Chalkstone Avenue	Berlin Street	2009-09-11	Two-Way , Not Divided	Wet	Dark - Not Lighted	Rain	Sideswipe, Same Direction	No	No Controls	3	1	Complains Of Pain	2	NA	NA	TRUE	FALSE	1050 Chalkstone Avenue, Providence, RI, USA	FALSE	-71.442684	41.8321779	premise	rooftop	1050 chalkstone ave, providence, ri 02908, usa	NA	NA	NA	NA	41.8321779	-71.442684	High	NA
3859	2009-09-10	17646	06:52:00	Pedestrian	1	NA	FALSE	FALSE	1	CHALKSTONE AVE	GENEVA ST	2009-09-10	Two-Way , Not Divided	Dry	Dawn	Clear	Other	Yes, M/V and Driver Left Scene	No Controls	3	1	Non-Incapacitating	2	NA	NA	FALSE	FALSE	Chalkstone Ave and Geneva Street, Providence, RI, USA	FALSE	-71.4409323	41.832278	intersection	geometric_center	chalkstone ave & geneva st, providence, ri 02908, usa	NA	NA	NA	NA	41.832278	-71.4409323	Med High	NA
3860	2009-09-10	17650	08:27:00	Pedestrian	1	NA	FALSE	FALSE	1	Douglas Ave	Chalkstone  Ave	2009-09-10	Two-Way , Not Divided	Dry	Daylight	Clear	Head-On (Front - to - Front)	No	No Controls	4	1	Complains Of Pain	2	NA	NA	FALSE	FALSE	Douglas Ave and Chalkstone  Ave, Providence, RI, USA	FALSE	-71.4202644	41.8363536	intersection	geometric_center	chalkstone ave & douglas ave, providence, ri 02908, usa	NA	NA	NA	NA	41.8363536	-71.4202644	Med High	NA
3861	2009-09-10	17653	12:32:00	Pedestrian	1	NA	FALSE	FALSE	1	BROAD	PENNSYLVANIA	2009-09-10	Two-Way, Divided, Unprotected (painted>4feet) Medium	Dry	Daylight	Clear	Sideswipe, Same Direction	Yes, M/V and Driver Left Scene	No Controls	1	1	Complains Of Pain	3	NA	NA	FALSE	FALSE	Broad and Pennsylvania, Providence, RI, USA	FALSE	-71.4339456	41.778574	route	geometric_center	park ave, providence, ri, usa	Broad Street & Pennsylvania Avenue, Providence, RI, USA	EjdCcm9hZCBTdHJlZXQgJiBQZW5uc3lsdmFuaWEgQXZlbnVlLCBQcm92aWRlbmNlLCBSSSwgVVNBImYiZAoUChIJH-USE4lP5IkR2eJtH_oD4z4SFAoSCR_lEhOJT-SJEdnibR_6A-M-GhQKEgmD3n3VjE_kiREsosqTmEsIoxoUChIJS6ioe4lP5IkRAMg8vWOnWooiCg1YyekYFXUhb9U	41.7974616	-71.4137227	41.7974616	-71.4137227	Med	NA
3862	2009-09-10	17833	21:55:00	Pedestrian	1	NA	FALSE	FALSE	1	Washington St	Union St	2009-09-18	Two-Way , Not Divided	Dry	Dark - Lighted	Clear	Other	No	Traffic Control Signal	3	1	Incapacitating	2	NA	NA	FALSE	FALSE	Washington Street and Union Street, Providence, RI, USA	FALSE	-71.4128343	41.8239891	locality	approximate	providence, ri, usa	Washington Street & Union Street, Providence, RI, USA	EjVXYXNoaW5ndG9uIFN0cmVldCAmIFVuaW9uIFN0cmVldCwgUHJvdmlkZW5jZSwgUkksIFVTQSJmImQKFAoSCXvJS8cTReSJEcVp0B49EFpXEhQKEgl7yUvHE0XkiRHFadAePRBaVxoUChIJqdrNnBJF5IkRGgfQlqMSNPYaFAoSCXNAs5UTReSJEZJE18owa50QIgoN_cbtGBWuFm_V	41.8236157	-71.4139986	41.8236157	-71.4139986	Med	NA
3863	2009-09-09	17744	08:00:00	Pedestrian	1	NA	FALSE	FALSE	1	Thurbers Ave	Rugby Street	2009-09-14	Two-Way , Not Divided	Dry	Daylight	Clear	Other	Yes, M/V and Driver Left Scene	No Controls	2	1	Complains Of Pain	2	NA	NA	FALSE	FALSE	Thurbers Ave and Rugby Street, Providence, RI, USA	FALSE	-71.4072534	41.7996465	intersection	geometric_center	thurbers ave & rugby st, providence, ri 02905, usa	NA	NA	NA	NA	41.7996465	-71.4072534	Med High	NA
3864	2009-09-09	17876	13:51:00	Bicycle	NA	1	FALSE	FALSE	1	5th AVE	HIGHLAND AVE	2009-09-19	Two-Way , Not Divided	Dry	Daylight	Clear	Angle (Front - to - Side) Right Angle (Includes Broadside)	No	Stop Signs	2	1	Complains Of Pain	2	NA	NA	FALSE	FALSE	5th Ave and Highland Ave, Providence, RI, USA	FALSE	-71.3993489	41.852353	route	geometric_center	highland ave, providence, ri 02906, usa	NA	NA	NA	NA	41.852353	-71.3993489	Med	NA
3865	2009-09-05	17548	02:10:00	Pedestrian	1	NA	FALSE	FALSE	1	Broadway	Dean	2009-09-05	Two-Way , Not Divided	Dry	Dark - Lighted	Clear	Other	No	Traffic Control Signal	2	1	Complains Of Pain	NA	NA	NA	FALSE	FALSE	Broadway and Dean, Providence, RI, USA	FALSE	-71.4128343	41.8239891	locality	approximate	providence, ri, usa	Broadway & Dean Street, Providence, RI, USA	EitCcm9hZHdheSAmIERlYW4gU3RyZWV0LCBQcm92aWRlbmNlLCBSSSwgVVNBImYiZAoUChIJCcRZtQxF5IkRWJynngBsfzMSFAoSCQnEWbUMReSJEVicp54AbH8zGhQKEgmlteWGdUXkiREawjOx16RvsxoUChIJWwZsfgxF5IkRyLSf36DnQOQiCg38cO0YFWLJbdU	41.821414	-71.42253099999999	41.821414	-71.42253099999999	Med	NA
3866	2009-09-03	17513	10:00:00	Pedestrian	1	NA	FALSE	FALSE	1	SERVICE ROAD #7	WASHINGTON STREET	2009-09-03	One-Way Trafficway	Dry	Daylight	Clear	Other	No	Traffic Control Signal	3	1	Incapacitating	3	NA	NA	FALSE	FALSE	Service Road #7 and Washington Street, Providence, RI, USA	FALSE	-71.4197892	41.8196419	intersection	geometric_center	service rd 1 & washington st, providence, ri 02903, usa	NA	NA	NA	NA	41.8196419	-71.4197892	Med High	NA
3867	2009-09-03	17516	05:50:00	Bicycle	1	NA	FALSE	FALSE	1	Atwells Avenue	NA	2009-09-03	Unknown	Dry	Daylight	Clear	Head-On (Front - to - Front)	Yes, M/V and Driver Left Scene	No Controls	1	1	Complains Of Pain	NA	NA	NA	FALSE	TRUE	Atwells Avenue, Providence, RI, USA	FALSE	-71.4363598	41.8244829	route	geometric_center	atwells ave, providence, ri, usa	NA	NA	NA	NA	41.8244829	-71.4363598	Inaccurate	NA
3868	2009-09-03	17523	10:50:00	Pedestrian	1	NA	FALSE	FALSE	1	Washington Street	Eddy Street	2009-09-04	Two-Way , Not Divided	Dry	Daylight	Clear	Other	No	No Controls	2	0	No Injury	2	NA	NA	FALSE	FALSE	Washington Street and Eddy Street, Providence, RI, USA	FALSE	-71.4072274	41.8059506	route	geometric_center	eddy st, providence, ri, usa	Washington Street & Eddy Street, Providence, RI, USA	EjRXYXNoaW5ndG9uIFN0cmVldCAmIEVkZHkgU3RyZWV0LCBQcm92aWRlbmNlLCBSSSwgVVNBImYiZAoUChIJYTKH6BNF5IkR5kp7LeyaeroSFAoSCWEyh-gTReSJEeZKey3smnq6GhQKEgmp2s2cEkXkiREaB9CWoxI09hoUChIJO0x4GWdF5IkRbcddUVrUSsgiCg1e1-0YFXYtb9U	41.82403499999999	-71.41341539999999	41.82403499999999	-71.41341539999999	Med	NA
3869	2009-09-02	17483	10:35:00	Pedestrian	1	NA	FALSE	FALSE	1	Elmwood Avenue	Potters AVENUE	2009-09-02	Two-Way , Not Divided	Dry	Daylight	Clear	Head-On (Front - to - Front)	Yes, M/V and Driver Left Scene	No Controls	1	1	Complains Of Pain	2	NA	NA	FALSE	FALSE	Elmwood Avenue and Potters Avenue, Providence, RI, USA	FALSE	-71.4263655	41.8015172	intersection	geometric_center	potters ave & elmwood ave, providence, ri 02907, usa	NA	NA	NA	NA	41.8015172	-71.4263655	Med High	NA
3870	2009-09-02	17586	10:16:00	Bicycle	NA	1	FALSE	FALSE	1	College St.	Benefit St.	2009-09-07	Two-Way , Not Divided	Dry	Dark - Lighted	Clear	Other	Yes, M/V and Driver Left Scene	No Controls	1	1	Complains Of Pain	NA	NA	NA	FALSE	FALSE	College St. and Benefit St., Providence, RI, USA	FALSE	-71.4068354	41.8260134	route	geometric_center	benefit st, providence, ri, usa	College St & Benefit St, Providence, RI, USA	EixDb2xsZWdlIFN0ICYgQmVuZWZpdCBTdCwgUHJvdmlkZW5jZSwgUkksIFVTQSJmImQKFAoSCU9Tx9IXReSJEbIwALPQaXiYEhQKEglPU8fSF0XkiRGyMACz0Gl4mBoUChIJ0eXLLRZF5IkR9U78WzXwZD4aFAoSCXnZOAg9ReSJEcX25qoKwlIqIgoNpiTuGBV-LnDV	41.8260134	-71.40683539999999	41.8260134	-71.40683539999999	Med	NA
3871	2009-09-01	17458	14:12:00	Pedestrian	1	NA	FALSE	FALSE	1	270 BROAD ST	NA	2009-09-01	Two-Way, Divided, Unprotected (painted>4feet) Medium	Dry	Daylight	Clear	Angle (Front - to - Side) Same Direction	Yes, M/V and Driver Left Scene	No Controls	1	1	Complains Of Pain	NA	NA	NA	TRUE	TRUE	270 Broad Street, Providence, RI, USA	FALSE	-71.4199958	41.8153081	premise	rooftop	270 broad st, providence, ri 02903, usa	NA	NA	NA	NA	41.8153081	-71.4199958	High	NA
3872	2009-08-31	17441	04:11:00	Pedestrian	1	NA	FALSE	FALSE	1	Broad Street	Hawthorne Rd	2009-08-31	Two-Way , Not Divided	Dry	Daylight	Clear	Head-On (Front - to - Front)	No	Traffic Control Signal	4	1	Complains Of Pain	2	NA	NA	FALSE	FALSE	Broad Street and Hawthorne Rd, Providence, RI, USA	FALSE	-71.4104423	41.7910141	route	geometric_center	hawthorne ave, providence, ri 02907, usa	Broad Street & Hawthorne Rd, Providence, RI, USA	EjBCcm9hZCBTdHJlZXQgJiBIYXd0aG9ybmUgUmQsIFByb3ZpZGVuY2UsIFJJLCBVU0EiZiJkChQKEgn_6hzkjE_kiRG6r_p_qLMXAhIUChIJ_-oc5IxP5IkRuq_6f6izFwIaFAoSCYPefdWMT-SJESyiypOYSwijGhQKEgmL9ZuakU_kiRGp7tn93lykISIKDTIW6RgVNf9v1Q	41.7928754	-71.40804589999999	41.7928754	-71.40804589999999	Med	NA
3873	2009-08-29	17397	01:31:00	Bicycle	NA	1	FALSE	FALSE	1	Valley Street	Amherst Street	2009-08-29	Two-Way , Not Divided	Wet	Dark - Lighted	Rain	Rear End(Front-to-Rear)	No	No Controls	3	1	Complains Of Pain	NA	NA	NA	FALSE	FALSE	Valley Street and Amherst Street, Providence, RI, USA	FALSE	-71.4397657	41.8232566	intersection	geometric_center	valley st & amherst st, providence, ri 02909, usa	NA	NA	NA	NA	41.8232566	-71.4397657	Med High	NA
3874	2009-08-28	17381	04:30:00	Bicycle	NA	1	FALSE	FALSE	1	General Street	Middle Drive	2009-08-28	Two-Way , Not Divided	Wet	Daylight	Rain	Angle (Front - to - Side) Right Angle (Includes Broadside)	No	No Controls	2	1	Non-Incapacitating	1	NA	NA	FALSE	FALSE	General Street and Middle Drive, Providence, RI, USA	FALSE	-71.443657	41.85337800000001	intersection	geometric_center	middle dr & general st, providence, ri 02904, usa	NA	NA	NA	NA	41.85337800000001	-71.443657	Med High	NA
3875	2009-08-27	17350	09:43:00	Pedestrian	1	NA	FALSE	FALSE	1	627 MANTON AVE	NA	2009-08-27	Unknown	Dry	Daylight	Clear	Other	Yes, Driver Left Scene	No Controls	3	1	Complains Of Pain	2	NA	NA	TRUE	TRUE	627 Manton Ave, Providence, RI, USA	FALSE	-71.4609882	41.8277328	premise	rooftop	627 manton ave, providence, ri 02909, usa	NA	NA	NA	NA	41.8277328	-71.4609882	High	NA
3876	2009-08-27	17360	05:40:00	Pedestrian	1	NA	FALSE	FALSE	1	CARTER STREET	HUNTINGTON  AVE	2009-08-27	Two-Way , Not Divided	Dry	Daylight	Clear	Other	Yes, M/V and Driver Left Scene	No Controls	1	1	Non-Incapacitating	2	NA	NA	FALSE	FALSE	Carter Street and Huntington  Ave, Providence, RI, USA	FALSE	-71.4361117	41.8025522	route	geometric_center	huntington ave, providence, ri, usa	Carter Street & Huntington Ave, Providence, RI, USA	EjNDYXJ0ZXIgU3RyZWV0ICYgSHVudGluZ3RvbiBBdmUsIFByb3ZpZGVuY2UsIFJJLCBVU0EiZiJkChQKEglPHOrcgU_kiRF3fIgYmdJAaxIUChIJTxzq3IFP5IkRd3yIGJnSQGsaFAoSCaFldLqBT-SJEVu12wX01sDMGhQKEgkhlGkCfk_kiREGke5D1XMbWCIKDdon6hgVU8Fs1Q	41.799881	-71.4292909	41.799881	-71.4292909	Med	NA