row_number	crash_date	crash_report_id	crash_time	collision_type	count_pedestrian	count_bicycle	scooter	wheel_chair	number_of_vehicles	street_or_highway	nearest_intersection	report_date	type_of_roadway	road_surface_condition	light_condition	weather_condition	manner_of_impact	hit_and_run	traffic_control	person_count	injury_count	most_serious_injury	number_of_lanes	lat_raw	lon_raw	has_st_number	is_intersection_null	address_sent_to_geocoder	is_address_blank	lon_api_first_try	lat_api_first_try	type	loctype	address_returned_by_geocoder	address_returned_by_autocomplete	place_ids_autocompleted	lat_api_second_try	lon_api_second_try	lat_api_best	lon_api_best	api_coord_conf	distance_btwn_coords_meters
3929	2009-06-05	15572	01:00:00	Bicycle	NA	1	FALSE	FALSE	1	PROMENADE	HOLDEN	2009-06-05	One-Way Trafficway	Wet	Daylight	Rain	Angle (Front - to - Side) Right Angle (Includes Broadside)	No	No Controls	2	1	Non-Incapacitating	2	NA	NA	FALSE	FALSE	Promenade and Holden, Providence, RI, USA	FALSE	-71.4186057	41.8312852	route	geometric_center	holden st, providence, ri 02908, usa	Promenade Street & Holden Street, Providence, RI, USA	EjVQcm9tZW5hZGUgU3RyZWV0ICYgSG9sZGVuIFN0cmVldCwgUHJvdmlkZW5jZSwgUkksIFVTQSJmImQKFAoSCeuoQLEPReSJEZiF0gJWyzgmEhQKEgnrqECxD0XkiRGYhdICVss4JhoUChIJV0M8Kg9F5IkR_fqZnkWozgUaFAoSCZnmXkYFReSJEaU2FYsA_-DuIgoNAYfuGBVSLG7V	41.82853130000001	-71.4199982	41.82853130000001	-71.4199982	Med	NA
3930	2009-06-05	15587	04:45:00	Pedestrian	1	NA	FALSE	FALSE	1	Whitmarsh	Elmwood Ave	2009-06-05	Two-Way , Not Divided	Wet	Daylight	Rain	Not a Collision Between Two Motor Vehicles in Transport	No	No Controls	2	1	Complains Of Pain	2	NA	NA	FALSE	FALSE	Whitmarsh and Elmwood Ave, Providence, RI, USA	FALSE	-71.42507549999999	41.8059678	intersection	geometric_center	elmwood ave & whitmarsh st, providence, ri 02907, usa	NA	NA	NA	NA	41.8059678	-71.42507549999999	Med High	NA
3931	2009-05-31	15496	21:26:00	Bicycle	NA	1	FALSE	FALSE	1	672 Plainfield St	Sanford St	2009-06-01	Unknown	Dry	Dark - Lighted	Clear	Not a Collision Between Two Motor Vehicles in Transport	No	No Controls	5	1	Complains Of Pain	NA	NA	NA	TRUE	FALSE	672 Plainfield Street, Providence, RI, USA	FALSE	-71.4612582	41.8118196	premise	rooftop	672 plainfield st, providence, ri 02909, usa	NA	NA	NA	NA	41.8118196	-71.4612582	High	NA
3932	2009-05-29	15437	05:15:00	Pedestrian	1	NA	FALSE	FALSE	1	Silver Spring	Commodore	2009-05-29	Two-Way , Not Divided	Dry	Daylight	Clear	Other	No	No Controls	4	1	Complains Of Pain	2	NA	NA	FALSE	FALSE	Silver Spring and Commodore, Providence, RI, USA	FALSE	-71.4174626	41.8457672	intersection	geometric_center	silver spring st & commodore st, providence, ri 02904, usa	NA	NA	NA	NA	41.8457672	-71.4174626	Med High	NA
3933	2009-05-28	15410	17:05:00	Bicycle	NA	1	FALSE	FALSE	1	Valley St.	Eagle St.	2009-05-28	Two-Way , Not Divided	Dry	Daylight	Clear	Head-On (Front - to - Front)	No	No Controls	3	1	Complains Of Pain	2	NA	NA	FALSE	FALSE	Valley St. and Eagle St., Providence, RI, USA	FALSE	-71.4364099	41.8274251	intersection	geometric_center	valley st & eagle st, providence, ri 02908, usa	NA	NA	NA	NA	41.8274251	-71.4364099	Med High	NA
3934	2009-05-26	15348	12:28:00	Pedestrian	1	NA	FALSE	FALSE	1	373 Benefit St.	NA	2009-05-26	Two-Way , Not Divided	Dry	Daylight	Clear	Other	No	No Controls	2	1	Complains Of Pain	2	NA	NA	TRUE	TRUE	373 Benefit St., Providence, RI, USA	FALSE	-71.40272220000001	41.821861	street_address	rooftop	373 benefit st, providence, ri 02903, usa	NA	NA	NA	NA	41.821861	-71.40272220000001	High	NA
3935	2009-05-22	15275	16:28:00	Bicycle	NA	1	FALSE	FALSE	1	Friendship Street	Dudley Street	2009-05-22	Two-Way , Not Divided	Dry	Daylight	Clear	Head-On (Front - to - Front)	No	No Controls	2	1	Complains Of Pain	2	NA	NA	FALSE	FALSE	Friendship Street and Dudley Street, Providence, RI, USA	FALSE	-71.4203122	41.81063109999999	intersection	geometric_center	dudley st & friendship st, providence, ri 02907, usa	NA	NA	NA	NA	41.81063109999999	-71.4203122	Med High	NA
3936	2009-05-22	15407	04:49:00	Pedestrian	1	NA	FALSE	FALSE	1	218 Manton Avenue	NA	2009-05-28	Two-Way , Not Divided	Dry	Daylight	Clear	Other	No	No Controls	9	1	Complains Of Pain	NA	NA	NA	TRUE	TRUE	218 Manton Avenue, Providence, RI, USA	FALSE	-71.4480166	41.82092840000001	premise	rooftop	218 manton ave, providence, ri 02909, usa	NA	NA	NA	NA	41.82092840000001	-71.4480166	High	NA
3937	2009-05-21	15252	05:32:00	Bicycle	NA	1	FALSE	FALSE	1	Cranston St	Huntington Ave	2009-05-21	Two-Way , Not Divided	Dry	Daylight	Clear	Other	No	Traffic Control Signal	2	1	Non-Incapacitating	2	NA	NA	FALSE	FALSE	Cranston Street and Huntington Ave, Providence, RI, USA	FALSE	-71.4392216	41.80375230000001	intersection	geometric_center	cranston st & huntington ave, providence, ri 02907, usa	NA	NA	NA	NA	41.80375230000001	-71.4392216	Med High	NA
3938	2009-05-21	15255	20:11:00	Pedestrian	1	NA	FALSE	FALSE	1	Cleveland St.	NA	2009-05-21	Two-Way , Not Divided	Dry	Daylight	Clear	Angle (Front - to - Side) Right Angle (Includes Broadside)	Yes, M/V and Driver Left Scene	No Controls	1	1	Complains Of Pain	1	NA	NA	FALSE	TRUE	Cleveland St., Providence, RI, USA	FALSE	-71.456284	41.81583	route	geometric_center	cleveland st, providence, ri 02909, usa	NA	NA	NA	NA	41.81583	-71.456284	Inaccurate	NA
3939	2009-05-21	15257	05:21:00	Bicycle	NA	1	FALSE	FALSE	1	Smith St	Gaspee St	2009-05-21	Two-Way , Not Divided	Dry	Daylight	Clear	Other	No	Traffic Control Signal	4	1	Non-Incapacitating	2	NA	NA	FALSE	FALSE	Smith Street and Gaspee Street, Providence, RI, USA	FALSE	-71.4128107	41.8315462	intersection	geometric_center	gaspee st & smith st, providence, ri 02908, usa	NA	NA	NA	NA	41.8315462	-71.4128107	Med High	NA
3940	2009-05-20	15238	17:13:00	Pedestrian	1	NA	FALSE	FALSE	1	863 Broad Street	NA	2009-05-21	Two-Way , Not Divided	Dry	Daylight	Clear	Angle (Front - to - Side) Right Angle (Includes Broadside)	Yes, M/V and Driver Left Scene	No Controls	3	1	Complains Of Pain	NA	NA	NA	TRUE	TRUE	863 Broad Street, Providence, RI, USA	FALSE	-71.4176374	41.8002511	premise	rooftop	863 broad st, providence, ri 02907, usa	NA	NA	NA	NA	41.8002511	-71.4176374	High	NA
3941	2009-05-19	15206	05:59:00	Pedestrian	1	NA	FALSE	FALSE	1	Broad Street	Pearl Street	2009-05-19	Two-Way, Divided, Unprotected (painted>4feet) Medium	Dry	Daylight	Clear	Other	No	No Controls	3	1	Complains Of Pain	2	NA	NA	FALSE	FALSE	Broad Street and Pearl Street, Providence, RI, USA	FALSE	-71.4128343	41.8239891	locality	approximate	providence, ri, usa	Broad Street & Pearl Street, Providence, RI, USA	EjBCcm9hZCBTdHJlZXQgJiBQZWFybCBTdHJlZXQsIFByb3ZpZGVuY2UsIFJJLCBVU0EiZiJkChQKEgk1O0-ncUXkiRHr2v1gzR_JJxIUChIJNTtPp3FF5IkR69r9YM0fyScaFAoSCYPefdWMT-SJESyiypOYSwijGhQKEgkNm4U0bkXkiRG6oe115UpVCiIKDYVt7BgVkQZu1Q	41.8147717	-71.4209647	41.8147717	-71.4209647	Med	NA
3942	2009-05-19	15207	06:45:00	Pedestrian	1	NA	TRUE	FALSE	1	Broad Street	Lexington Street	2009-05-19	Two-Way, Divided, Unprotected (painted>4feet) Medium	Dry	Daylight	Clear	Other	Yes, M/V and Driver Left Scene	No Controls	1	1	Non-Incapacitating	2	NA	NA	FALSE	FALSE	Broad Street and Lexington Street, Providence, RI, USA	FALSE	-71.4827194	42.0048746	route	geometric_center	lexington st, woonsocket, ri 02895, usa	NA	NA	NA	NA	42.0048746	-71.4827194	Med	NA
3943	2009-05-18	15178	19:03:00	Bicycle	NA	1	FALSE	FALSE	1	Broad Street	Gallatin Street	2009-05-18	Two-Way , Not Divided	Dry	Daylight	Clear	Unknown	Yes, M/V and Driver Left Scene	Stop Signs	3	1	Complains Of Pain	NA	NA	NA	FALSE	FALSE	Broad Street and Gallatin Street, Providence, RI, USA	FALSE	-71.4190846	41.7955027	route	geometric_center	gallatin st, providence, ri 02907, usa	Broad Street & Gallatin Street, Providence, RI, USA	EjNCcm9hZCBTdHJlZXQgJiBHYWxsYXRpbiBTdHJlZXQsIFByb3ZpZGVuY2UsIFJJLCBVU0EiZiJkChQKEgkJfhJriU_kiRF5clWaMemS_xIUChIJCX4Sa4lP5IkReXJVmjHpkv8aFAoSCYPefdWMT-SJESyiypOYSwijGhQKEgkzIpfyhU_kiRFAHtABKE4PdCIKDRLB6RgVZCtv1Q	41.7972498	-71.4134684	41.7972498	-71.4134684	Med	NA
3944	2009-05-15	15109	18:36:00	Pedestrian	2	NA	FALSE	FALSE	1	746 Broad Street	Stanwood	2009-05-15	Two-Way , Not Divided	Dry	Daylight	Clear	Head-On (Front - to - Front)	No	No Controls	5	2	Complains Of Pain	2	NA	NA	TRUE	FALSE	746 Broad Street, Providence, RI, USA	FALSE	-71.4187609	41.8040493	premise	rooftop	746 broad st, providence, ri 02905, usa	NA	NA	NA	NA	41.8040493	-71.4187609	High	NA
3945	2009-05-14	15084	06:05:00	Pedestrian	1	NA	FALSE	FALSE	1	Unit St	Maynard St.	2009-05-14	Two-Way , Not Divided	Dry	Daylight	Cloudy	Unknown	No	No Controls	4	1	Complains Of Pain	2	NA	NA	FALSE	FALSE	Unit Street and Maynard St., Providence, RI, USA	FALSE	-71.454567	41.8277049	intersection	geometric_center	maynard st & unit st, providence, ri 02909, usa	NA	NA	NA	NA	41.8277049	-71.454567	Med High	NA
3946	2009-05-09	14955	04:57:00	Bicycle	NA	1	FALSE	FALSE	1	ANDEM STREET	GENEVA STREET	2009-05-09	Two-Way , Not Divided	Dry	Daylight	Cloudy	Head-On (Front - to - Front)	No	No Controls	2	1	Non-Incapacitating	2	NA	NA	FALSE	FALSE	Andem Street and Geneva Street, Providence, RI, USA	FALSE	-71.4406663	41.8307307	intersection	geometric_center	andem st & geneva st, providence, ri 02908, usa	NA	NA	NA	NA	41.8307307	-71.4406663	Med High	NA
3947	2009-05-08	14926	14:48:00	Pedestrian	1	NA	FALSE	FALSE	1	1051 SMITH ST	MERIDIAN ST	2009-05-08	Two-Way , Not Divided	Dry	Daylight	Clear	Head-On (Front - to - Front)	No	No Controls	3	1	Complains Of Pain	2	NA	NA	TRUE	FALSE	1051 Smith Street, Providence, RI, USA	FALSE	-71.4466089	41.8434585	street_address	range_interpolated	1051 smith st, providence, ri 02908, usa	NA	NA	NA	NA	41.8434585	-71.4466089	High	NA
3948	2009-05-08	14933	21:47:00	Pedestrian	1	NA	FALSE	FALSE	1	572 Cranston st	NA	2009-05-08	Two-Way , Not Divided	Dry	Dark - Lighted	Clear	Head-On (Front - to - Front)	No	No Controls	4	1	Complains Of Pain	2	NA	NA	TRUE	TRUE	572 Cranston Street, Providence, RI, USA	FALSE	-71.4347334	41.8079784	street_address	rooftop	572 cranston st, providence, ri 02907, usa	NA	NA	NA	NA	41.8079784	-71.4347334	High	NA
3949	2009-05-08	14936	10:25:00	Pedestrian	2	NA	FALSE	FALSE	1	79 WASHINGTON STREET	NA	2009-05-08	Two-Way, Divided, Unprotected (painted>4feet) Medium	Dry	Dark - Lighted	Clear	Head-On (Front - to - Front)	No	Traffic Control Signal	4	2	Incapacitating	2	NA	NA	TRUE	TRUE	79 Washington Street, Providence, RI, USA	FALSE	-71.4142177	41.8235705	street_address	rooftop	79 washington st, providence, ri 02903, usa	NA	NA	NA	NA	41.8235705	-71.4142177	High	NA
3950	2009-05-07	14909	21:25:00	Pedestrian	1	NA	FALSE	FALSE	1	Cranston St	HANOVER ST	2009-05-07	Two-Way , Not Divided	Wet	Dark - Lighted	Sleet, Hail (Freezing Rain or Drizzle)	Other	No	No Controls	2	1	Complains Of Pain	2	NA	NA	FALSE	FALSE	Cranston Street and Hanover Street, Providence, RI, USA	FALSE	-71.4335598	41.80949100000001	intersection	geometric_center	cranston st & hanover st, providence, ri 02907, usa	NA	NA	NA	NA	41.80949100000001	-71.4335598	Med High	NA
3951	2009-05-03	14820	05:18:00	Pedestrian	1	NA	FALSE	FALSE	1	811 CHARLES STREET	NA	2009-05-03	Two-Way , Not Divided	Dry	Daylight	Cloudy	Not a Collision Between Two Motor Vehicles in Transport	Yes, M/V and Driver Left Scene	No Controls	2	1	Complains Of Pain	2	NA	NA	TRUE	TRUE	811 Charles Street, Providence, RI, USA	FALSE	-71.4213741	41.8585965	street_address	rooftop	811 charles st, providence, ri 02904, usa	NA	NA	NA	NA	41.8585965	-71.4213741	High	NA
3952	2009-05-02	14782	09:58:00	Pedestrian	1	NA	FALSE	FALSE	1	396 Elmwood Ave	Potters Ave	2009-05-02	Two-Way , Not Divided	Dry	Daylight	Cloudy	Other	No	Traffic Control Signal	3	1	Complains Of Pain	2	NA	NA	TRUE	FALSE	396 Elmwood Ave, Providence, RI, USA	FALSE	-71.4261939	41.8013004	street_address	rooftop	396 elmwood ave, providence, ri 02907, usa	NA	NA	NA	NA	41.8013004	-71.4261939	High	NA
3953	2009-05-01	14734	01:33:00	Pedestrian	1	NA	FALSE	FALSE	1	Smith Street	NA	2009-05-01	Two-Way , Not Divided	Dry	Dark - Lighted	Clear	Head-On (Front - to - Front)	No	No Controls	5	1	Complains Of Pain	2	NA	NA	FALSE	TRUE	Smith Street, Providence, RI, USA	FALSE	-71.4433053	41.8418141	route	geometric_center	smith st, providence, ri, usa	NA	NA	NA	NA	41.8418141	-71.4433053	Inaccurate	NA
3954	2009-05-01	14835	19:17:00	Pedestrian	1	NA	FALSE	FALSE	1	142 Hanover St	Cranston St	2009-05-04	Two-Way , Not Divided	Dry	Daylight	Clear	Other	Yes, M/V and Driver Left Scene	No Controls	1	1	Complains Of Pain	2	NA	NA	TRUE	FALSE	142 Hanover Street, Providence, RI, USA	FALSE	-71.4304504	41.8084863	premise	rooftop	142 hanover st, providence, ri 02907, usa	NA	NA	NA	NA	41.8084863	-71.4304504	High	NA
3955	2009-04-30	14725	05:42:00	Pedestrian	1	NA	FALSE	FALSE	1	135 Putnam St.	Atwells Ave.	2009-04-30	Two-Way , Not Divided	Dry	Dusk	Clear	Other	No	No Controls	2	1	Complains Of Pain	2	NA	NA	TRUE	FALSE	135 Putnam St., Providence, RI, USA	FALSE	-71.4436438	41.8240148	premise	rooftop	135 putnam st, providence, ri 02909, usa	NA	NA	NA	NA	41.8240148	-71.4436438	High	NA
3956	2009-04-25	15203	17:34:00	Bicycle	1	NA	FALSE	FALSE	1	BROAD ST	BYFIELD	2009-05-19	Two-Way , Not Divided	Dry	Daylight	Clear	Angle (Front - to - Side) Same Direction	No	No Controls	3	1	Complains Of Pain	NA	NA	NA	FALSE	FALSE	Broad Street and Byfield, Providence, RI, USA	FALSE	-71.4076687	41.7955719	route	geometric_center	byfield st, providence, ri 02905, usa	Broad Street & Byfield Street, Providence, RI, USA	EjJCcm9hZCBTdHJlZXQgJiBCeWZpZWxkIFN0cmVldCwgUHJvdmlkZW5jZSwgUkksIFVTQSJmImQKFAoSCa0TWW-MT-SJEZOOXfqCQfLREhQKEgmtE1lvjE_kiRGTjl36gkHy0RoUChIJg9591YxP5IkRLKLKk5hLCKMaFAoSCY1ZykOLT-SJEWKscOMXN-zsIgoN7lDpGBVYtm_V	41.794379	-71.4099112	41.794379	-71.4099112	Med	NA
3957	2009-04-19	14454	22:03:00	Bicycle	1	NA	FALSE	FALSE	1	Potters Avenue	Bucklin Street	2009-04-19	Two-Way, Divided, Unprotected (painted>4feet) Medium	Dry	Dark - Lighted	Clear	Other	Yes, M/V and Driver Left Scene	Traffic Control Signal	2	0	Unknown	1	NA	NA	FALSE	FALSE	Potters Avenue and Bucklin Street, Providence, RI, USA	FALSE	-71.4276517	41.8017719	intersection	geometric_center	bucklin st & potters ave, providence, ri 02907, usa	NA	NA	NA	NA	41.8017719	-71.4276517	Med High	NA
3958	2009-04-18	14439	14:02:00	Other	NA	NA	TRUE	FALSE	2	Atwells	Mt Pleasant	2009-04-19	Two-Way , Not Divided	Dry	Daylight	Clear	Sideswipe, Same Direction	Yes, M/V and Driver Left Scene	Traffic Control Signal	2	0	No Injury	NA	NA	NA	FALSE	FALSE	Atwells and Mt Pleasant, Providence, RI, USA	FALSE	-71.4486537	41.8250697	intersection	geometric_center	mt pleasant ave & atwells ave, providence, ri 02909, usa	NA	NA	NA	NA	41.8250697	-71.4486537	Med High	NA
3959	2009-04-18	14455	23:08:00	Pedestrian	1	NA	FALSE	FALSE	1	College St	South Main St	2009-04-20	Two-Way , Not Divided	Dry	Dark - Lighted	Clear	Other	Yes, M/V and Driver Left Scene	Traffic Control Signal	3	1	Incapacitating	2	NA	NA	FALSE	FALSE	College Street and South Main Street, Providence, RI, USA	FALSE	-71.4037098	41.8208275	route	geometric_center	s main st, providence, ri 02903, usa	College Street & South Main Street, Providence, RI, USA	EjdDb2xsZWdlIFN0cmVldCAmIFNvdXRoIE1haW4gU3RyZWV0LCBQcm92aWRlbmNlLCBSSSwgVVNBImYiZAoUChIJD1urSRZF5IkRzGbOghZosXsSFAoSCQ9bq0kWReSJEcxmzoIWaLF7GhQKEgnR5cstFkXkiRH1TvxbNfBkPhoUChIJxfz7Uz5F5IkRx3FZv-YChPQiCg2TF-4YFdUHcNU	41.8256787	-71.4078251	41.8256787	-71.4078251	Med	NA
3960	2009-04-17	14397	12:34:00	Pedestrian	1	NA	FALSE	FALSE	1	850 Manton Ave	NA	2009-04-17	Unknown	Dry	Daylight	Clear	Angle (Front - to - Side) Same Direction	No	No Controls	3	1	Complains Of Pain	NA	NA	NA	TRUE	TRUE	850 Manton Ave, Providence, RI, USA	FALSE	-71.46590429999999	41.8329814	premise	rooftop	850 manton ave, providence, ri 02909, usa	NA	NA	NA	NA	41.8329814	-71.46590429999999	High	NA
3961	2009-04-17	14410	18:46:00	Pedestrian	1	NA	FALSE	FALSE	1	88 Fillmore	Admiral	2009-04-17	Two-Way , Not Divided	Dry	Daylight	Clear	Other	No	No Controls	2	1	Complains Of Pain	NA	NA	NA	TRUE	FALSE	88 Fillmore, Providence, RI, USA	FALSE	-71.4212372	41.8389663	street_address	range_interpolated	88 fillmore st, providence, ri 02908, usa	NA	NA	NA	NA	41.8389663	-71.4212372	High	NA
3962	2009-04-17	14411	19:29:00	Bicycle	NA	1	FALSE	FALSE	1	SOUTH MAIN ST	COLLEGE ST.	2009-04-17	One-Way Trafficway	Dry	Dusk	Clear	Sidwswipe, Opposite Direction	No	Traffic Control Signal	3	1	Non-Incapacitating	2	NA	NA	FALSE	FALSE	South Main Street and College St., Providence, RI, USA	FALSE	-71.4078251	41.8256787	intersection	geometric_center	s main st & college st, providence, ri 02903, usa	NA	NA	NA	NA	41.8256787	-71.4078251	Med High	NA
3963	2009-04-16	14503	16:07:00	Pedestrian	1	NA	FALSE	FALSE	1	Veazie Street	Branch Avenue	2009-04-21	Two-Way, Divided, Unprotected (painted>4feet) Medium	Dry	Daylight	Clear	Head-On (Front - to - Front)	No	Traffic Control Signal	4	1	Incapacitating	2	NA	NA	FALSE	FALSE	Veazie Street and Branch Avenue, Providence, RI, USA	FALSE	-71.43467450000001	41.8547389	intersection	geometric_center	branch ave & veazie st, providence, ri 02904, usa	NA	NA	NA	NA	41.8547389	-71.43467450000001	Med High	NA
3964	2009-04-11	14334	03:00:00	Pedestrian	1	NA	FALSE	FALSE	1	Plainfield St	Webster	2009-04-14	Two-Way , Not Divided	Dry	Dark - Lighted	Clear	Other	Yes, M/V and Driver Left Scene	No Controls	2	1	Complains Of Pain	NA	NA	NA	FALSE	FALSE	Plainfield Street and Webster, Providence, RI, USA	FALSE	-71.4643452	41.8067161	route	geometric_center	plainfield st, rhode island, usa	Plainfield Street & Webster Avenue, Providence, RI, USA	EjdQbGFpbmZpZWxkIFN0cmVldCAmIFdlYnN0ZXIgQXZlbnVlLCBQcm92aWRlbmNlLCBSSSwgVVNBImYiZAoUChIJhfKN-IxF5IkReQPRR0gis4ASFAoSCYXyjfiMReSJEXkD0UdIIrOAGhQKEglXH2JTWE_kiRE2TGXVyzvSTBoUChIJS09WK4pF5IkRBU8Q-9SIQj4iCg1eQuwYFXR5adU	41.813667	-71.4507916	41.813667	-71.4507916	Med	NA
3965	2009-04-10	14259	11:03:00	Bicycle	NA	1	FALSE	FALSE	1	Steeple Street	NA	2009-04-10	One-Way Trafficway	Dry	Daylight	Clear	Angle (Front - to - Side) Same Direction	No	Traffic Control Signal	3	1	Non-Incapacitating	2	NA	NA	FALSE	TRUE	Steeple Street, Providence, RI, USA	FALSE	-71.409299	41.8273889	route	geometric_center	steeple st, providence, ri 02903, usa	NA	NA	NA	NA	41.8273889	-71.409299	Inaccurate	NA
3966	2009-04-10	14269	04:13:00	Bicycle	NA	1	FALSE	FALSE	1	North Main St	Cypress St	2009-04-10	Two-Way, Divided, Positive Median Barrier	Dry	Daylight	Cloudy	Angle (Front - to - Side) Right Angle (Includes Broadside)	No	Traffic Control Signal	2	1	Non-Incapacitating	4	NA	NA	FALSE	FALSE	North Main Street and Cypress Street, Providence, RI, USA	FALSE	-71.4019729	41.841889	route	geometric_center	cypress st, providence, ri, usa	North Main Street & Cypress Street, Providence, RI, USA	EjdOb3J0aCBNYWluIFN0cmVldCAmIEN5cHJlc3MgU3RyZWV0LCBQcm92aWRlbmNlLCBSSSwgVVNBImYiZAoUChIJb9SHxuBE5IkRrHjPeWDDHKgSFAoSCW_Uh8bgROSJEax4z3lgwxyoGhQKEgn5-kE93kTkiRFf162-DVwjPxoUChIJd8X1hd5E5IkRUdBDgMYo3IAiCg1KlfAYFfUJcNU	41.8420042	-71.40777070000001	41.8420042	-71.40777070000001	Med	NA
3967	2009-04-10	14271	19:45:00	Pedestrian	1	NA	FALSE	FALSE	1	460 SMITH ST	CHALKSTONE AVE	2009-04-10	Two-Way, Divided, Unprotected (painted>4feet) Medium	Dry	Dark - Lighted	Cloudy	Other	No	No Controls	6	1	Incapacitating	2	NA	NA	TRUE	FALSE	460 Smith Street, Providence, RI, USA	FALSE	-71.4264456	41.8352609	premise	rooftop	460 smith st, providence, ri 02908, usa	NA	NA	NA	NA	41.8352609	-71.4264456	High	NA
3968	2009-04-10	14272	17:20:00	Pedestrian	1	NA	FALSE	FALSE	1	14 Pleasant Valley Pkwy	Kinsley Ave	2009-04-10	Two-Way, Divided, Unprotected (painted>4feet) Medium	Dry	Dusk	Clear	Other	Yes, M/V and Driver Left Scene	No Controls	3	1	Complains Of Pain	4	NA	NA	TRUE	FALSE	14 Pleasant Valley Pkwy, Providence, RI, USA	FALSE	-71.4274549	41.8297213	premise	rooftop	14 pleasant valley pkwy, providence, ri 02908, usa	NA	NA	NA	NA	41.8297213	-71.4274549	High	NA
3969	2009-04-08	14218	08:17:00	Pedestrian	1	NA	FALSE	FALSE	1	MEMORIAL BLVD	WASHINGTON PL	2009-04-08	Two-Way, Divided, Positive Median Barrier	Dry	Daylight	Clear	Other	No	Traffic Control Signal	4	0	No Injury	2	NA	NA	FALSE	FALSE	Memorial Blvd and Washington Pl, Providence, RI, USA	FALSE	-71.41016259999999	41.8263513	intersection	geometric_center	memorial blvd & washington pl, providence, ri 02903, usa	NA	NA	NA	NA	41.8263513	-71.41016259999999	Med High	NA
3970	2009-03-31	14170	06:04:00	Pedestrian	1	NA	FALSE	FALSE	1	432 Plainfield St	Viola St	2009-04-06	Two-Way, Divided, Positive Median Barrier	Dry	Daylight	Clear	Other	No	No Controls	4	1	Complains Of Pain	NA	NA	NA	TRUE	FALSE	432 Plainfield Street, Providence, RI, USA	FALSE	-71.4527323	41.8134007	premise	rooftop	432 plainfield st, providence, ri 02909, usa	NA	NA	NA	NA	41.8134007	-71.4527323	High	NA
3971	2009-03-28	13948	02:08:00	Pedestrian	1	NA	FALSE	FALSE	1	Atwells Ave	Piedmont Street	2009-03-28	Two-Way , Not Divided	Dry	Dark - Lighted	Clear	Other	Yes, M/V and Driver Left Scene	No Controls	4	1	Complains Of Pain	2	NA	NA	FALSE	FALSE	Atwells Ave and Piedmont Street, Providence, RI, USA	FALSE	-71.4310715	41.8239022	intersection	geometric_center	atwells ave & piedmont st, providence, ri 02909, usa	NA	NA	NA	NA	41.8239022	-71.4310715	Med High	NA
3972	2009-03-26	13900	09:10:00	Pedestrian	1	NA	FALSE	FALSE	1	5 BENEFIT STREET	NORTH MAIN STREET	2009-03-26	One-Way Trafficway	Dry	Daylight	Clear	Head-On (Front - to - Front)	No	Traffic Control Signal	2	1	Complains Of Pain	2	NA	NA	TRUE	FALSE	5 Benefit Street, Providence, RI, USA	FALSE	-71.4096113	41.8347623	premise	rooftop	5 benefit st, providence, ri 02904, usa	NA	NA	NA	NA	41.8347623	-71.4096113	High	NA
3973	2009-03-23	13841	12:41:00	Bicycle	NA	1	FALSE	FALSE	1	Brook Street	Arnold Street	2009-03-23	Two-Way, Divided, Unprotected (painted>4feet) Medium	Dry	Dark - Lighted	Clear	Angle - Direction Not Specified	No	Stop Signs	2	0	No Injury	NA	NA	NA	FALSE	FALSE	Brook Street and Arnold Street, Providence, RI, USA	FALSE	-71.3978669	41.8211665	route	geometric_center	arnold st, providence, ri, usa	Brook Street & Arnold Street, Providence, RI, USA	EjFCcm9vayBTdHJlZXQgJiBBcm5vbGQgU3RyZWV0LCBQcm92aWRlbmNlLCBSSSwgVVNBImYiZAoUChIJ4Z6IazlF5IkRRt8IOe0bo-4SFAoSCeGeiGs5ReSJEUbfCDntG6PuGhQKEgmbZn1yO0XkiRF1hochEHgAaBoUChIJj_EscDlF5IkR0HP2p-YpxVAiCg31Ze0YFZJ2cdU	41.8211317	-71.3984366	41.8211317	-71.3984366	Med	NA
3974	2009-03-23	13854	05:20:00	Pedestrian	1	NA	FALSE	FALSE	1	Westminster	RT 10 south	2009-03-23	Two-Way , Not Divided	Dry	Daylight	Clear	Head-On (Front - to - Front)	No	No Controls	2	1	Complains Of Pain	2	NA	NA	FALSE	FALSE	Westminster and Rt 10 South, Providence, RI, USA	FALSE	-71.4128343	41.8239891	locality	approximate	providence, ri, usa	NA	NA	NA	NA	41.8239891	-71.4128343	Med	NA
3975	2009-03-22	13822	01:08:00	Pedestrian	1	NA	FALSE	FALSE	1	Eaton Street	Huxley	2009-03-22	Two-Way , Not Divided	Dry	Dark - Lighted	Clear	Other	No	No Controls	2	0	No Injury	2	NA	NA	FALSE	FALSE	Eaton Street and Huxley, Providence, RI, USA	FALSE	-71.43359099999999	41.8415128	intersection	geometric_center	eaton st & huxley ave, providence, ri 02908, usa	NA	NA	NA	NA	41.8415128	-71.43359099999999	Med High	NA
3976	2009-03-22	13830	18:09:00	Pedestrian	2	NA	FALSE	FALSE	1	Atwells Avenue	Valley Street	2009-03-22	Two-Way , Not Divided	Dry	Daylight	Clear	Head-On (Front - to - Front)	No	No Controls	4	2	Complains Of Pain	NA	NA	NA	FALSE	FALSE	Atwells Avenue and Valley Street, Providence, RI, USA	FALSE	-71.4394736	41.8245768	intersection	geometric_center	valley st & atwells ave, providence, ri 02908, usa	NA	NA	NA	NA	41.8245768	-71.4394736	Med High	NA
3977	2009-03-18	13730	14:22:00	Pedestrian	1	NA	FALSE	FALSE	1	Westminster St	Union St	2009-03-18	One-Way Trafficway	Dry	Daylight	Clear	Other	Yes, M/V and Driver Left Scene	No Controls	1	1	Complains Of Pain	1	NA	NA	FALSE	FALSE	Westminster Street and Union Street, Providence, RI, USA	FALSE	-71.41287729999999	41.8227506	intersection	geometric_center	union st & westminster st, providence, ri 02903, usa	NA	NA	NA	NA	41.8227506	-71.41287729999999	Med High	NA
3978	2009-03-16	13679	12:15:00	Pedestrian	1	NA	FALSE	FALSE	1	51 SILVER SPRING ST	NA	2009-03-16	Two-Way , Not Divided	Dry	Daylight	Clear	Other	No	No Controls	2	1	Complains Of Pain	NA	NA	NA	TRUE	TRUE	51 Silver Spring Street, Providence, RI, USA	FALSE	-71.4166633	41.8454522	premise	rooftop	51 silver spring st, providence, ri 02904, usa	NA	NA	NA	NA	41.8454522	-71.4166633	High	NA